Time (s),Indentation force (mN),Displacement (nm)
0,0,0
1,0.065365,78.15332001
1.2,0.82858,214.152849
1.4,1.845425,246.721828
1.6,2.844798,280.2537929
1.8,3.844784,331.9287872
2,4.844787,356.5977816
2.2,5.841832,377.8292027
2.4,6.839534,394.2273001
2.6,7.840955,406.1751878
2.8,8.844892,437.561989
3,9.844737,464.9058942
3.2,10.844847,488.6124565
3.4,11.84478,487.6676853
3.6,12.844811,504.6148143
3.8,13.844656,531.4266269
4,14.844705,555.6186374
4.2,15.844584,572.8566267
4.4,16.844751,569.2314729
4.6,17.84476,590.7478053
4.8,18.844629,612.5310284
5,19.844753,642.0384313
5.2,20.84463,653.6843716
5.4,21.844562,647.3129993
5.6,22.844596,673.3368083
5.8,23.844527,692.1177882
6,24.844475,713.802823
6.2,25.844404,713.0082912
6.4,26.84441,708.7595357
6.6,27.84459,732.591577
6.8,28.844379,746.725439
7,29.844468,770.4637114
7.2,30.84439,774.3445718
7.4,31.844441,767.8730381
7.6,32.844428,796.2315024
7.8,33.844457,813.5544935
8,34.84446,827.3520845
8.2,35.844025,823.3693567
8.4,36.844481,831.5503416
8.6,37.844532,845.2907897
8.8,38.844615,864.1861396
9,39.844608,884.4941308
9.2,40.844599,877.0633255
9.4,41.844629,885.8277765
9.6,42.844672,895.0594902
9.8,43.844677,910.4481681
10,44.8446,917.6093231
10.2,45.844558,907.9349644
10.4,46.844606,929.04524
10.6,47.844519,941.3844235
10.8,48.8446,967.9523636
11,50.350379,984.61403
12,50.476693,982.1934125
13,50.476693,993.2176817
14,50.476693,1004.184985
15,50.476693,1001.575878
16,50.476693,999.5028347
17,50.476693,1003.396132
18,50.476693,1007.53008
19,50.476693,1009.58852
20,50.476693,1012.201169
21,50.476693,1006.962642
22,50.476693,1010.16331
23,50.476693,1022.539278
24,50.476693,1023.86458
25,50.476693,1027.441169
26,50.476693,1033.404177
27,50.476693,1031.532403
28,50.476693,1026.131936
29,50.476693,1027.928654
30,50.476693,1028.805287
31,50.476693,1025.552455
32,50.476693,1034.536564
33,50.476693,1026.772189
34,50.476693,1033.656805
35,50.476693,1038.783637
36,50.476693,1042.772568
37,50.476693,1044.218639
38,50.476693,1046.685454
39,50.476693,1048.439169
40,50.476693,1053.877119
41,50.476693,1063.522063
42,50.476693,1059.914013
43,50.476693,1060.836124
44,50.476693,1063.759036
45,50.476693,1061.703491
46,50.476693,1060.722344
47,50.476693,1057.472365
48,50.476693,1052.013541
49,50.476693,1051.200675
50,50.476693,1058.043131
51,50.476693,1059.884219
52,50.476693,1054.716775
53,50.476693,1056.451778
54,50.476693,1054.505797
55,50.476693,1055.195171
56,50.476693,1059.728327
57,50.476693,1056.810484
58,50.476693,1058.162126
59,50.476693,1055.865302
60,50.476693,1059.122474
61,50.476693,1058.195006
62,50.476693,1063.458856
63,50.476693,1056.670918
64,50.476693,1064.976673
65,50.476693,1063.199124
66,50.476693,1065.530461
67,50.476693,1059.535799
68,50.476693,1048.842893
69,50.476693,1051.015993
70,50.476693,1049.782525
71,50.476693,1047.572068
72,50.476693,1056.941035
73,50.476693,1051.757792
74,50.476693,1050.841723
75,50.476693,1049.929402
76,50.476693,1048.205676
77,50.476693,1056.40834
78,50.476693,1053.314478
79,50.476693,1043.671233
80,50.476693,1052.349678
81,50.476693,1051.310219
82,50.476693,1048.17845
83,50.476693,1048.245932
84,50.476693,1048.428963
85,50.476693,1041.303612
86,50.476693,1032.096057
87,50.476693,1039.58951
88,50.476693,1040.930243
89,50.476693,1036.494042
90,50.476693,1035.829856
91,50.476693,1018.007397
92,50.476693,1008.576006
93,50.476693,1006.285993
94,50.476693,1007.676781
95,50.476693,1012.036212
96,50.476693,1017.135138
97,50.476693,1019.024861
98,50.476693,1017.071701
99,50.476693,1019.204618
100,50.476693,1022.179496
101,50.476693,1019.300815
102,50.476693,1015.070834
103,50.476693,1013.453819
104,50.476693,1011.372008
105,50.476693,1006.89227
106,50.476693,1014.10034
107,50.476693,1021.462255
108,50.476693,1016.990227
109,50.476693,1011.331636
110,50.476693,1014.222567
111,50.476693,1015.440798
112,50.476693,1013.15343
113,50.476693,1017.603648
114,50.476693,1019.4826
115,50.476693,1014.242773
116,50.476693,1021.190207
117,50.476693,1024.40829
118,50.476693,1019.058963
119,50.476693,1014.483232
120,50.476693,1016.238329
121,50.476693,1013.468815
122,50.476693,1016.639147
123,50.476693,1014.379526
124,50.476693,1003.641241
125,50.476693,999.9047613
126,50.476693,1000.090928
127,50.476693,1005.790376
128,50.476693,1004.362009
129,50.476693,1008.471341
130,50.476693,1003.851029
131,50.476693,1013.691321
132,50.476693,1010.48283
133,50.476693,1011.383396
134,50.476693,1009.291597
135,50.476693,1015.474316
136,50.476693,1006.211069
137,50.476693,1007.006333
138,50.476693,1005.559179
139,50.476693,1008.708445
140,50.476693,1009.353384
141,50.476693,1006.040439
142,50.476693,1015.126517
143,50.476693,1010.876363
144,50.476693,1006.047027
145,50.476693,1003.492741
146,50.476693,1005.328819
147,50.476693,1007.520094
148,50.476693,1002.646102
149,50.476693,1002.808594
150,50.476693,998.2202662
151,50.476693,1004.349407
152,50.476693,1007.721105
153,50.476693,1005.323092
154,50.476693,1003.196676
155,50.476693,978.673883
156,50.476693,1009.421798
157,50.476693,988.6801587
158,50.476693,988.4579432
159,50.476693,998.7748155
160,50.476693,1008.739493
161,50.476693,1011.856767
162,50.476693,1014.707889
163,50.476693,1018.395008
164,50.476693,1018.731003
165,50.476693,1015.126252
166,50.476693,1010.851531
167,50.476693,1010.050903
168,50.476693,1011.133287
169,50.476693,1006.700996
170,50.476693,1004.443723
171,50.476693,1004.646146
172,50.476693,1004.878196
173,50.476693,1008.633111
174,50.476693,1009.191972
175,50.476693,1013.88247
176,50.476693,1009.398764
177,50.476693,1009.440584
178,50.476693,1015.136835
179,50.476693,1011.05912
180,50.476693,999.3596936
181,50.476693,999.4636384
182,50.476693,999.8950074
183,50.476693,1007.413147
184,50.476693,1013.780575
185,50.476693,1005.362675
186,50.476693,1009.6883
187,50.476693,1012.792564
188,50.476693,1012.966821
189,50.476693,1011.884411
190,50.476693,1009.944379
191,50.476693,1004.491572
192,50.476693,1015.490959
193,50.476693,1013.619824
194,50.476693,1011.200933
195,50.476693,1012.923991
196,50.476693,1009.193595
197,50.476693,1011.111888
198,50.476693,1005.371829
199,50.476693,1003.077769
200,50.476693,1005.61726
201,50.476693,1007.159349
202,50.476693,1013.814999
203,50.476693,1012.393669
204,50.476693,1012.696763
205,50.476693,1012.318374
206,50.476693,1017.001369
207,50.476693,1012.475592
208,50.476693,1006.932233
209,50.476693,1006.814058
210,50.476693,1005.022563
211,50.476693,999.4694796
212,50.476693,999.3719173
213,50.476693,1000.225048
214,50.476693,1001.879057
215,50.476693,1007.438021
216,50.476693,1010.689683
217,50.476693,1010.048203
218,50.476693,1020.127101
219,50.476693,1020.386725
220,50.476693,1012.81025
221,50.476693,1011.294106
222,50.476693,1012.451064
223,50.476693,1010.115407
224,50.476693,1009.245986
225,50.476693,1007.79977
226,50.476693,1011.810841
227,50.476693,1009.36296
228,50.476693,1007.23122
229,50.476693,1007.328257
230,50.476693,1005.970917
231,50.476693,996.5573395
232,50.476693,996.2798277
233,50.476693,1000.018958
234,50.476693,1015.300913
235,50.476693,1003.523284
236,50.476693,1007.817029
237,50.476693,1009.942739
238,50.476693,1009.627785
239,50.476693,1016.213222
240,50.476693,1005.917537
241,50.476693,1010.151634
242,50.476693,1016.524737
243,50.476693,1014.58123
244,50.476693,1015.985741
245,50.476693,1012.436089
246,50.476693,1008.615573
247,50.476693,1005.448493
248,50.476693,1010.553044
249,50.476693,1013.592549
250,50.476693,1003.536559
251,50.476693,1014.598027
252,50.476693,1016.266705
253,50.476693,1018.168617
254,50.476693,1011.853942
255,50.476693,1016.643577
256,50.476693,1018.62688
257,50.476693,1020.943496
258,50.476693,1024.73538
259,50.476693,1018.71941
260,50.476693,1019.233734
261,50.476693,1012.745653
262,50.476693,1021.780655
263,50.476693,1016.045208
264,50.476693,1026.84097
265,50.476693,1024.700328
266,50.476693,1021.550712
267,50.476693,1019.178732
268,50.476693,1023.820246
269,50.476693,1027.338061
270,50.476693,1027.405667
271,50.476693,1024.354091
272,50.476693,1016.269065
273,50.476693,1013.212512
274,50.476693,1013.012471
275,50.476693,1011.844311
276,50.476693,1014.161322
277,50.476693,1022.043927
278,50.476693,1028.024432
279,50.476693,1025.960884
280,50.476693,1020.905844
281,50.476693,1018.860813
282,50.476693,1027.21948
283,50.476693,1032.059503
284,50.476693,1022.291745
285,50.476693,1024.752657
286,50.476693,1023.894928
287,50.476693,1025.837398
288,50.476693,1024.052937
289,50.476693,1026.278914
290,50.476693,1022.553562
291,50.476693,1025.59467
292,50.476693,1022.249778
293,50.476693,1029.331812
294,50.476693,1017.390352
295,50.476693,1014.608472
296,50.476693,1016.182536
297,50.476693,1014.42981
298,50.476693,1009.455053
299,50.476693,1020.135291
300,50.476693,1014.682245
301,50.476693,1009.216013
302,50.476693,1016.734008
303,50.476693,1006.707078
304,50.476693,1020.581312
305,50.476693,1021.49556
306,50.476693,1013.383987
307,50.476693,1014.960587
308,50.476693,1015.666941
309,50.476693,1014.021103
310,50.476693,1022.361386
311,50.476693,1027.507353
312,50.476693,1023.49985
313,50.476693,1028.585557
314,50.476693,1033.764205
315,50.476693,1034.187836
316,50.476693,1026.052604
317,50.476693,1026.712687
318,50.476693,1026.590521
319,50.476693,1037.337621
320,50.476693,1029.306494
321,50.476693,1025.739346
322,50.476693,1023.04551
323,50.476693,1018.955239
324,50.476693,1024.714423
325,50.476693,1022.43236
326,50.476693,1017.895273
327,50.476693,1019.347966
328,50.476693,1019.524456
329,50.476693,1022.754596
330,50.476693,1020.479268
331,50.476693,1029.763135
332,50.476693,1027.307471
333,50.476693,1026.340308
334,50.476693,1014.022498
335,50.476693,1008.34046
336,50.476693,1012.489951
337,50.476693,1019.764692
338,50.476693,1013.867626
339,50.476693,1016.779045
340,50.476693,1018.973714
341,50.476693,1015.412726
342,50.476693,1016.760971
343,50.476693,1013.209512
344,50.476693,1021.433798
345,50.476693,1021.512383
346,50.476693,1014.523708
347,50.476693,1014.038233
348,50.476693,1020.347644
349,50.476693,1025.228116
350,50.476693,1022.792944
351,50.476693,1026.231038
352,50.476693,1024.72694
353,50.476693,1025.406131
354,50.476693,1021.135824
355,50.476693,1021.875794
356,50.476693,1018.037446
357,50.476693,1014.265178
358,50.476693,1021.091547
359,50.476693,1010.718872
360,50.476693,1015.953296
361,50.476693,1015.114896
362,50.476693,1014.135953
363,50.476693,1015.127386
364,50.476693,1006.25516
365,50.476693,1006.975061
366,50.476693,1010.099503
367,50.476693,1015.579851
368,50.476693,1019.552058
369,50.476693,1023.64689
370,50.476693,1021.455312
371,50.476693,1016.815263
372,50.476693,1011.600676
373,50.476693,1003.325441
374,50.476693,1010.558283
375,50.476693,1011.989662
376,50.476693,1017.006528
377,50.476693,1018.076236
378,50.476693,1016.475473
379,50.476693,1017.417389
380,50.476693,1019.460123
381,50.476693,1019.939172
382,50.476693,1012.50198
383,50.476693,1024.301768
384,50.476693,1024.522332
385,50.476693,1032.513093
386,50.476693,1022.414219
387,50.476693,1028.510468
388,50.476693,1021.70836
389,50.476693,1032.92042
390,50.476693,1034.75554
391,50.476693,1036.411927
392,50.476693,1037.792106
393,50.476693,1038.002161
394,50.476693,1036.110142
395,50.476693,1023.967315
396,50.476693,1038.824581
397,50.476693,1027.476743
398,50.476693,1028.635025
399,50.476693,1037.729637
400,50.476693,1043.359315
401,50.476693,1042.154212
402,50.476693,1034.438966
403,50.476693,1037.498738
404,50.476693,1031.911874
405,50.476693,1031.721589
406,50.476693,1040.503289
407,50.476693,1042.879756
408,50.476693,1037.016243
409,50.476693,1043.968306
410,50.476693,1034.111928
411,50.476693,1038.025748
412,50.476693,1040.785753
413,50.476693,1040.083438
414,50.476693,1044.443116
415,50.476693,1045.4538
416,50.476693,1046.115106
417,50.476693,1044.268479
418,50.476693,1048.26298
419,50.476693,1042.106485
420,50.476693,1049.096278
421,50.476693,1059.107546
422,50.476693,1051.607424
423,50.476693,1057.930942
424,50.476693,1052.274179
425,50.476693,1046.681189
426,50.476693,1048.450048
427,50.476693,1045.328367
428,50.476693,1045.669212
429,50.476693,1036.419396
430,50.476693,1046.4111
431,50.476693,1039.235737
432,50.476693,1040.162379
433,50.476693,1036.215103
434,50.476693,1039.763185
435,50.476693,1041.61792
436,50.476693,1049.889436
437,50.476693,1050.348504
438,50.476693,1049.076035
439,50.476693,1051.490668
440,50.476693,1050.255031
441,50.476693,1051.298653
442,50.476693,1052.876243
443,50.476693,1055.375725
444,50.476693,1047.844813
445,50.476693,1042.734912
446,50.476693,1034.075521
447,50.476693,1047.683347
448,50.476693,1047.622605
449,50.476693,1049.179219
450,50.476693,1063.100742
451,50.476693,1050.363875
451.2,50.837329,1058.391065
451.4,51.83624,1059.938225
451.6,52.840176,1067.067721
451.8,53.83999,1076.63242
452,54.839883,1067.009033
452.2,55.840026,1083.048535
452.4,56.839977,1092.699902
452.6,57.836095,1099.050972
452.8,58.834551,1112.598226
453,59.83571,1114.43176
453.2,60.839818,1135.971574
453.4,61.83608,1150.206305
453.6,62.834572,1135.864827
453.8,63.836777,1159.417247
454,64.840037,1149.450294
454.2,65.839926,1165.384837
454.4,66.839893,1184.530714
454.6,67.840018,1188.547576
454.8,68.839911,1199.960632
455,69.83971,1205.437615
455.2,70.839845,1213.5651
455.4,71.839923,1224.548867
455.6,72.839899,1230.375513
455.8,73.839925,1241.076528
456,74.835717,1229.373122
456.2,75.838929,1236.169396
456.4,76.839874,1258.540592
456.6,77.839944,1254.742381
456.8,78.839965,1271.655848
457,79.839893,1276.61738
457.2,80.838017,1280.870993
457.4,81.834527,1291.361283
457.6,82.834594,1293.409486
457.8,83.834477,1308.164468
458,84.834582,1314.928026
458.2,85.834447,1313.336728
458.4,86.835482,1329.003378
458.6,87.840283,1331.999533
458.8,88.839835,1341.111694
459,89.839857,1339.003235
459.2,90.839766,1342.834188
459.4,91.839755,1361.146409
459.6,92.839776,1357.94858
459.8,93.839808,1378.558842
460,94.839782,1382.064612
460.2,95.839826,1387.441585
460.4,96.837397,1405.944955
460.6,97.834289,1404.636524
460.8,98.83453,1406.506137
461,100.344225,1428.013664
462,100.471693,1436.290102
463,100.471693,1450.02942
464,100.471693,1456.712321
465,100.471693,1450.739817
466,100.471693,1457.042283
467,100.471693,1453.023829
468,100.471693,1457.923037
469,100.471693,1463.028505
470,100.471693,1463.947768
471,100.471693,1474.933751
472,100.471693,1476.512015
473,100.471693,1473.36743
474,100.471693,1486.245748
475,100.471693,1481.488862
476,100.471693,1489.591766
477,100.471693,1495.071718
478,100.471693,1494.459729
479,100.471693,1490.638671
480,100.471693,1486.621708
481,100.471693,1491.92001
482,100.471693,1503.746693
483,100.471693,1502.021886
484,100.471693,1496.589898
485,100.471693,1498.645055
486,100.471693,1502.053971
487,100.471693,1505.639967
488,100.471693,1505.773972
489,100.471693,1510.503119
490,100.471693,1511.039953
491,100.471693,1515.117376
492,100.471693,1512.427597
493,100.471693,1511.241278
494,100.471693,1502.808823
495,100.471693,1509.437893
496,100.471693,1514.955687
497,100.471693,1516.043138
498,100.471693,1517.750578
499,100.471693,1523.477785
500,100.471693,1529.988654
501,100.471693,1529.14535
502,100.471693,1526.207471
503,100.471693,1533.978023
504,100.471693,1536.099999
505,100.471693,1542.139458
506,100.471693,1541.86229
507,100.471693,1537.559348
508,100.471693,1531.535344
509,100.471693,1543.973087
510,100.471693,1540.058043
511,100.471693,1543.69678
512,100.471693,1541.69155
513,100.471693,1539.610375
514,100.471693,1536.923078
515,100.471693,1542.795028
516,100.471693,1523.685798
517,100.471693,1521.380227
518,100.471693,1516.29353
519,100.471693,1509.514324
520,100.471693,1498.440024
521,100.471693,1499.428904
522,100.471693,1495.251789
523,100.471693,1496.730806
524,100.471693,1506.704016
525,100.471693,1513.804378
526,100.471693,1510.322727
527,100.471693,1502.936126
528,100.471693,1507.150043
529,100.471693,1508.278889
530,100.471693,1507.362703
531,100.471693,1504.165598
532,100.471693,1502.442931
533,100.471693,1500.281169
534,100.471693,1498.368214
535,100.471693,1485.50659
536,100.471693,1488.659941
537,100.471693,1493.016297
538,100.471693,1489.664721
539,100.471693,1495.70142
540,100.471693,1504.371405
541,100.471693,1504.833123
542,100.471693,1498.171452
543,100.471693,1508.543794
544,100.471693,1504.209395
545,100.471693,1501.705697
546,100.471693,1505.217904
547,100.471693,1504.529204
548,100.471693,1496.524529
549,100.471693,1494.39067
550,100.471693,1503.122397
551,100.471693,1494.618283
552,100.471693,1500.322215
553,100.471693,1489.472415
554,100.471693,1489.288317
555,100.471693,1488.939094
556,100.471693,1489.254775
557,100.471693,1490.520778
558,100.471693,1490.060886
559,100.471693,1489.090629
560,100.471693,1482.719754
561,100.471693,1491.824126
562,100.471693,1491.051668
563,100.471693,1488.856419
564,100.471693,1491.700561
565,100.471693,1489.969427
566,100.471693,1494.137077
567,100.471693,1494.777856
568,100.471693,1497.600253
569,100.471693,1498.951539
570,100.471693,1502.544776
571,100.471693,1499.809711
572,100.471693,1495.009695
573,100.471693,1489.097918
574,100.471693,1494.223516
575,100.471693,1488.463134
576,100.471693,1487.271523
577,100.471693,1484.95467
578,100.471693,1479.518277
579,100.471693,1488.615108
580,100.471693,1475.6436
581,100.471693,1473.98777
582,100.471693,1479.25093
583,100.471693,1478.753627
584,100.471693,1475.625385
585,100.471693,1472.44892
586,100.471693,1469.672189
587,100.471693,1469.307122
588,100.471693,1469.090672
589,100.471693,1470.736343
590,100.471693,1466.353027
591,100.471693,1465.905675
592,100.471693,1460.766454
593,100.471693,1468.476876
594,100.471693,1461.492862
595,100.471693,1457.894772
596,100.471693,1455.863123
597,100.471693,1450.653585
598,100.471693,1454.590116
599,100.471693,1449.465072
600,100.471693,1456.231889
601,100.471693,1446.112391
602,100.471693,1461.472756
603,100.471693,1459.896624
604,100.471693,1457.595154
605,100.471693,1464.364271
606,100.471693,1460.193211
607,100.471693,1452.406679
608,100.471693,1454.761762
609,100.471693,1451.844896
610,100.471693,1456.537879
611,100.471693,1451.26822
612,100.471693,1459.510216
613,100.471693,1451.634485
614,100.471693,1458.044632
615,100.471693,1457.179105
616,100.471693,1454.21708
617,100.471693,1448.089711
618,100.471693,1456.498901
619,100.471693,1460.830112
620,100.471693,1462.117164
621,100.471693,1457.67968
622,100.471693,1443.796357
623,100.471693,1449.413859
624,100.471693,1444.74803
625,100.471693,1451.677917
626,100.471693,1458.426866
627,100.471693,1454.400594
628,100.471693,1454.63405
629,100.471693,1448.325568
630,100.471693,1450.339562
631,100.471693,1457.638907
632,100.471693,1462.890762
633,100.471693,1457.453009
634,100.471693,1457.394577
635,100.471693,1454.277154
636,100.471693,1449.556421
637,100.471693,1453.564019
638,100.471693,1461.9885
639,100.471693,1454.267713
640,100.471693,1452.328311
641,100.471693,1452.43601
642,100.471693,1444.742374
643,100.471693,1448.135847
644,100.471693,1453.637295
645,100.471693,1455.192177
646,100.471693,1447.02367
647,100.471693,1458.741438
648,100.471693,1459.196215
649,100.471693,1459.634694
650,100.471693,1449.028539
651,100.471693,1438.972089
652,100.471693,1451.054737
653,100.471693,1458.020397
654,100.471693,1453.206035
655,100.471693,1460.079936
656,100.471693,1454.136839
657,100.471693,1449.596735
658,100.471693,1439.83243
659,100.471693,1440.737663
660,100.471693,1446.362398
661,100.471693,1445.599135
662,100.471693,1452.23671
663,100.471693,1444.578525
664,100.471693,1451.609835
665,100.471693,1442.068445
666,100.471693,1448.440529
667,100.471693,1450.019513
668,100.471693,1453.591644
669,100.471693,1451.969326
670,100.471693,1440.376645
671,100.471693,1439.05828
672,100.471693,1440.566805
673,100.471693,1437.147215
674,100.471693,1437.753884
675,100.471693,1438.575379
676,100.471693,1438.163338
677,100.471693,1436.381723
678,100.471693,1448.980094
679,100.471693,1449.657473
680,100.471693,1459.878199
681,100.471693,1460.349703
682,100.471693,1448.141598
683,100.471693,1448.203764
684,100.471693,1447.783867
685,100.471693,1450.573154
686,100.471693,1450.509158
687,100.471693,1454.131438
688,100.471693,1452.944809
689,100.471693,1461.96681
690,100.471693,1466.209617
691,100.471693,1463.48112
692,100.471693,1463.459696
693,100.471693,1464.767582
694,100.471693,1454.132635
695,100.471693,1443.453461
696,100.471693,1435.349247
697,100.471693,1441.854075
698,100.471693,1450.081692
699,100.471693,1438.635907
700,100.471693,1445.220795
701,100.471693,1442.831958
702,100.471693,1440.075666
703,100.471693,1441.658275
704,100.471693,1455.827324
705,100.471693,1454.076062
706,100.471693,1450.965876
707,100.471693,1446.821376
708,100.471693,1449.579827
709,100.471693,1455.03633
710,100.471693,1454.80186
711,100.471693,1450.530103
712,100.471693,1447.003515
713,100.471693,1447.052954
714,100.471693,1453.844932
715,100.471693,1472.194243
716,100.471693,1466.165031
717,100.471693,1464.460303
718,100.471693,1469.075709
719,100.471693,1465.09557
720,100.471693,1460.458547
721,100.471693,1457.256091
722,100.471693,1461.228621
723,100.471693,1462.617838
724,100.471693,1452.107912
725,100.471693,1455.273588
726,100.471693,1456.56612
727,100.471693,1451.88997
728,100.471693,1442.319369
729,100.471693,1448.676325
730,100.471693,1456.876486
731,100.471693,1453.888811
732,100.471693,1447.83008
733,100.471693,1452.422237
734,100.471693,1452.07784
735,100.471693,1452.616273
736,100.471693,1462.600662
737,100.471693,1460.365664
738,100.471693,1467.252788
739,100.471693,1460.688777
740,100.471693,1470.63339
741,100.471693,1467.609321
742,100.471693,1464.965839
743,100.471693,1484.206126
744,100.471693,1471.600982
745,100.471693,1484.091209
746,100.471693,1483.744392
747,100.471693,1486.492199
748,100.471693,1479.47181
749,100.471693,1471.773318
750,100.471693,1474.710205
751,100.471693,1477.459724
752,100.471693,1475.13286
753,100.471693,1487.176315
754,100.471693,1489.768901
755,100.471693,1477.753418
756,100.471693,1471.789033
757,100.471693,1472.767546
758,100.471693,1475.571799
759,100.471693,1468.32356
760,100.471693,1461.80305
761,100.471693,1464.764098
762,100.471693,1462.20734
763,100.471693,1467.364084
764,100.471693,1469.93214
765,100.471693,1462.280409
766,100.471693,1464.125254
767,100.471693,1474.396407
768,100.471693,1471.120519
769,100.471693,1464.439923
770,100.471693,1458.227911
771,100.471693,1466.841117
772,100.471693,1468.355848
773,100.471693,1470.552181
774,100.471693,1471.83402
775,100.471693,1460.799253
776,100.471693,1472.840582
777,100.471693,1479.194292
778,100.471693,1479.412294
779,100.471693,1475.667469
780,100.471693,1476.218185
781,100.471693,1472.206133
782,100.471693,1471.62721
783,100.471693,1477.699366
784,100.471693,1480.699094
785,100.471693,1474.368357
786,100.471693,1472.921847
787,100.471693,1470.743882
788,100.471693,1478.054731
789,100.471693,1474.470069
790,100.471693,1468.273587
791,100.471693,1459.970252
792,100.471693,1463.035788
793,100.471693,1469.232001
794,100.471693,1461.938932
795,100.471693,1456.347361
796,100.471693,1459.533798
797,100.471693,1455.868053
798,100.471693,1475.806296
799,100.471693,1480.922112
800,100.471693,1467.740567
801,100.471693,1461.913317
802,100.471693,1467.437103
803,100.471693,1470.730294
804,100.471693,1466.235937
805,100.471693,1463.938237
806,100.471693,1468.410543
807,100.471693,1470.883767
808,100.471693,1463.787973
809,100.471693,1468.299564
810,100.471693,1481.716104
811,100.471693,1482.593371
812,100.471693,1481.254915
813,100.471693,1487.010226
814,100.471693,1485.571299
815,100.471693,1472.93054
816,100.471693,1477.075877
817,100.471693,1471.882476
818,100.471693,1476.497148
819,100.471693,1483.566995
820,100.471693,1477.229111
821,100.471693,1475.625844
822,100.471693,1485.574886
823,100.471693,1486.382253
824,100.471693,1476.516038
825,100.471693,1476.507081
826,100.471693,1469.536068
827,100.471693,1476.755955
828,100.471693,1469.064065
829,100.471693,1470.361614
830,100.471693,1463.467105
831,100.471693,1468.82713
832,100.471693,1467.439759
833,100.471693,1467.607162
834,100.471693,1462.422311
835,100.471693,1460.599468
836,100.471693,1474.724447
837,100.471693,1468.317829
838,100.471693,1470.229913
839,100.471693,1470.625926
840,100.471693,1466.090134
841,100.471693,1466.41863
842,100.471693,1470.308451
843,100.471693,1462.527314
844,100.471693,1473.034308
845,100.471693,1465.558995
846,100.471693,1468.260543
847,100.471693,1459.258466
848,100.471693,1455.871137
849,100.471693,1456.948234
850,100.471693,1464.312432
851,100.471693,1464.863413
852,100.471693,1464.346669
853,100.471693,1468.432858
854,100.471693,1465.761794
855,100.471693,1468.391875
856,100.471693,1458.759395
857,100.471693,1469.907895
858,100.471693,1460.103319
859,100.471693,1459.176949
860,100.471693,1472.989449
861,100.471693,1478.368474
862,100.471693,1471.674069
863,100.471693,1466.884564
864,100.471693,1466.467684
865,100.471693,1468.914623
866,100.471693,1471.933962
867,100.471693,1475.520501
868,100.471693,1476.233211
869,100.471693,1484.341428
870,100.471693,1482.854552
871,100.471693,1479.0524
872,100.471693,1472.777999
873,100.471693,1466.807197
874,100.471693,1461.400132
875,100.471693,1461.881096
876,100.471693,1470.82447
877,100.471693,1467.541573
878,100.471693,1465.446785
879,100.471693,1468.998297
880,100.471693,1476.237238
881,100.471693,1482.545195
882,100.471693,1468.748428
883,100.471693,1463.176719
884,100.471693,1469.257613
885,100.471693,1457.953535
886,100.471693,1452.879232
887,100.471693,1458.381702
888,100.471693,1464.205134
889,100.471693,1464.637753
890,100.471693,1467.589336
891,100.471693,1477.806095
892,100.471693,1473.227907
893,100.471693,1472.881828
894,100.471693,1466.354702
895,100.471693,1460.746966
896,100.471693,1454.509604
897,100.471693,1455.261661
898,100.471693,1463.166453
899,100.471693,1466.967209
900,100.471693,1462.145539
901,100.471693,1469.559172
902,100.471693,1463.818279
903,100.471693,1455.181662
904,100.471693,1459.727778
905,100.471693,1463.107374
906,100.471693,1467.472916
907,100.471693,1471.637981
908,100.471693,1479.256631
909,100.471693,1484.177768
910,100.471693,1477.030841
911,100.471693,1480.817449
912,100.471693,1466.21586
913,100.471693,1472.808249
914,100.471693,1477.720343
915,100.471693,1473.800246
916,100.471693,1479.183227
917,100.471693,1478.179888
918,100.471693,1472.26479
919,100.471693,1479.689412
920,100.471693,1475.492736
921,100.471693,1485.927075
922,100.471693,1481.070834
923,100.471693,1472.08056
924,100.471693,1483.857107
925,100.471693,1479.367103
926,100.471693,1467.922837
927,100.471693,1468.767629
928,100.471693,1481.099218
929,100.471693,1483.925304
930,100.471693,1487.657666
931,100.471693,1488.98026
932,100.471693,1482.5945
933,100.471693,1487.985238
934,100.471693,1490.468115
935,100.471693,1495.362007
936,100.471693,1494.959108
937,100.471693,1482.557903
938,100.471693,1476.245357
939,100.471693,1477.218654
940,100.471693,1483.800002
941,100.471693,1474.441045
942,100.471693,1475.23742
943,100.471693,1482.206008
944,100.471693,1485.860153
945,100.471693,1479.648071
946,100.471693,1477.894469
947,100.471693,1491.838889
948,100.471693,1484.474831
949,100.471693,1480.497935
950,100.471693,1477.71495
951,100.471693,1479.873082
952,100.471693,1483.403205
953,100.471693,1493.743763
954,100.471693,1491.676982
955,100.471693,1492.97954
956,100.471693,1487.718708
957,100.471693,1476.961803
958,100.471693,1477.118994
959,100.471693,1478.742476
960,100.471693,1468.03178
961,100.471693,1466.011793
961.2,100.846719,1472.975083
961.4,101.847253,1483.562738
961.6,102.84702,1490.211837
961.8,103.847761,1480.440556
962,104.850063,1470.5782
962.2,105.848946,1466.571191
962.4,106.850312,1482.616135
962.6,107.850503,1496.948643
962.8,108.852885,1509.311241
963,109.850747,1507.408433
963.2,110.854243,1493.783126
963.4,111.852237,1492.189935
963.6,112.854578,1515.697687
963.8,113.853322,1526.847383
964,114.852915,1541.184281
964.2,115.851362,1549.035491
964.4,116.853521,1541.028792
964.6,117.85249,1551.076207
964.8,118.853739,1556.984371
965,119.853112,1563.207565
965.2,120.854775,1562.86902
965.4,121.85315,1569.966103
965.6,122.85295,1592.634448
965.8,123.853162,1592.788593
966,124.854572,1575.803662
966.2,125.854645,1590.006902
966.4,126.858564,1580.315096
966.6,127.859741,1610.137136
966.8,128.859768,1633.980242
967,129.857445,1627.585417
967.2,130.859921,1608.096525
967.4,131.858774,1609.203641
967.6,132.856213,1634.211447
967.8,133.859731,1633.878572
968,134.858895,1629.120146
968.2,135.855247,1635.792577
968.4,136.85824,1644.822167
968.6,137.858594,1661.286134
968.8,138.857459,1666.368715
969,139.85801,1671.901221
969.2,140.858376,1667.579611
969.4,141.856422,1682.016074
969.6,142.859978,1703.585128
969.8,143.856307,1727.094686
970,144.858594,1727.178284
970.2,145.859615,1716.931068
970.4,146.85903,1701.585656
970.6,147.859266,1718.818316
970.8,148.857987,1751.452513
971,150.364765,1747.607665
972,150.491693,1773.1335
973,150.491693,1778.923575
974,150.491693,1785.583968
975,150.491693,1781.103157
976,150.491693,1771.742906
977,150.491693,1787.122986
978,150.491693,1797.775686
979,150.491693,1793.064399
980,150.491693,1792.15141
981,150.491693,1793.912216
982,150.491693,1807.936311
983,150.491693,1821.356699
984,150.491693,1820.811421
985,150.491693,1819.19192
986,150.491693,1814.499039
987,150.491693,1812.946494
988,150.491693,1818.647638
989,150.491693,1824.013818
990,150.491693,1823.660438
991,150.491693,1821.731472
992,150.491693,1824.972147
993,150.491693,1829.847086
994,150.491693,1817.99248
995,150.491693,1808.459388
996,150.491693,1811.459395
997,150.491693,1824.542765
998,150.491693,1818.156204
999,150.491693,1813.959315
1000,150.491693,1820.903179
1001,150.491693,1823.758876
1002,150.491693,1816.255446
1003,150.491693,1828.930207
1004,150.491693,1821.523701
1005,150.491693,1817.614187
1006,150.491693,1821.650811
1007,150.491693,1824.329547
1008,150.491693,1820.342154
1009,150.491693,1808.02745
1010,150.491693,1808.915121
1011,150.491693,1807.995853
1012,150.491693,1827.495661
1013,150.491693,1823.144227
1014,150.491693,1820.136868
1015,150.491693,1827.482504
1016,150.491693,1821.229321
1017,150.491693,1819.121796
1018,150.491693,1827.738508
1019,150.491693,1823.712482
1020,150.491693,1814.218869
1021,150.491693,1809.704592
1022,150.491693,1822.314357
1023,150.491693,1815.203463
1024,150.491693,1813.668812
1025,150.491693,1813.474242
1026,150.491693,1801.150379
1027,150.491693,1805.023712
1028,150.491693,1801.112373
1029,150.491693,1808.435378
1030,150.491693,1817.175454
1031,150.491693,1818.164495
1032,150.491693,1811.004327
1033,150.491693,1807.554977
1034,150.491693,1798.8497
1035,150.491693,1798.660411
1036,150.491693,1792.853602
1037,150.491693,1796.975182
1038,150.491693,1795.726179
1039,150.491693,1788.823732
1040,150.491693,1783.126966
1041,150.491693,1789.027022
1042,150.491693,1805.566138
1043,150.491693,1794.773871
1044,150.491693,1797.428805
1045,150.491693,1796.59522
1046,150.491693,1792.109798
1047,150.491693,1789.095633
1048,150.491693,1808.466005
1049,150.491693,1799.99052
1050,150.491693,1804.824709
1051,150.491693,1796.680008
1052,150.491693,1793.880001
1053,150.491693,1800.047677
1054,150.491693,1814.882654
1055,150.491693,1811.719464
1056,150.491693,1795.722687
1057,150.491693,1778.866599
1058,150.491693,1774.852029
1059,150.491693,1765.297743
1060,150.491693,1763.379364
1061,150.491693,1765.497176
1062,150.491693,1760.967887
1063,150.491693,1775.319937
1064,150.491693,1774.436247
1065,150.491693,1775.830292
1066,150.491693,1759.919628
1067,150.491693,1769.348402
1068,150.491693,1766.175529
1069,150.491693,1759.049563
1070,150.491693,1773.603818
1071,150.491693,1773.332545
1072,150.491693,1779.651882
1073,150.491693,1778.936938
1074,150.491693,1777.816756
1075,150.491693,1782.324119
1076,150.491693,1789.005916
1077,150.491693,1778.849369
1078,150.491693,1789.984028
1079,150.491693,1786.698007
1080,150.491693,1788.522099
1081,150.491693,1794.027308
1082,150.491693,1784.368825
1083,150.491693,1778.808196
1084,150.491693,1779.427414
1085,150.491693,1774.876847
1086,150.491693,1780.430417
1087,150.491693,1780.498237
1088,150.491693,1780.984253
1089,150.491693,1771.648038
1090,150.491693,1780.322574
1091,150.491693,1769.106174
1092,150.491693,1776.767846
1093,150.491693,1775.791211
1094,150.491693,1780.118532
1095,150.491693,1772.344919
1096,150.491693,1772.473135
1097,150.491693,1785.408319
1098,150.491693,1774.188522
1099,150.491693,1770.911981
1100,150.491693,1763.957188
1101,150.491693,1766.695373
1102,150.491693,1781.062637
1103,150.491693,1765.934264
1104,150.491693,1774.392477
1105,150.491693,1782.548003
1106,150.491693,1766.446841
1107,150.491693,1767.674704
1108,150.491693,1765.464135
1109,150.491693,1756.209581
1110,150.491693,1763.860007
1111,150.491693,1761.833556
1112,150.491693,1769.580859
1113,150.491693,1781.842577
1114,150.491693,1774.536016
1115,150.491693,1762.709425
1116,150.491693,1773.169598
1117,150.491693,1779.988926
1118,150.491693,1776.797435
1119,150.491693,1766.958179
1120,150.491693,1778.147854
1121,150.491693,1787.390809
1122,150.491693,1778.920583
1123,150.491693,1791.098467
1124,150.491693,1771.289519
1125,150.491693,1782.645696
1126,150.491693,1792.113542
1127,150.491693,1783.394522
1128,150.491693,1776.570506
1129,150.491693,1776.647358
1130,150.491693,1774.310233
1131,150.491693,1775.581595
1132,150.491693,1760.898208
1133,150.491693,1766.925612
1134,150.491693,1758.242273
1135,150.491693,1776.527552
1136,150.491693,1777.60725
1137,150.491693,1781.614397
1138,150.491693,1782.029333
1139,150.491693,1779.910432
1140,150.491693,1773.406593
1141,150.491693,1771.705333
1142,150.491693,1768.48857
1143,150.491693,1769.975636
1144,150.491693,1779.880783
1145,150.491693,1772.557255
1146,150.491693,1780.148437
1147,150.491693,1784.491459
1148,150.491693,1770.39346
1149,150.491693,1785.197465
1150,150.491693,1781.796611
1151,150.491693,1783.358198
1152,150.491693,1782.220507
1153,150.491693,1776.273411
1154,150.491693,1782.528457
1155,150.491693,1778.281759
1156,150.491693,1788.666294
1157,150.491693,1786.76161
1158,150.491693,1790.139123
1159,150.491693,1776.429963
1160,150.491693,1788.509817
1161,150.491693,1774.64562
1162,150.491693,1787.597612
1163,150.491693,1787.302691
1164,150.491693,1791.211374
1165,150.491693,1792.246097
1166,150.491693,1792.301657
1167,150.491693,1792.19406
1168,150.491693,1794.665288
1169,150.491693,1784.932797
1170,150.491693,1786.337491
1171,150.491693,1795.252098
1172,150.491693,1789.679745
1173,150.491693,1784.856284
1174,150.491693,1785.524552
1175,150.491693,1782.949318
1176,150.491693,1796.219719
1177,150.491693,1793.115267
1178,150.491693,1794.827335
1179,150.491693,1790.471536
1180,150.491693,1789.08121
1181,150.491693,1792.763252
1182,150.491693,1792.460472
1183,150.491693,1787.327843
1184,150.491693,1787.439597
1185,150.491693,1791.027951
1186,150.491693,1783.007254
1187,150.491693,1793.312702
1188,150.491693,1784.493851
1189,150.491693,1778.643995
1190,150.491693,1800.349039
1191,150.491693,1791.280256
1192,150.491693,1782.301562
1193,150.491693,1790.22725
1194,150.491693,1791.198542
1195,150.491693,1780.085392
1196,150.491693,1804.158989
1197,150.491693,1804.334727
1198,150.491693,1793.813733
1199,150.491693,1790.518025
1200,150.491693,1798.49773
1201,150.491693,1789.586043
1202,150.491693,1785.740125
1203,150.491693,1782.61008
1204,150.491693,1786.628109
1205,150.491693,1782.964093
1206,150.491693,1772.198535
1207,150.491693,1786.378747
1208,150.491693,1783.336748
1209,150.491693,1788.840461
1210,150.491693,1782.558432
1211,150.491693,1786.423942
1212,150.491693,1791.685096
1213,150.491693,1793.208123
1214,150.491693,1800.563344
1215,150.491693,1790.291591
1216,150.491693,1786.229952
1217,150.491693,1781.232566
1218,150.491693,1777.456062
1219,150.491693,1789.980468
1220,150.491693,1795.791821
1221,150.491693,1790.109545
1222,150.491693,1782.735862
1223,150.491693,1791.192543
1224,150.491693,1788.764123
1225,150.491693,1802.695179
1226,150.491693,1797.578942
1227,150.491693,1804.672719
1228,150.491693,1789.381861
1229,150.491693,1798.315022
1230,150.491693,1799.737724
1231,150.491693,1801.650825
1232,150.491693,1798.370351
1233,150.491693,1787.147146
1234,150.491693,1794.279791
1235,150.491693,1784.405375
1236,150.491693,1787.188831
1237,150.491693,1790.892381
1238,150.491693,1798.842964
1239,150.491693,1794.895153
1240,150.491693,1801.895921
1241,150.491693,1799.601572
1242,150.491693,1797.803652
1243,150.491693,1800.271801
1244,150.491693,1781.240017
1245,150.491693,1780.157891
1246,150.491693,1801.056804
1247,150.491693,1794.753848
1248,150.491693,1791.360765
1249,150.491693,1794.892907
1250,150.491693,1798.40621
1251,150.491693,1791.987366
1252,150.491693,1801.347925
1253,150.491693,1788.511461
1254,150.491693,1795.027884
1255,150.491693,1797.101203
1256,150.491693,1794.675789
1257,150.491693,1810.066918
1258,150.491693,1788.634823
1259,150.491693,1790.645554
1260,150.491693,1796.149589
1261,150.491693,1790.082726
1262,150.491693,1790.002638
1263,150.491693,1786.669893
1264,150.491693,1779.950874
1265,150.491693,1796.80377
1266,150.491693,1793.600373
1267,150.491693,1802.150024
1268,150.491693,1800.255075
1269,150.491693,1796.533465
1270,150.491693,1796.833121
1271,150.491693,1795.640658
1272,150.491693,1798.333079
1273,150.491693,1793.170092
1274,150.491693,1803.692512
1275,150.491693,1796.390129
1276,150.491693,1798.71663
1277,150.491693,1796.909415
1278,150.491693,1792.725275
1279,150.491693,1782.012289
1280,150.491693,1787.766956
1281,150.491693,1797.929494
1282,150.491693,1796.852582
1283,150.491693,1789.67656
1284,150.491693,1785.817071
1285,150.491693,1784.782414
1286,150.491693,1783.069056
1287,150.491693,1793.430079
1288,150.491693,1788.61651
1289,150.491693,1795.170773
1290,150.491693,1796.193974
1291,150.491693,1789.012993
1292,150.491693,1792.902356
1293,150.491693,1811.65093
1294,150.491693,1810.793633
1295,150.491693,1800.362773
1296,150.491693,1788.523509
1297,150.491693,1788.376111
1298,150.491693,1803.177413
1299,150.491693,1798.605195
1300,150.491693,1792.580243
1301,150.491693,1788.27447
1302,150.491693,1792.911885
1303,150.491693,1797.710739
1304,150.491693,1793.493546
1305,150.491693,1799.942974
1306,150.491693,1799.274037
1307,150.491693,1805.216813
1308,150.491693,1812.206931
1309,150.491693,1805.583893
1310,150.491693,1801.130074
1311,150.491693,1798.371051
1312,150.491693,1802.875179
1313,150.491693,1815.704174
1314,150.491693,1811.711782
1315,150.491693,1808.002233
1316,150.491693,1816.296319
1317,150.491693,1809.378353
1318,150.491693,1797.88254
1319,150.491693,1806.603043
1320,150.491693,1812.637728
1321,150.491693,1813.175655
1322,150.491693,1802.837684
1323,150.491693,1797.609097
1324,150.491693,1797.05467
1325,150.491693,1786.580111
1326,150.491693,1780.484378
1327,150.491693,1790.337348
1328,150.491693,1796.266198
1329,150.491693,1795.595521
1330,150.491693,1796.986388
1331,150.491693,1780.284412
1331.2,150.859179,1786.894318
1331.4,151.761291,1783.432961
1331.6,152.805412,1798.185426
1331.8,153.843701,1809.01959
1332,154.821096,1803.144197
1332.2,155.794582,1797.151183
1332.4,156.835555,1805.222342
1332.6,157.811597,1817.422397
1332.8,158.784913,1812.631018
1333,159.82296,1809.461569
1333.2,160.862205,1827.474374
1333.4,161.775986,1830.468622
1333.6,162.816833,1841.638948
1333.8,163.853465,1851.347502
1334,164.764345,1843.352324
1334.2,165.802062,1844.83408
1334.4,166.845521,1861.747527
1334.6,167.821962,1866.152053
1334.8,168.793001,1869.428966
1335,169.83441,1872.942014
1335.2,170.809538,1888.737295
1335.4,171.785943,1881.519519
1335.6,172.823902,1899.334426
1335.8,173.862091,1900.185584
1336,174.772498,1891.517135
1336.2,175.812713,1906.402595
1336.4,176.851037,1905.186828
1336.6,177.760499,1916.632341
1336.8,178.801239,1916.223784
1337,179.840023,1919.915607
1337.2,180.814647,1931.595841
1337.4,181.790226,1959.997265
1337.6,182.828228,1955.350527
1337.8,183.805641,1954.102113
1338,184.779006,1965.16122
1338.2,185.82097,1973.643729
1338.4,186.860086,1974.728963
1338.6,187.769944,1976.068979
1338.8,188.810432,1976.360432
1339,189.848142,1979.936912
1339.2,190.761712,1993.416456
1339.4,191.7998,1994.886505
1339.6,192.839109,2033.45269
1339.8,193.8162,2017.530588
1340,194.789765,2017.389793
1340.2,195.8306,2038.073162
1340.4,196.802402,2043.690416
1340.6,197.779667,2038.541662
1340.8,198.820654,2056.858129
1341,200.281174,2062.815515
1342,200.386693,2074.248462
1343,200.386693,2075.40718
1344,200.386693,2079.827298
1345,200.386693,2090.78546
1346,200.386693,2091.561657
1347,200.386693,2104.664538
1348,200.386693,2106.82664
1349,200.386693,2097.907737
1350,200.386693,2098.545646
1351,200.386693,2104.88149
1352,200.386693,2111.893427
1353,200.386693,2120.334826
1354,200.386693,2119.650693
1355,200.386693,2126.210468
1356,200.386693,2131.350288
1357,200.386693,2138.067563
1358,200.386693,2133.435346
1359,200.386693,2129.948085
1360,200.386693,2133.467908
1361,200.386693,2131.310724
1362,200.386693,2129.163441
1363,200.386693,2139.677988
1364,200.386693,2132.315623
1365,200.386693,2127.048162
1366,200.386693,2135.992484
1367,200.386693,2132.532316
1368,200.386693,2125.278151
1369,200.386693,2132.590807
1370,200.386693,2134.689893
1371,200.386693,2142.732254
1372,200.386693,2148.851499
1373,200.386693,2146.318763
1374,200.386693,2158.245033
1375,200.386693,2145.090935
1376,200.386693,2157.591842
1377,200.386693,2152.007789
1378,200.386693,2150.584323
1379,200.386693,2159.347726
1380,200.386693,2158.917638
1381,200.386693,2149.058971
1382,200.386693,2145.476591
1383,200.386693,2151.994419
1384,200.386693,2160.136102
1385,200.386693,2146.799859
1386,200.386693,2149.428761
1387,200.386693,2139.781463
1388,200.386693,2137.156311
1389,200.386693,2150.592802
1390,200.386693,2143.751451
1391,200.386693,2144.50587
1392,200.386693,2144.693767
1393,200.386693,2146.242516
1394,200.386693,2137.446812
1395,200.386693,2130.335753
1396,200.386693,2142.215376
1397,200.386693,2138.065539
1398,200.386693,2142.257654
1399,200.386693,2143.91954
1400,200.386693,2138.274719
1401,200.386693,2140.666898
1402,200.386693,2133.522596
1403,200.386693,2138.893041
1404,200.386693,2126.927987
1405,200.386693,2140.293052
1406,200.386693,2142.957836
1407,200.386693,2126.043676
1408,200.386693,2110.547714
1409,200.386693,2107.239243
1410,200.386693,2104.831841
1411,200.386693,2104.066284
1412,200.386693,2110.754803
1413,200.386693,2115.478732
1414,200.386693,2114.016375
1415,200.386693,2132.547426
1416,200.386693,2132.210617
1417,200.386693,2124.651629
1418,200.386693,2122.564184
1419,200.386693,2126.182934
1420,200.386693,2119.436061
1421,200.386693,2123.883393
1422,200.386693,2113.527262
1423,200.386693,2115.101224
1424,200.386693,2127.001868
1425,200.386693,2125.354795
1426,200.386693,2125.004165
1427,200.386693,2122.757496
1428,200.386693,2120.973594
1429,200.386693,2122.700506
1430,200.386693,2124.761711
1431,200.386693,2129.369667
1432,200.386693,2127.211117
1433,200.386693,2134.494137
1434,200.386693,2150.561216
1435,200.386693,2138.479949
1436,200.386693,2120.818254
1437,200.386693,2119.261197
1438,200.386693,2116.866386
1439,200.386693,2118.031019
1440,200.386693,2114.453472
1441,200.386693,2109.272964
1442,200.386693,2117.420272
1443,200.386693,2121.662672
1444,200.386693,2124.590822
1445,200.386693,2131.505824
1446,200.386693,2117.390514
1447,200.386693,2126.080575
1448,200.386693,2107.760207
1449,200.386693,2120.736688
1450,200.386693,2108.048268
1451,200.386693,2117.043587
1452,200.386693,2105.692002
1453,200.386693,2108.099511
1454,200.386693,2102.08656
1455,200.386693,2107.242469
1456,200.386693,2112.174376
1457,200.386693,2114.418511
1458,200.386693,2108.252537
1459,200.386693,2110.30156
1460,200.386693,2111.665796
1461,200.386693,2094.683135
1462,200.386693,2103.213018
1463,200.386693,2112.536388
1464,200.386693,2106.144121
1465,200.386693,2117.223307
1466,200.386693,2106.112535
1467,200.386693,2105.130093
1468,200.386693,2106.011636
1469,200.386693,2117.34647
1470,200.386693,2112.230584
1471,200.386693,2110.406261
1472,200.386693,2118.868521
1473,200.386693,2117.226465
1474,200.386693,2118.3688
1475,200.386693,2116.719285
1476,200.386693,2118.233772
1477,200.386693,2110.358188
1478,200.386693,2107.439618
1479,200.386693,2107.414229
1480,200.386693,2106.269862
1481,200.386693,2119.06604
1482,200.386693,2122.474594
1483,200.386693,2124.342858
1484,200.386693,2121.857522
1485,200.386693,2118.465577
1486,200.386693,2114.99271
1487,200.386693,2112.588993
1488,200.386693,2122.051982
1489,200.386693,2115.21237
1490,200.386693,2109.61195
1491,200.386693,2113.822884
1492,200.386693,2109.257382
1493,200.386693,2114.026627
1494,200.386693,2116.91766
1495,200.386693,2115.923364
1496,200.386693,2110.23521
1497,200.386693,2108.530789
1498,200.386693,2107.908032
1499,200.386693,2112.96204
1500,200.386693,2111.969436
1501,200.386693,2107.743434
1502,200.386693,2112.257871
1503,200.386693,2114.549889
1504,200.386693,2123.635873
1505,200.386693,2112.688854
1506,200.386693,2111.044087
1507,200.386693,2115.758611
1508,200.386693,2111.696657
1509,200.386693,2123.753348
1510,200.386693,2115.639659
1511,200.386693,2116.481791
1512,200.386693,2116.668318
1513,200.386693,2113.832101
1514,200.386693,2116.061457
1515,200.386693,2120.167558
1516,200.386693,2116.502469
1517,200.386693,2123.995654
1518,200.386693,2116.198228
1519,200.386693,2121.048752
1520,200.386693,2118.124627
1521,200.386693,2117.365528
1522,200.386693,2130.491114
1523,200.386693,2125.517454
1524,200.386693,2119.514848
1525,200.386693,2127.618294
1526,200.386693,2125.413066
1527,200.386693,2127.312089
1528,200.386693,2137.518734
1529,200.386693,2130.832544
1530,200.386693,2123.628653
1531,200.386693,2121.037555
1532,200.386693,2126.449069
1533,200.386693,2129.405606
1534,200.386693,2118.785003
1535,200.386693,2128.824988
1536,200.386693,2118.397336
1537,200.386693,2118.121648
1538,200.386693,2120.361053
1539,200.386693,2113.023953
1540,200.386693,2114.776216
1541,200.386693,2130.519601
1542,200.386693,2127.170509
1543,200.386693,2132.723042
1544,200.386693,2127.447632
1545,200.386693,2129.619822
1546,200.386693,2122.112434
1547,200.386693,2131.590917
1548,200.386693,2131.537158
1549,200.386693,2134.838757
1550,200.386693,2140.436785
1551,200.386693,2134.870391
1552,200.386693,2137.090847
1553,200.386693,2130.067989
1554,200.386693,2132.34373
1555,200.386693,2133.030421
1556,200.386693,2130.284009
1557,200.386693,2138.605475
1558,200.386693,2133.542539
1559,200.386693,2128.579299
1560,200.386693,2129.386964
1561,200.386693,2132.026566
1562,200.386693,2137.493791
1563,200.386693,2136.925607
1564,200.386693,2126.150916
1565,200.386693,2133.871721
1566,200.386693,2139.664074
1567,200.386693,2122.572517
1568,200.386693,2121.604427
1569,200.386693,2121.699307
1570,200.386693,2137.228439
1571,200.386693,2131.612696
1572,200.386693,2140.004909
1573,200.386693,2131.481454
1574,200.386693,2150.302912
1575,200.386693,2146.143066
1576,200.386693,2135.335819
1577,200.386693,2121.760251
1578,200.386693,2129.035308
1579,200.386693,2136.904902
1580,200.386693,2138.477997
1581,200.386693,2126.513728
1582,200.386693,2131.101682
1583,200.386693,2123.988402
1584,200.386693,2130.576026
1585,200.386693,2130.316449
1586,200.386693,2134.03053
1587,200.386693,2140.694449
1588,200.386693,2124.044598
1589,200.386693,2125.593133
1590,200.386693,2117.666019
1591,200.386693,2114.075775
1592,200.386693,2115.374345
1593,200.386693,2130.613081
1594,200.386693,2119.729866
1595,200.386693,2119.504185
1596,200.386693,2115.553429
1597,200.386693,2123.91421
1598,200.386693,2115.173169
1599,200.386693,2111.416959
1600,200.386693,2117.111072
1601,200.386693,2111.543791
1602,200.386693,2115.584144
1603,200.386693,2115.744508
1604,200.386693,2135.691137
1605,200.386693,2127.852789
1606,200.386693,2130.024166
1607,200.386693,2121.590834
1608,200.386693,2129.700683
1609,200.386693,2129.223622
1610,200.386693,2128.218052
1611,200.386693,2130.063201
1612,200.386693,2122.307074
1613,200.386693,2123.846933
1614,200.386693,2130.226454
1615,200.386693,2122.941816
1616,200.386693,2121.617482
1617,200.386693,2115.975292
1618,200.386693,2115.522989
1619,200.386693,2125.526399
1620,200.386693,2119.469022
1621,200.386693,2127.995579
1622,200.386693,2132.756388
1623,200.386693,2129.10388
1624,200.386693,2128.927288
1625,200.386693,2129.3424
1626,200.386693,2119.943199
1627,200.386693,2120.397744
1628,200.386693,2124.174829
1629,200.386693,2141.66244
1630,200.386693,2126.283302
1631,200.386693,2127.529349
1632,200.386693,2129.068583
1633,200.386693,2141.114479
1634,200.386693,2142.161079
1635,200.386693,2143.347556
1636,200.386693,2151.382492
1637,200.386693,2160.097868
1638,200.386693,2150.438414
1639,200.386693,2148.034619
1640,200.386693,2157.452902
1641,200.386693,2144.363182
1642,200.386693,2142.518928
1643,200.386693,2144.131215
1644,200.386693,2138.116318
1645,200.386693,2143.198783
1646,200.386693,2147.050075
1647,200.386693,2144.501715
1648,200.386693,2143.693799
1649,200.386693,2135.678648
1650,200.386693,2135.986462
1651,200.386693,2136.728542
1652,200.386693,2138.79007
1653,200.386693,2143.004201
1654,200.386693,2136.827099
1655,200.386693,2152.010647
1656,200.386693,2149.33335
1657,200.386693,2147.567771
1658,200.386693,2150.520878
1659,200.386693,2153.246294
1660,200.386693,2146.592994
1661,200.386693,2149.182622
1662,200.386693,2147.210064
1663,200.386693,2150.760329
1664,200.386693,2156.239798
1665,200.386693,2149.632786
1666,200.386693,2153.024242
1667,200.386693,2148.555911
1668,200.386693,2141.082471
1669,200.386693,2140.629075
1670,200.386693,2131.046286
1671,200.386693,2133.925233
1672,200.386693,2141.513165
1673,200.386693,2137.648292
1674,200.386693,2138.859625
1675,200.386693,2145.403864
1676,200.386763,2146.634096
1676.2,200.815425,2153.769773
1676.4,201.727467,2150.912224
1676.6,202.766173,2156.719346
1676.8,203.804879,2147.279699
1677,204.781529,2151.295994
1677.2,205.756393,2157.367722
1677.4,206.797934,2145.513328
1677.6,207.775327,2156.582557
1677.8,208.748959,2159.761357
1678,209.78953,2151.423975
1678.2,210.829153,2180.626331
1678.4,211.738467,2164.117448
1678.6,212.779858,2171.746601
1678.8,213.817569,2173.742657
1679,214.732577,2176.198892
1679.2,215.774033,2180.004268
1679.4,216.816681,2183.872784
1679.6,217.723645,2201.654381
1679.8,218.766326,2185.149822
1680,219.804759,2182.740441
1680.2,220.780527,2188.29776
1680.4,221.756274,2209.392993
1680.6,222.794025,2216.304077
1680.8,223.767776,2227.537478
1681,224.745682,2218.585441
1681.2,225.784862,2234.170657
1681.4,226.825882,2247.911828
1681.6,227.740061,2251.617658
1681.8,228.779018,2241.388378
1682,229.822319,2251.473938
1682.2,230.731896,2260.421648
1682.4,231.772689,2243.680364
1682.6,232.813674,2279.915748
1682.8,233.726867,2285.801391
1683,234.764446,2277.788906
1683.2,235.806856,2285.491874
1683.4,236.783275,2280.26047
1683.6,237.758055,2283.850731
1683.8,238.801932,2277.941579
1684,239.781839,2294.380881
1684.2,240.762393,2308.195718
1684.4,241.801417,2313.653685
1684.6,242.775062,2302.806903
1684.8,243.751259,2309.161233
1685,244.788904,2337.691545
1685.2,245.829701,2332.683427
1685.4,246.738336,2349.039881
1685.6,247.781568,2351.957115
1685.8,248.821365,2364.363346
1686,250.255646,2359.830042
1687,250.386693,2384.748107
1688,250.386693,2383.637733
1689,250.386693,2378.080643
1690,250.386693,2383.941722
1691,250.386693,2385.257226
1692,250.386693,2386.666277
1693,250.386693,2396.284515
1694,250.386693,2397.300095
1695,250.386693,2412.70064
1696,250.386693,2413.712348
1697,250.386693,2417.635991
1698,250.386693,2425.899238
1699,250.386693,2427.809786
1700,250.386693,2426.391213
1701,250.386693,2422.974895
1702,250.386693,2416.554983
1703,250.386693,2422.651816
1704,250.386693,2441.066167
1705,250.386693,2428.797382
1706,250.386693,2431.388342
1707,250.386693,2438.795785
1708,250.386693,2452.036147
1709,250.386693,2441.045867
1710,250.386693,2451.197514
1711,250.386693,2458.722869
1712,250.386693,2458.840444
1713,250.386693,2457.392339
1714,250.386693,2462.603236
1715,250.386693,2465.867922
1716,250.386693,2464.078405
1717,250.386693,2470.935808
1718,250.386693,2449.64691
1719,250.386693,2456.886376
1720,250.386693,2445.393513
1721,250.386693,2446.802623
1722,250.386693,2444.402577
1723,250.386693,2432.608759
1724,250.386693,2428.050769
1725,250.386693,2443.556579
1726,250.386693,2432.775628
1727,250.386693,2441.513514
1728,250.386693,2440.195532
1729,250.386693,2431.748214
1730,250.386693,2428.845001
1731,250.386693,2430.35524
1732,250.386693,2421.470644
1733,250.386693,2412.092789
1734,250.386693,2418.083723
1735,250.386693,2417.355098
1736,250.386693,2413.4737
1737,250.386693,2409.394092
1738,250.386693,2414.344477
1739,250.386693,2427.571059
1740,250.386693,2420.516517
1741,250.386693,2415.936631
1742,250.386693,2416.991406
1743,250.386693,2414.815122
1744,250.386693,2407.51006
1745,250.386693,2419.31811
1746,250.386693,2430.43725
1747,250.386693,2427.509372
1748,250.386693,2428.128424
1749,250.386693,2426.23204
1750,250.386693,2419.606978
1751,250.386693,2418.328959
1752,250.386693,2430.813653
1753,250.386693,2426.153967
1754,250.386693,2428.219769
1755,250.386693,2425.631409
1756,250.386693,2421.500022
1757,250.386693,2426.156464
1758,250.386693,2426.696409
1759,250.386693,2428.771915
1760,250.386693,2436.519732
1761,250.386693,2425.088932
1762,250.386693,2425.618369
1763,250.386693,2415.195248
1764,250.386693,2428.106883
1765,250.386693,2419.135881
1766,250.386693,2412.762358
1767,250.386693,2410.190361
1768,250.386693,2421.228612
1769,250.386693,2395.118414
1770,250.386693,2393.903884
1771,250.386693,2400.07234
1772,250.386693,2407.7532
1773,250.386693,2407.113534
1774,250.386693,2407.589453
1775,250.386693,2404.951804
1776,250.386693,2399.782059
1777,250.386693,2400.329578
1778,250.386693,2403.81524
1779,250.386693,2404.769158
1780,250.386693,2397.698078
1781,250.386693,2380.799787
1782,250.386693,2390.008654
1783,250.386693,2392.155211
1784,250.386693,2390.507429
1785,250.386693,2394.430172
1786,250.386693,2378.708159
1787,250.386693,2371.383344
1788,250.386693,2369.697317
1789,250.386693,2368.824949
1790,250.386693,2374.20062
1791,250.386693,2380.400186
1792,250.386693,2388.126696
1793,250.386693,2370.495659
1794,250.386693,2373.516255
1795,250.386693,2371.341354
1796,250.386693,2369.477514
1797,250.386693,2369.930171
1798,250.386693,2366.467988
1799,250.386693,2382.243372
1800,250.386693,2364.715173
1801,250.386693,2365.749078
1802,250.386693,2365.831326
1803,250.386693,2367.122493
1804,250.386693,2373.906162
1805,250.386693,2380.300031
1806,250.386693,2375.709472
1807,250.386693,2365.373651
1808,250.386693,2370.169897
1809,250.386693,2380.212674
1810,250.386693,2374.384306
1811,250.386693,2385.305212
1812,250.386693,2387.429788
1813,250.386693,2386.690321
1814,250.386693,2380.966697
1815,250.386693,2392.427259
1816,250.386693,2390.200691
1817,250.386693,2384.796553
1818,250.386693,2378.452015
1819,250.386693,2383.79464
1820,250.386693,2377.642612
1821,250.386693,2387.566818
1822,250.386693,2377.717785
1823,250.386693,2377.614185
1824,250.386693,2363.95935
1825,250.386693,2362.505361
1826,250.386693,2369.732039
1827,250.386693,2367.016399
1828,250.386693,2372.190192
1829,250.386693,2372.682691
1830,250.386693,2375.706832
1831,250.386693,2378.905381
1832,250.386693,2377.206812
1833,250.386693,2383.505163
1834,250.386693,2378.345889
1835,250.386693,2382.839954
1836,250.386693,2384.072038
1837,250.386693,2383.670979
1838,250.386693,2401.518089
1839,250.386693,2396.730996
1840,250.386693,2398.65844
1841,250.386693,2387.464447
1842,250.386693,2393.577131
1843,250.386693,2386.108607
1844,250.386693,2388.418632
1845,250.386693,2376.991493
1846,250.386693,2386.870107
1847,250.386693,2394.045899
1848,250.386693,2389.161644
1849,250.386693,2384.517521
1850,250.386693,2371.796379
1851,250.386693,2372.681846
1852,250.386693,2369.412281
1853,250.386693,2370.458811
1854,250.386693,2373.990392
1855,250.386693,2359.546393
1856,250.386693,2378.794477
1857,250.386693,2367.461998
1858,250.386693,2367.491031
1859,250.386693,2371.877272
1860,250.386693,2378.585904
1861,250.386693,2376.178901
1862,250.386693,2377.717547
1863,250.386693,2385.953112
1864,250.386693,2375.935176
1865,250.386693,2377.647494
1866,250.386693,2374.975616
1867,250.386693,2375.356572
1868,250.386693,2376.892464
1869,250.386693,2391.444183
1870,250.386693,2377.169737
1871,250.386693,2383.807719
1872,250.386693,2387.079521
1873,250.386693,2396.019979
1874,250.386693,2383.244255
1875,250.386693,2388.51861
1876,250.386693,2385.476973
1877,250.386693,2379.799567
1878,250.386693,2383.938654
1879,250.386693,2381.207473
1880,250.386693,2386.154397
1881,250.386693,2384.609494
1882,250.386693,2385.548143
1883,250.386693,2392.323774
1884,250.386693,2395.356263
1885,250.386693,2395.623061
1886,250.386693,2381.404765
1887,250.386693,2389.137833
1888,250.386693,2397.428842
1889,250.386693,2409.669161
1890,250.386693,2387.36341
1891,250.386693,2393.10229
1892,250.386693,2401.420276
1893,250.386693,2397.336902
1894,250.386693,2388.066759
1895,250.386693,2388.986502
1896,250.386693,2380.102904
1897,250.386693,2391.231771
1898,250.386693,2402.328077
1899,250.386693,2390.355616
1900,250.386693,2385.387114
1901,250.386693,2406.53549
1902,250.386693,2397.869173
1903,250.386693,2383.732379
1904,250.386693,2384.850014
1905,250.386693,2384.996904
1906,250.386693,2394.448166
1907,250.386693,2402.06693
1908,250.386693,2399.522911
1909,250.386693,2397.682773
1910,250.386693,2387.995747
1911,250.386693,2388.930536
1912,250.386693,2404.666932
1913,250.386693,2397.387245
1914,250.386693,2392.345108
1915,250.386693,2386.126936
1916,250.386693,2391.702414
1917,250.386693,2386.898555
1918,250.386693,2386.210445
1919,250.386693,2393.32406
1920,250.386693,2389.972604
1921,250.386693,2387.367906
1922,250.386693,2390.427017
1923,250.386693,2386.347533
1924,250.386693,2392.271376
1925,250.386693,2391.038749
1926,250.386693,2385.683842
1927,250.386693,2390.439156
1928,250.386693,2391.240267
1929,250.386693,2380.902764
1930,250.386693,2372.645784
1931,250.386693,2382.919803
1932,250.386693,2388.877179
1933,250.386693,2388.159966
1934,250.386693,2390.40078
1935,250.386693,2393.00271
1936,250.386693,2396.67883
1937,250.386693,2393.459588
1938,250.386693,2380.264984
1939,250.386693,2395.923961
1940,250.386693,2391.309727
1941,250.386693,2382.179103
1942,250.386693,2393.310767
1943,250.386693,2395.022057
1944,250.386693,2392.353701
1945,250.386693,2400.969359
1946,250.386693,2383.824946
1947,250.386693,2392.719459
1948,250.386693,2394.891583
1949,250.386693,2386.66686
1950,250.386693,2385.875203
1951,250.386693,2378.029767
1952,250.386693,2373.291574
1953,250.386693,2357.797469
1954,250.386693,2371.221633
1955,250.386693,2376.265981
1956,250.386693,2389.116344
1957,250.386693,2380.534018
1958,250.386693,2382.245101
1959,250.386693,2383.277321
1960,250.386693,2378.464455
1961,250.386693,2379.190406
1962,250.386693,2376.455967
1963,250.386693,2379.29609
1964,250.386693,2378.828913
1965,250.386693,2387.165099
1966,250.386693,2378.987437
1967,250.386693,2382.378437
1968,250.386693,2393.507335
1969,250.386693,2392.357258
1970,250.386693,2384.320083
1971,250.386693,2379.619732
1972,250.386693,2385.57322
1973,250.386693,2394.287353
1974,250.386693,2383.571707
1975,250.386693,2378.290635
1976,250.386693,2385.351812
1977,250.386693,2381.296972
1978,250.386693,2386.953266
1979,250.386693,2383.181582
1980,250.386693,2378.326478
1981,250.386693,2369.477729
1982,250.386693,2389.438854
1983,250.386693,2385.809187
1984,250.386693,2378.888996
1985,250.386693,2374.261851
1986,250.386693,2373.488152
1987,250.386693,2362.037152
1988,250.386693,2380.409993
1989,250.386693,2382.916879
1990,250.386693,2381.454382
1991,250.386693,2379.568074
1992,250.386693,2387.030651
1993,250.386693,2381.022137
1994,250.386693,2389.097918
1995,250.386693,2395.062285
1996,250.386693,2391.539424
1997,250.386693,2401.742531
1998,250.386693,2395.196991
1999,250.386693,2390.700537
2000,250.386693,2392.993317
2001,250.386693,2387.632351
2002,250.386693,2387.287623
2003,250.386693,2380.592349
2004,250.386693,2386.161312
2005,250.386693,2384.112454
2006,250.386693,2389.502079
2007,250.386693,2379.31306
2008,250.386693,2375.855298
2009,250.386693,2381.818908
2010,250.386693,2401.276991
2011,250.386693,2396.773718
2012,250.386693,2398.24339
2013,250.386693,2393.444134
2014,250.386693,2394.569214
2015,250.386693,2391.689692
2016,250.386693,2375.071734
2017,250.386693,2376.013809
2018,250.386693,2383.782736
2019,250.386693,2385.472179
2020,250.386693,2375.649852
2021,250.386693,2388.87781
2022,250.386693,2388.849554
2023,250.386693,2391.371899
2024,250.386693,2383.886836
2025,250.386693,2400.571426
2026,250.386693,2395.037486
2027,250.386693,2386.254446
2028,250.386693,2389.143787
2029,250.386693,2392.220027
2030,250.386693,2386.764751
2031,250.386693,2384.378258
2032,250.386693,2387.137747
2033,250.386693,2383.92031
2034,250.386693,2384.934898
2035,250.386693,2382.448459
2036,250.386693,2387.357157
2037,250.386693,2383.974257
2038,250.386693,2388.863315
2039,250.386693,2393.605622
2040,250.386693,2400.880928
2041,250.386693,2396.493906
2042,250.386693,2385.600318
2043,250.386693,2388.813905
2044,250.386693,2395.122415
2045,250.397793,2384.647703
2045.2,251.048098,2388.989406
2045.4,251.998485,2410.508518
2045.6,253.061357,2404.923014
2045.8,254.053728,2416.751088
2046,255.046028,2410.863774
2046.2,256.039236,2422.397765
2046.4,257.034845,2430.354935
2046.6,258.046741,2432.283496
2046.8,259.04623,2428.115837
2047,259.981007,2421.243023
2047.2,261.058799,2429.089175
2047.4,262.000551,2435.562662
2047.6,263.062907,2416.905625
2047.8,263.995848,2424.359459
2048,265.059065,2442.887323
2048.2,265.986993,2444.749565
2048.4,266.983426,2454.325776
2048.6,267.990537,2451.917816
2048.8,268.988285,2453.850504
2049,269.992735,2473.566355
2049.2,270.99277,2483.979764
2049.4,271.997604,2484.303636
2049.6,272.996118,2491.658307
2049.8,273.994237,2483.487167
2050,274.996154,2485.492484
2050.2,276.00894,2476.85746
2050.4,277.004777,2493.48063
2050.6,277.997687,2489.774936
2050.8,278.935891,2488.257683
2051,280.00227,2504.536127
2051.2,280.938016,2499.879645
2051.4,282.014556,2520.736928
2051.6,282.944434,2546.251245
2051.8,283.949383,2552.422601
2052,284.954588,2539.158235
2052.2,285.952905,2536.971214
2052.4,286.95783,2543.487657
2052.6,287.963098,2555.773132
2052.8,288.965605,2547.31578
2053,289.900035,2566.821346
2053.2,290.965429,2568.532947
2053.4,291.905403,2551.282027
2053.6,292.969866,2575.091821
2053.8,293.904509,2570.453491
2054,294.979283,2559.290172
2054.2,295.91114,2572.343294
2054.4,296.983944,2591.970967
2054.6,297.91858,2603.907988
2054.8,298.986451,2605.559561
2055,300.346511,2607.978537
2056,300.451693,2623.193934
2057,300.451693,2618.567621
2058,300.451693,2632.350122
2059,300.451693,2616.152804
2060,300.451693,2618.786017
2061,300.451693,2617.28278
2062,300.451693,2610.78676
2063,300.451693,2629.77536
2064,300.451693,2635.846835
2065,300.451693,2648.573252
2066,300.451693,2637.886167
2067,300.451693,2649.505705
2068,300.451693,2653.665469
2069,300.451693,2653.1154
2070,300.451693,2656.80935
2071,300.451693,2671.919113
2072,300.451693,2673.774032
2073,300.451693,2674.795837
2074,300.451693,2673.402157
2075,300.451693,2674.158742
2076,300.451693,2672.473269
2077,300.451693,2681.298231
2078,300.451693,2675.56894
2079,300.451693,2678.11963
2080,300.451693,2685.436629
2081,300.451693,2676.26789
2082,300.451693,2678.537836
2083,300.451693,2675.664564
2084,300.451693,2676.137924
2085,300.451693,2661.740656
2086,300.451693,2665.684669
2087,300.451693,2680.450371
2088,300.451693,2679.676496
2089,300.451693,2680.605089
2090,300.451693,2686.81687
2091,300.451693,2678.913512
2092,300.451693,2680.666404
2093,300.451693,2675.908806
2094,300.451693,2682.968532
2095,300.451693,2687.126128
2096,300.451693,2690.681155
2097,300.451693,2676.371291
2098,300.451693,2686.530647
2099,300.451693,2689.295375
2100,300.451693,2677.704074
2101,300.451693,2682.026094
2102,300.451693,2675.842889
2103,300.451693,2677.864371
2104,300.451693,2685.645174
2105,300.451693,2669.578494
2106,300.451693,2675.191133
2107,300.451693,2662.831258
2108,300.451693,2667.975966
2109,300.451693,2674.341596
2110,300.451693,2682.196034
2111,300.451693,2663.936183
2112,300.451693,2659.072557
2113,300.451693,2663.301564
2114,300.451693,2658.078332
2115,300.451693,2657.798744
2116,300.451693,2659.40871
2117,300.451693,2663.062886
2118,300.451693,2655.255049
2119,300.451693,2659.409837
2120,300.451693,2664.32181
2121,300.451693,2650.504945
2122,300.451693,2653.806109
2123,300.451693,2665.02854
2124,300.451693,2663.673296
2125,300.451693,2660.246895
2126,300.451693,2652.117779
2127,300.451693,2641.198719
2128,300.451693,2643.999323
2129,300.451693,2649.397501
2130,300.451693,2651.889408
2131,300.451693,2651.057224
2132,300.451693,2654.518734
2133,300.451693,2658.031535
2134,300.451693,2642.118749
2135,300.451693,2654.231278
2136,300.451693,2651.164079
2137,300.451693,2648.830279
2138,300.451693,2658.122261
2139,300.451693,2651.76232
2140,300.451693,2644.604628
2141,300.451693,2642.69682
2142,300.451693,2659.284692
2143,300.451693,2652.735869
2144,300.451693,2646.023627
2145,300.451693,2627.875965
2146,300.451693,2647.58963
2147,300.451693,2633.645338
2148,300.451693,2635.974984
2149,300.451693,2634.815804
2150,300.451693,2620.41912
2151,300.451693,2629.331552
2152,300.451693,2630.673544
2153,300.451693,2638.754513
2154,300.451693,2632.638541
2155,300.451693,2621.319915
2156,300.451693,2622.809158
2157,300.451693,2614.832268
2158,300.451693,2629.246171
2159,300.451693,2613.154463
2160,300.451693,2617.068702
2161,300.451693,2626.508771
2162,300.451693,2630.30964
2163,300.451693,2637.301149
2164,300.451693,2633.886516
2165,300.451693,2638.77183
2166,300.451693,2641.764699
2167,300.451693,2626.261863
2168,300.451693,2639.316112
2169,300.451693,2635.134914
2170,300.451693,2639.422285
2171,300.451693,2626.965025
2172,300.451693,2637.866243
2173,300.451693,2643.282317
2174,300.451693,2625.705965
2175,300.451693,2624.707374
2176,300.451693,2624.339392
2177,300.451693,2638.033495
2178,300.451693,2616.850283
2179,300.451693,2622.20531
2180,300.451693,2620.501376
2181,300.451693,2598.672376
2182,300.451693,2611.66803
2183,300.451693,2617.379441
2184,300.451693,2612.186626
2185,300.451693,2605.022666
2186,300.451693,2609.945578
2187,300.451693,2618.78064
2188,300.451693,2625.695115
2189,300.451693,2640.268153
2190,300.451693,2627.139462
2191,300.451693,2627.950015
2192,300.451693,2619.095771
2193,300.451693,2614.200204
2194,300.451693,2619.163513
2195,300.451693,2620.142559
2196,300.451693,2631.753906
2197,300.451693,2619.519368
2198,300.451693,2616.01601
2199,300.451693,2613.211383
2200,300.451693,2621.750917
2201,300.451693,2605.440267
2202,300.451693,2615.64633
2203,300.451693,2620.160669
2204,300.451693,2632.291415
2205,300.451693,2635.639129
2206,300.451693,2630.968433
2207,300.451693,2623.668802
2208,300.451693,2622.99269
2209,300.451693,2625.428677
2210,300.451693,2615.74578
2211,300.451693,2628.010595
2212,300.451693,2625.425831
2213,300.451693,2625.037386
2214,300.451693,2622.760518
2215,300.451693,2641.556528
2216,300.451693,2638.116879
2217,300.451693,2634.032968
2218,300.451693,2631.987742
2219,300.451693,2642.2665
2220,300.451693,2632.064483
2221,300.451693,2636.484125
2222,300.451693,2633.78188
2223,300.451693,2629.187809
2224,300.451693,2619.356685
2225,300.451693,2623.262566
2226,300.451693,2636.145319
2227,300.451693,2633.924025
2228,300.451693,2637.064198
2229,300.451693,2650.576786
2230,300.451693,2633.37696
2231,300.451693,2646.418971
2232,300.451693,2633.849773
2233,300.451693,2632.248909
2234,300.451693,2643.517485
2235,300.451693,2637.60711
2236,300.451693,2635.861688
2237,300.451693,2630.445896
2238,300.451693,2624.719936
2239,300.451693,2648.586097
2240,300.451693,2641.933322
2241,300.451693,2647.574797
2242,300.451693,2646.49588
2243,300.451693,2642.553707
2244,300.451693,2640.338386
2245,300.451693,2632.359167
2246,300.451693,2641.445375
2247,300.451693,2639.029384
2248,300.451693,2648.042901
2249,300.451693,2644.621082
2250,300.451693,2652.370918
2251,300.451693,2638.59575
2252,300.451693,2654.255069
2253,300.451693,2654.790777
2254,300.451693,2641.873897
2255,300.451693,2651.397843
2256,300.451693,2649.611935
2257,300.451693,2634.765777
2258,300.451693,2653.670531
2259,300.451693,2649.052657
2260,300.451693,2633.545461
2261,300.451693,2641.51068
2262,300.451693,2643.369756
2263,300.451693,2624.194969
2264,300.451693,2644.284038
2265,300.451693,2643.266511
2266,300.451693,2645.892734
2267,300.451693,2648.138692
2268,300.451693,2647.844276
2269,300.451693,2645.862532
2270,300.451693,2646.580587
2271,300.451693,2637.138881
2272,300.451693,2649.297473
2273,300.451693,2651.24746
2274,300.451693,2653.621286
2275,300.451693,2646.25962
2276,300.451693,2634.769689
2277,300.451693,2643.129141
2278,300.451693,2642.449583
2279,300.451693,2633.554573
2280,300.451693,2640.506083
2281,300.451693,2635.726733
2282,300.451693,2632.086326
2283,300.451693,2638.067153
2284,300.451693,2641.325088
2285,300.451693,2631.814828
2286,300.451693,2629.421144
2287,300.451693,2633.9562
2288,300.451693,2633.16036
2289,300.451693,2635.251705
2290,300.451693,2618.328952
2291,300.451693,2634.100634
2292,300.451693,2639.512716
2293,300.451693,2640.181455
2294,300.451693,2634.65227
2295,300.451693,2639.273184
2296,300.451693,2641.59425
2297,300.451693,2634.933751
2298,300.451693,2635.791198
2299,300.451693,2639.000503
2300,300.451693,2636.09817
2301,300.451693,2645.169265
2302,300.451693,2629.147048
2303,300.451693,2634.488919
2304,300.451693,2627.594974
2305,300.451693,2627.540351
2306,300.451693,2614.573364
2307,300.451693,2626.762405
2308,300.451693,2622.229973
2309,300.451693,2625.385217
2310,300.451693,2631.674728
2311,300.451693,2630.992051
2312,300.451693,2635.91002
2313,300.451693,2623.137854
2314,300.451693,2641.584205
2315,300.451693,2639.370858
2316,300.451693,2631.891093
2317,300.451693,2643.134734
2318,300.451693,2635.138122
2319,300.451693,2656.433798
2320,300.451693,2656.793679
2321,300.451693,2649.712259
2322,300.451693,2638.549762
2323,300.451693,2643.527369
2324,300.451693,2641.823735
2325,300.451693,2640.093313
2326,300.451693,2638.041073
2327,300.451693,2646.627499
2328,300.451693,2632.919085
2329,300.451693,2642.20445
2330,300.451693,2642.28667
2331,300.451693,2648.413737
2332,300.451693,2634.705964
2333,300.451693,2630.504126
2334,300.451693,2637.117442
2335,300.451693,2642.059444
2336,300.451693,2644.91591
2337,300.451693,2648.958951
2338,300.451693,2645.661112
2339,300.451693,2647.923952
2340,300.451693,2639.999967
2341,300.451693,2643.909287
2342,300.451693,2638.789882
2343,300.451693,2647.174405
2344,300.451693,2648.516344
2345,300.451693,2654.751676
2346,300.451693,2644.577172
2347,300.451693,2646.56983
2348,300.451693,2645.088517
2349,300.451693,2650.532363
2350,300.451693,2645.418134
2351,300.451693,2648.75998
2352,300.451693,2644.47398
2353,300.451693,2630.987543
2354,300.451693,2652.456133
2355,300.451693,2652.751273
2356,300.451693,2653.136525
2357,300.451693,2648.601925
2358,300.451693,2653.588775
2359,300.451693,2644.395
2360,300.451693,2643.888663
2361,300.451693,2652.735299
2362,300.451693,2655.520877
2363,300.451693,2658.783415
2364,300.451693,2641.559013
2365,300.451693,2653.059726
2366,300.451693,2657.401849
2367,300.451693,2664.469595
2368,300.451693,2669.186753
2369,300.451693,2657.105134
2370,300.451693,2661.075224
2371,300.451693,2652.956072
2372,300.451693,2669.506423
2373,300.451693,2646.113347
2374,300.451693,2665.285142
2375,300.451693,2662.083611
2376,300.451693,2671.253614
2377,300.451693,2664.973914
2378,300.451693,2660.717283
2379,300.451693,2657.807182
2380,300.451693,2656.674038
2381,300.451693,2658.3997
2382,300.451693,2658.784281
2383,300.451693,2658.013673
2384,300.451693,2648.984921
2385,300.451693,2652.097598
2386,300.451693,2650.466733
2387,300.451693,2650.02887
2388,300.451693,2639.641853
2389,300.451693,2648.240235
2390,300.451693,2648.302093
2391,300.451693,2645.853362
2392,300.451693,2664.337001
2393,300.451693,2658.148334
2394,300.451693,2639.475309
2395,300.451693,2637.346549
2396,300.451693,2652.836138
2397,300.451693,2646.746484
2398,300.451693,2651.802364
2399,300.451693,2649.45681
2400,300.447787,2650.723431
2400.2,299.841371,2656.629072
2400.4,298.805768,2653.837612
2400.6,297.862489,2663.547216
2400.8,296.782556,2649.276153
2401,295.837635,2649.188557
2401.2,294.824487,2656.100457
2401.4,293.812764,2651.629352
2401.6,292.866273,2657.120496
2401.8,291.852676,2625.754531
2402,290.835215,2637.808783
2402.2,289.822207,2645.41491
2402.4,288.814882,2621.890723
2402.6,287.867746,2604.108236
2402.8,286.857292,2627.14024
2403,285.847098,2627.765879
2403.2,284.83567,2597.364479
2403.4,283.821302,2623.17049
2403.6,282.871428,2598.143876
2403.8,281.860088,2586.095237
2404,280.85101,2606.403664
2404.2,279.839768,2593.702573
2404.4,278.829158,2598.971854
2404.6,277.882018,2594.260331
2404.8,276.868662,2580.298073
2405,275.855254,2580.601465
2405.2,274.842259,2587.423078
2405.4,273.829944,2569.326021
2405.6,272.884907,2565.512027
2405.8,271.873197,2564.656382
2406,270.862174,2560.725803
2406.2,269.850081,2568.639196
2406.4,268.838918,2524.015235
2406.6,267.895071,2544.522285
2406.8,266.884922,2556.303026
2407,265.869743,2521.549919
2407.2,264.854323,2510.086306
2407.4,263.843691,2484.894977
2407.6,262.898393,2503.785399
2407.8,261.882042,2513.129161
2408,260.869465,2510.476165
2408.2,259.857273,2509.929047
2408.4,258.847177,2494.333237
2408.6,257.901,2500.385993
2408.8,256.887619,2464.066235
2409,255.878047,2477.172389
2409.2,254.865089,2496.434119
2409.4,253.850296,2504.373335
2409.6,252.906329,2480.173177
2409.8,251.895532,2480.221446
2410,250.881663,2482.796136
2410.2,249.594277,2470.632916
2411.2,249.526693,2465.603946
2412.2,249.526693,2466.451927
2413.2,249.526693,2472.322357
2414.2,249.526693,2483.607653
2415.2,249.526693,2485.505545
2416.2,249.526693,2498.761466
2417.2,249.526693,2518.253546
2418.2,249.526693,2506.031434
2419.2,249.526693,2514.415988
2420.2,249.526693,2515.03358
2421.2,249.526693,2513.650496
2422.2,249.526693,2522.861678
2423.2,249.526693,2516.719285
2424.2,249.526693,2521.458339
2425.2,249.526693,2523.634011
2426.2,249.526693,2539.081651
2427.2,249.526693,2540.57006
2428.2,249.526693,2526.376567
2429.2,249.526693,2536.550018
2430.2,249.526693,2540.099924
2431.2,249.526693,2546.150628
2432.2,249.526693,2519.767719
2433.2,249.526693,2535.16622
2434.2,249.526693,2531.750859
2435.2,249.526693,2515.78423
2436.2,249.526693,2541.131973
2437.2,249.526693,2533.671371
2438.2,249.526693,2538.492483
2439.2,249.526693,2533.615193
2440.2,249.526693,2545.894642
2441.2,249.526693,2525.731018
2442.2,249.526693,2536.238451
2443.2,249.526693,2525.646437
2444.2,249.526693,2529.240898
2445.2,249.526693,2533.372444
2446.2,249.526693,2534.711698
2447.2,249.526693,2541.946341
2448.2,249.526693,2539.597327
2449.2,249.526693,2538.562211
2450.2,249.526693,2537.110922
2451.2,249.526693,2525.059824
2452.2,249.526693,2532.57534
2453.2,249.526693,2525.973935
2454.2,249.526693,2520.208906
2455.2,249.526693,2528.549266
2456.2,249.526693,2522.927053
2457.2,249.526693,2527.001578
2458.2,249.526693,2519.676173
2459.2,249.526693,2508.967812
2460.2,249.526693,2517.007915
2461.2,249.526693,2521.600431
2462.2,249.526693,2525.995474
2463.2,249.526693,2529.005811
2464.2,249.526693,2532.513072
2465.2,249.526693,2534.979501
2466.2,249.526693,2530.099772
2467.2,249.526693,2537.249049
2468.2,249.526693,2537.551276
2469.2,249.526693,2536.329349
2470.2,249.526693,2515.406289
2471.2,249.526693,2521.764157
2472.2,249.526693,2530.381074
2473.2,249.526693,2532.085574
2474.2,249.526693,2523.279049
2475.2,249.526693,2525.375424
2476.2,249.526693,2506.49591
2477.2,249.526693,2529.006582
2478.2,249.526693,2516.459299
2479.2,249.526693,2506.655004
2480.2,249.526693,2511.238773
2481.2,249.526693,2517.024784
2482.2,249.526693,2504.915544
2483.2,249.526693,2501.297241
2484.2,249.526693,2497.263668
2485.2,249.526693,2483.163307
2486.2,249.526693,2492.544702
2487.2,249.526693,2484.832781
2488.2,249.526693,2485.391693
2489.2,249.526693,2494.393236
2490.2,249.526693,2497.029557
2491.2,249.526693,2485.602151
2492.2,249.526693,2487.453076
2493.2,249.526693,2487.169823
2494.2,249.526693,2482.542832
2495.2,249.526693,2483.733691
2496.2,249.526693,2495.908084
2497.2,249.526693,2492.194998
2498.2,249.526693,2494.617911
2499.2,249.526693,2489.899647
2500.2,249.526693,2493.333315
2501.2,249.526693,2497.699882
2502.2,249.526693,2479.379155
2503.2,249.526693,2494.475627
2504.2,249.526693,2487.278502
2505.2,249.526693,2487.219392
2506.2,249.526693,2467.331406
2507.2,249.526693,2474.721258
2508.2,249.526693,2487.526003
2509.2,249.526693,2482.399323
2510.2,249.526693,2464.077174
2511.2,249.526693,2484.331106
2512.2,249.526693,2479.771213
2513.2,249.526693,2483.748458
2514.2,249.526693,2477.385787
2515.2,249.526693,2480.074194
2516.2,249.526693,2482.356235
2517.2,249.526693,2474.132408
2518.2,249.526693,2476.030165
2519.2,249.526693,2472.647796
2520.2,249.526693,2480.462663
2521.2,249.526693,2471.494131
2522.2,249.526693,2480.629999
2523.2,249.526693,2472.255558
2524.2,249.526693,2478.503518
2525.2,249.526693,2482.052371
2526.2,249.526693,2472.801984
2527.2,249.526693,2482.609449
2528.2,249.526693,2478.324153
2529.2,249.526693,2474.503291
2530.2,249.526693,2478.185791
2531.2,249.526693,2487.890345
2532.2,249.526693,2474.90816
2533.2,249.526693,2478.41268
2534.2,249.526693,2478.35735
2535.2,249.526693,2485.92543
2536.2,249.526693,2483.9053
2537.2,249.526693,2486.079934
2538.2,249.526693,2488.33083
2539.2,249.526693,2496.283023
2540.2,249.526693,2499.464128
2541.2,249.526693,2494.380826
2542.2,249.526693,2485.187151
2543.2,249.526693,2501.063101
2544.2,249.526693,2497.841405
2545.2,249.526693,2497.375895
2546.2,249.526693,2493.355525
2547.2,249.526693,2484.37951
2548.2,249.526693,2499.411136
2549.2,249.526693,2495.15757
2550.2,249.526693,2496.550578
2551.2,249.526693,2492.032293
2552.2,249.526693,2482.487534
2553.2,249.526693,2490.66519
2554.2,249.526693,2476.428905
2555.2,249.526693,2483.705272
2556.2,249.526693,2485.200037
2557.2,249.526693,2483.964434
2558.2,249.526693,2478.579568
2559.2,249.526693,2489.690642
2560.2,249.526693,2482.475851
2561.2,249.526693,2494.900333
2562.2,249.526693,2474.167966
2563.2,249.526693,2486.084132
2564.2,249.526693,2480.242086
2565.2,249.526693,2476.221082
2566.2,249.526693,2481.018005
2567.2,249.526693,2489.119171
2568.2,249.526693,2493.306603
2569.2,249.526693,2492.813455
2570.2,249.526693,2486.589402
2571.2,249.526693,2491.720594
2572.2,249.526693,2481.712356
2573.2,249.526693,2482.93176
2574.2,249.526693,2480.282788
2575.2,249.526693,2492.971376
2576.2,249.526693,2484.626518
2577.2,249.526693,2493.202152
2578.2,249.526693,2490.245293
2579.2,249.526693,2482.902129
2580.2,249.526693,2485.922332
2581.2,249.526693,2496.394325
2582.2,249.526693,2488.711665
2583.2,249.526693,2479.988645
2584.2,249.526693,2477.459108
2585.2,249.526693,2480.720488
2586.2,249.526693,2466.959947
2587.2,249.526693,2495.17437
2588.2,249.526693,2481.907502
2589.2,249.526693,2488.431569
2590.2,249.526693,2484.975339
2591.2,249.526693,2484.138156
2592.2,249.526693,2483.61451
2593.2,249.526693,2479.627883
2594.2,249.526693,2479.7844
2595.2,249.526693,2475.725687
2596.2,249.526693,2472.669268
2597.2,249.526693,2469.825131
2598.2,249.526693,2469.588017
2599.2,249.526693,2470.524187
2600.2,249.526693,2479.195359
2601.2,249.526693,2471.058046
2602.2,249.526693,2476.762944
2603.2,249.526693,2479.983186
2604.2,249.526693,2472.666306
2605.2,249.526693,2484.140442
2606.2,249.526693,2475.110468
2607.2,249.526693,2477.282614
2608.2,249.526693,2493.926016
2609.2,249.526693,2485.547226
2610.2,249.526693,2476.329336
2611.2,249.526693,2484.049286
2612.2,249.526693,2465.634147
2613.2,249.526693,2483.518975
2614.2,249.526693,2475.941845
2615.2,249.526693,2482.835783
2616.2,249.526693,2474.540191
2617.2,249.526693,2470.689521
2618.2,249.526693,2473.872554
2619.2,249.526693,2468.065995
2620.2,249.526693,2475.988217
2621.2,249.526693,2481.595254
2622.2,249.526693,2486.193538
2623.2,249.526693,2480.179039
2624.2,249.526693,2499.368852
2625.2,249.526693,2490.546082
2626.2,249.526693,2480.541888
2627.2,249.526693,2485.423439
2628.2,249.526693,2491.094816
2629.2,249.526693,2486.978476
2630.2,249.526693,2490.392706
2631.2,249.526693,2490.023508
2632.2,249.526693,2477.409316
2633.2,249.526693,2481.12587
2634.2,249.526693,2482.189198
2635.2,249.526693,2482.159315
2636.2,249.526693,2488.883688
2637.2,249.526693,2495.496507
2638.2,249.526693,2487.868136
2639.2,249.526693,2488.131232
2640.2,249.526693,2499.448883
2641.2,249.526693,2496.254958
2642.2,249.526693,2496.340918
2643.2,249.526693,2484.510689
2644.2,249.526693,2502.690725
2645.2,249.526693,2498.913173
2646.2,249.526693,2486.814162
2647.2,249.526693,2498.289824
2648.2,249.526693,2499.813778
2649.2,249.526693,2498.379418
2650.2,249.526693,2496.062467
2651.2,249.526693,2501.234344
2652.2,249.526693,2491.720986
2653.2,249.526693,2490.338577
2654.2,249.526693,2503.718071
2655.2,249.526693,2489.925476
2656.2,249.526693,2488.258558
2657.2,249.526693,2488.787014
2658.2,249.526693,2488.381977
2659.2,249.526693,2486.077181
2660.2,249.526693,2499.063429
2661.2,249.526693,2496.019988
2662.2,249.526693,2488.016778
2663.2,249.526693,2489.64275
2664.2,249.526693,2500.983307
2665.2,249.526693,2493.863819
2666.2,249.526693,2493.657029
2667.2,249.526693,2491.751314
2668.2,249.526693,2491.535249
2669.2,249.526693,2487.990201
2670.2,249.526693,2492.806678
2671.2,249.526693,2480.855186
2672.2,249.526693,2483.561201
2673.2,249.526693,2490.986013
2674.2,249.526693,2497.636064
2675.2,249.526693,2486.513599
2676.2,249.526693,2488.911895
2677.2,249.526693,2487.075602
2678.2,249.526693,2486.709768
2679.2,249.526693,2495.983034
2680.2,249.526693,2485.969564
2681.2,249.526693,2482.237904
2682.2,249.526693,2490.358661
2683.2,249.526693,2498.718378
2684.2,249.526693,2490.884327
2685.2,249.526693,2501.134329
2686.2,249.526693,2486.355686
2687.2,249.526693,2493.722664
2688.2,249.526693,2498.695092
2689.2,249.526693,2490.451031
2690.2,249.526693,2498.468714
2691.2,249.526693,2497.444574
2692.2,249.526693,2489.954178
2693.2,249.526693,2482.204355
2694.2,249.526693,2482.839625
2695.2,249.526693,2486.643103
2696.2,249.526693,2482.047894
2697.2,249.526693,2484.654898
2698.2,249.526693,2485.976093
2699.2,249.526693,2494.850767
2700.2,249.526693,2485.300203
2701.2,249.526693,2492.97111
2702.2,249.526693,2500.682699
2703.2,249.526693,2481.655346
2704.2,249.526693,2492.838703
2705.2,249.526693,2491.041708
2706.2,249.526693,2482.269628
2707.2,249.526693,2484.764231
2708.2,249.526693,2481.899374
2709.2,249.526693,2474.674931
2710.2,249.526693,2478.015355
2711.2,249.526693,2478.626619
2712.2,249.526693,2493.472574
2713.2,249.526693,2486.930349
2714.2,249.526693,2497.572268
2715.2,249.526693,2491.267923
2716.2,249.526693,2487.885029
2717.2,249.526693,2485.024663
2718.2,249.526693,2482.868577
2719.2,249.526693,2508.701536
2720.2,249.526693,2474.920547
2721.2,249.526693,2489.775776
2722.2,249.526693,2496.627998
2723.2,249.526693,2487.417745
2724.2,249.526693,2492.144299
2725.2,249.526693,2488.835186
2726.2,249.526693,2481.667714
2727.2,249.526693,2492.596616
2728.2,249.526693,2488.733596
2729.2,249.526693,2485.351157
2730.2,249.526693,2497.733973
2731.2,249.526693,2489.813179
2732.2,249.526693,2492.270429
2733.2,249.523388,2501.871374
2733.4,248.912911,2496.653579
2733.6,247.942773,2494.684525
2733.8,246.920266,2462.045909
2734,245.908246,2476.753183
2734.2,244.965772,2468.97206
2734.4,243.951874,2470.312427
2734.6,242.995109,2463.959311
2734.8,241.980384,2477.868867
2735,241.03073,2452.741829
2735.2,240.012412,2471.339211
2735.4,239.056698,2481.022222
2735.6,238.033908,2433.747963
2735.8,237.08903,2449.15
2736,236.071618,2448.920296
2736.2,235.051874,2434.185865
2736.4,234.108432,2454.370764
2736.6,233.088789,2446.051755
2736.8,232.142168,2431.109386
2737,231.123377,2453.105284
2737.2,230.173913,2449.175157
2737.4,229.152808,2429.801052
2737.6,228.129661,2424.482599
2737.8,227.175898,2404.440738
2738,226.221677,2394.276661
2738.2,225.203379,2405.603297
2738.4,224.179062,2395.468146
2738.6,223.216662,2396.734906
2738.8,222.264614,2426.747973
2739,221.257732,2379.34283
2739.2,220.248351,2350.853527
2739.4,219.311901,2366.53573
2739.6,218.300446,2359.96946
2739.8,217.283478,2379.245345
2740,216.341193,2361.608548
2740.2,215.331838,2381.465566
2740.4,214.318001,2365.475187
2740.6,213.360598,2364.311966
2740.8,212.410524,2362.909166
2741,211.39995,2355.871267
2741.2,210.390198,2345.849466
2741.4,209.432082,2320.631137
2741.6,208.40641,2336.347337
2741.8,207.388965,2340.230129
2742,206.444023,2342.164128
2742.2,205.426282,2347.06873
2742.4,204.468309,2339.708271
2742.6,203.443638,2323.720378
2742.8,202.502162,2329.957171
2743,201.488738,2333.576076
2743.2,200.472478,2313.999103
2743.4,199.542255,2324.105796
2744.4,199.516693,2338.854941
2745.4,199.516693,2342.926915
2746.4,199.516693,2384.662765
2747.4,199.516693,2377.181647
2748.4,199.516693,2377.741991
2749.4,199.516693,2376.403204
2750.4,199.516693,2397.14876
2751.4,199.516693,2397.376167
2752.4,199.516693,2403.114569
2753.4,199.516693,2395.198795
2754.4,199.516693,2389.837397
2755.4,199.516693,2384.430593
2756.4,199.516693,2392.434526
2757.4,199.516693,2381.602669
2758.4,199.516693,2382.693142
2759.4,199.516693,2387.668726
2760.4,199.516693,2398.915843
2761.4,199.516693,2394.853167
2762.4,199.516693,2406.361492
2763.4,199.516693,2400.341329
2764.4,199.516693,2392.286218
2765.4,199.516693,2400.796337
2766.4,199.516693,2399.919821
2767.4,199.516693,2405.385513
2768.4,199.516693,2410.241266
2769.4,199.516693,2419.171046
2770.4,199.516693,2417.413225
2771.4,199.516693,2413.84678
2772.4,199.516693,2405.427933
2773.4,199.516693,2414.517965
2774.4,199.516693,2410.617427
2775.4,199.516693,2409.807664
2776.4,199.516693,2406.349605
2777.4,199.516693,2410.341489
2778.4,199.516693,2410.147471
2779.4,199.516693,2408.142009
2780.4,199.516693,2395.474884
2781.4,199.516693,2397.878102
2782.4,199.516693,2398.387509
2783.4,199.516693,2402.201375
2784.4,199.516693,2406.672716
2785.4,199.516693,2412.625266
2786.4,199.516693,2408.110203
2787.4,199.516693,2414.654158
2788.4,199.516693,2400.400052
2789.4,199.516693,2388.020766
2790.4,199.516693,2404.098496
2791.4,199.516693,2404.22313
2792.4,199.516693,2404.703495
2793.4,199.516693,2399.18625
2794.4,199.516693,2400.434916
2795.4,199.516693,2385.690589
2796.4,199.516693,2389.595196
2797.4,199.516693,2394.992715
2798.4,199.516693,2394.756968
2799.4,199.516693,2394.780215
2800.4,199.516693,2381.235786
2801.4,199.516693,2381.655
2802.4,199.516693,2386.836945
2803.4,199.516693,2376.689774
2804.4,199.516693,2386.497554
2805.4,199.516693,2372.743433
2806.4,199.516693,2368.03165
2807.4,199.516693,2385.348542
2808.4,199.516693,2373.965361
2809.4,199.516693,2375.333655
2810.4,199.516693,2369.121531
2811.4,199.516693,2370.610467
2812.4,199.516693,2370.131597
2813.4,199.516693,2367.377161
2814.4,199.516693,2363.39097
2815.4,199.516693,2379.421378
2816.4,199.516693,2370.013556
2817.4,199.516693,2365.445751
2818.4,199.516693,2356.013488
2819.4,199.516693,2357.683486
2820.4,199.516693,2347.396094
2821.4,199.516693,2340.994309
2822.4,199.516693,2336.495923
2823.4,199.516693,2341.367353
2824.4,199.516693,2342.090961
2825.4,199.516693,2343.793848
2826.4,199.516693,2346.922218
2827.4,199.516693,2346.931018
2828.4,199.516693,2344.627724
2829.4,199.516693,2337.669802
2830.4,199.516693,2319.261295
2831.4,199.516693,2345.934226
2832.4,199.516693,2353.09179
2833.4,199.516693,2343.068875
2834.4,199.516693,2344.18309
2835.4,199.516693,2347.213822
2836.4,199.516693,2346.429584
2837.4,199.516693,2352.992325
2838.4,199.516693,2348.738789
2839.4,199.516693,2352.126901
2840.4,199.516693,2341.924204
2841.4,199.516693,2343.704443
2842.4,199.516693,2340.530666
2843.4,199.516693,2348.004202
2844.4,199.516693,2348.864752
2845.4,199.516693,2345.81597
2846.4,199.516693,2335.619062
2847.4,199.516693,2329.940531
2848.4,199.516693,2330.052174
2849.4,199.516693,2336.226387
2850.4,199.516693,2331.520191
2851.4,199.516693,2322.621545
2852.4,199.516693,2326.906333
2853.4,199.516693,2336.491686
2854.4,199.516693,2330.685203
2855.4,199.516693,2317.952233
2856.4,199.516693,2320.236936
2857.4,199.516693,2321.53446
2858.4,199.516693,2325.787092
2859.4,199.516693,2338.568664
2860.4,199.516693,2333.241104
2861.4,199.516693,2329.52744
2862.4,199.516693,2322.892316
2863.4,199.516693,2333.63002
2864.4,199.516693,2333.115067
2865.4,199.516693,2337.440473
2866.4,199.516693,2332.720198
2867.4,199.516693,2330.601838
2868.4,199.516693,2328.219574
2869.4,199.516693,2318.469126
2870.4,199.516693,2316.557288
2871.4,199.516693,2319.249196
2872.4,199.516693,2324.44596
2873.4,199.516693,2332.919632
2874.4,199.516693,2330.772896
2875.4,199.516693,2336.810114
2876.4,199.516693,2340.77027
2877.4,199.516693,2343.956797
2878.4,199.516693,2343.778804
2879.4,199.516693,2340.136321
2880.4,199.516693,2341.403007
2881.4,199.516693,2343.095369
2882.4,199.516693,2344.138199
2883.4,199.516693,2345.840839
2884.4,199.516693,2346.660431
2885.4,199.516693,2337.34336
2886.4,199.516693,2351.554027
2887.4,199.516693,2345.955022
2888.4,199.516693,2359.356856
2889.4,199.516693,2340.788445
2890.4,199.516693,2343.828877
2891.4,199.516693,2353.551998
2892.4,199.516693,2349.397867
2893.4,199.516693,2341.892851
2894.4,199.516693,2339.893995
2895.4,199.516693,2335.111187
2896.4,199.516693,2333.920928
2897.4,199.516693,2346.450061
2898.4,199.516693,2342.17989
2899.4,199.516693,2350.96508
2900.4,199.516693,2344.63391
2901.4,199.516693,2332.977376
2902.4,199.516693,2331.115662
2903.4,199.516693,2322.981398
2904.4,199.516693,2343.082615
2905.4,199.516693,2343.420797
2906.4,199.516693,2338.689628
2907.4,199.516693,2353.586967
2908.4,199.516693,2341.455756
2909.4,199.516693,2347.331481
2910.4,199.516693,2349.33376
2911.4,199.516693,2361.729189
2912.4,199.516693,2351.803396
2913.4,199.516693,2348.279133
2914.4,199.516693,2350.795458
2915.4,199.516693,2351.655479
2916.4,199.516693,2354.563048
2917.4,199.516693,2359.906563
2918.4,199.516693,2360.239444
2919.4,199.516693,2356.27371
2920.4,199.516693,2350.050817
2921.4,199.516693,2345.110928
2922.4,199.516693,2331.153488
2923.4,199.516693,2337.593059
2924.4,199.516693,2337.035276
2925.4,199.516693,2345.110619
2926.4,199.516693,2343.136246
2927.4,199.516693,2340.534739
2928.4,199.516693,2349.732427
2929.4,199.516693,2341.65881
2930.4,199.516693,2342.202527
2931.4,199.516693,2341.540154
2932.4,199.516693,2350.636715
2933.4,199.516693,2356.153748
2934.4,199.516693,2355.794337
2935.4,199.516693,2346.95561
2936.4,199.516693,2345.221605
2937.4,199.516693,2351.959432
2938.4,199.516693,2350.110224
2939.4,199.516693,2354.426836
2940.4,199.516693,2355.757862
2941.4,199.516693,2345.326845
2942.4,199.516693,2346.200938
2943.4,199.516693,2346.30539
2944.4,199.516693,2335.186991
2945.4,199.516693,2353.974915
2946.4,199.516693,2339.409126
2947.4,199.516693,2337.983541
2948.4,199.516693,2353.682486
2949.4,199.516693,2341.745705
2950.4,199.516693,2339.516102
2951.4,199.516693,2350.710237
2952.4,199.516693,2358.145583
2953.4,199.516693,2367.76771
2954.4,199.516693,2348.724857
2955.4,199.516693,2346.334202
2956.4,199.516693,2356.694327
2957.4,199.516693,2356.052589
2958.4,199.516693,2345.148437
2959.4,199.516693,2351.797672
2960.4,199.516693,2346.943145
2961.4,199.516693,2358.839369
2962.4,199.516693,2359.561206
2963.4,199.516693,2352.135006
2964.4,199.516693,2374.015312
2965.4,199.516693,2364.698731
2966.4,199.516693,2353.204444
2967.4,199.516693,2358.702127
2968.4,199.516693,2354.915171
2969.4,199.516693,2361.205718
2970.4,199.516693,2357.402557
2971.4,199.516693,2361.964351
2972.4,199.516693,2359.466915
2973.4,199.516693,2344.594657
2974.4,199.516693,2359.050718
2975.4,199.516693,2355.857799
2976.4,199.516693,2344.437254
2977.4,199.516693,2360.841723
2978.4,199.516693,2353.684496
2979.4,199.516693,2360.195257
2980.4,199.516693,2349.53182
2981.4,199.516693,2356.562618
2982.4,199.516693,2351.461283
2983.4,199.516693,2350.799183
2984.4,199.516693,2360.029329
2985.4,199.516693,2358.499015
2986.4,199.516693,2357.319276
2987.4,199.516693,2358.996628
2988.4,199.516693,2353.352131
2989.4,199.516693,2350.386671
2990.4,199.516693,2349.478149
2991.4,199.516693,2358.924663
2992.4,199.516693,2357.71464
2993.4,199.516693,2354.577477
2994.4,199.516693,2362.988781
2995.4,199.516693,2351.969064
2996.4,199.516693,2346.132069
2997.4,199.516693,2355.430264
2998.4,199.516693,2339.347512
2999.4,199.516693,2338.997569
3000.4,199.516693,2343.791178
3001.4,199.516693,2358.041353
3002.4,199.516693,2346.312439
3003.4,199.516693,2347.877889
3004.4,199.516693,2355.816368
3005.4,199.516693,2350.709171
3006.4,199.516693,2346.889216
3007.4,199.516693,2348.086418
3008.4,199.516693,2347.467469
3009.4,199.516693,2341.839139
3010.4,199.516693,2345.979279
3011.4,199.516693,2344.431556
3012.4,199.516693,2343.221351
3013.4,199.516693,2335.103303
3014.4,199.516693,2348.063946
3015.4,199.516693,2345.153323
3016.4,199.516693,2348.309277
3017.4,199.516693,2346.217801
3018.4,199.516693,2333.858914
3019.4,199.516693,2334.347641
3020.4,199.516693,2332.961983
3021.4,199.516693,2326.063999
3022.4,199.516693,2324.35117
3023.4,199.516693,2344.141173
3024.4,199.516693,2336.90705
3025.4,199.516693,2329.438768
3026.4,199.516693,2344.916262
3027.4,199.516693,2344.313284
3028.4,199.516693,2346.36163
3029.4,199.516693,2348.753043
3030.4,199.516693,2352.503074
3031.4,199.516693,2358.725675
3032.4,199.516693,2341.271974
3033.4,199.516693,2347.367237
3034.4,199.516693,2342.290129
3035.4,199.516693,2343.527339
3036.4,199.516693,2338.857771
3037.4,199.516693,2350.650315
3038.4,199.516693,2350.262064
3039.4,199.516693,2345.678554
3040.4,199.516693,2350.3834
3041.4,199.516693,2345.619072
3042.4,199.516693,2347.276147
3043.4,199.516693,2354.140659
3044.4,199.516693,2344.485126
3045.4,199.516693,2347.077891
3046.4,199.516693,2350.87551
3047.4,199.516693,2349.878357
3048.4,199.516693,2356.951466
3049.4,199.516693,2344.898567
3050.4,199.516693,2347.510932
3051.4,199.516693,2345.51643
3052.4,199.516693,2375.178881
3053.4,199.516693,2353.381072
3054.4,199.516693,2346.378533
3055.4,199.516693,2360.830495
3056.4,199.516693,2358.357695
3057.4,199.516693,2349.512953
3058.4,199.516693,2350.214878
3059.4,199.516693,2356.865572
3060.4,199.516693,2348.991541
3061.4,199.516693,2364.957608
3062.4,199.516693,2357.320862
3063.4,199.516693,2346.966128
3064.4,199.516693,2366.595814
3065.4,199.516693,2358.440501
3066.4,199.516693,2361.055013
3067.4,199.516693,2355.15061
3068.4,199.516693,2358.726214
3069.4,199.516693,2363.223567
3069.6,199.118657,2361.003262
3069.8,198.177298,2363.196346
3070,197.217543,2372.092617
3070.2,196.264517,2375.183951
3070.4,195.226078,2353.02605
3070.6,194.274594,2347.155959
3070.8,193.320216,2345.915088
3071,192.300216,2350.181673
3071.2,191.340058,2348.729109
3071.4,190.383068,2337.335863
3071.6,189.42817,2353.291202
3071.8,188.474279,2358.181256
3072,187.446947,2333.795768
3072.2,186.496235,2342.120094
3072.4,185.541753,2340.614519
3072.6,184.509042,2333.365858
3072.8,183.547141,2334.082114
3073,182.589525,2338.894433
3073.2,181.636107,2333.98958
3073.4,180.613495,2334.439417
3073.6,179.659862,2328.833391
3073.8,178.702936,2323.885203
3074,177.740959,2317.272092
3074.2,176.72428,2321.690477
3074.4,175.767697,2303.866368
3074.6,174.808578,2295.769719
3074.8,173.850047,2288.211678
3075,172.837679,2281.530754
3075.2,171.877963,2297.956325
3075.4,170.921206,2271.864692
3075.6,169.891676,2270.128432
3075.8,168.931862,2289.903289
3076,167.972764,2285.498634
3076.2,167.020773,2278.667295
3076.4,166.004189,2289.70295
3076.6,165.047996,2278.159102
3076.8,164.089157,2272.6619
3077,163.13064,2271.020447
3077.2,162.103086,2261.408552
3077.4,161.145206,2256.810167
3077.6,160.191039,2268.212545
3077.8,159.242562,2272.033027
3078,158.222022,2236.955383
3078.2,157.269022,2256.512316
3078.4,156.310843,2241.225171
3078.6,155.289753,2246.82006
3078.8,154.341175,2251.09351
3079,153.383372,2265.157224
3079.2,152.425881,2251.60264
3079.4,151.464998,2232.907124
3079.6,150.447606,2258.809713
3079.8,149.570923,2223.360358
3080.8,149.556693,2208.92447
3081.8,149.556693,2226.419651
3082.8,149.556693,2206.981556
3083.8,149.556693,2206.101649
3084.8,149.556693,2215.007092
3085.8,149.556693,2212.196339
3086.8,149.556693,2211.24861
3087.8,149.556693,2218.231684
3088.8,149.556693,2220.544937
3089.8,149.556693,2229.85507
3090.8,149.556693,2234.627002
3091.8,149.556693,2245.628493
3092.8,149.556693,2249.458908
3093.8,149.556693,2260.819852
3094.8,149.556693,2255.918426
3095.8,149.556693,2260.664438
3096.8,149.556693,2265.299491
3097.8,149.556693,2275.812865
3098.8,149.556693,2277.757009
3099.8,149.556693,2276.1231
3100.8,149.556693,2273.849364
3101.8,149.556693,2271.870278
3102.8,149.556693,2282.408074
3103.8,149.556693,2285.673551
3104.8,149.556693,2281.23282
3105.8,149.556693,2280.463081
3106.8,149.556693,2276.921997
3107.8,149.556693,2285.440978
3108.8,149.556693,2290.023497
3109.8,149.556693,2294.1186
3110.8,149.556693,2282.380926
3111.8,149.556693,2286.673222
3112.8,149.556693,2292.86447
3113.8,149.556693,2289.886902
3114.8,149.556693,2286.27671
3115.8,149.556693,2277.044772
3116.8,149.556693,2295.252202
3117.8,149.556693,2283.176529
3118.8,149.556693,2275.304403
3119.8,149.556693,2278.422331
3120.8,149.556693,2288.209623
3121.8,149.556693,2295.383757
3122.8,149.556693,2282.424489
3123.8,149.556693,2282.513525
3124.8,149.556693,2288.060515
3125.8,149.556693,2286.188555
3126.8,149.556693,2279.857463
3127.8,149.556693,2288.388114
3128.8,149.556693,2301.343348
3129.8,149.556693,2287.510402
3130.8,149.556693,2282.481495
3131.8,149.556693,2289.742479
3132.8,149.556693,2290.734651
3133.8,149.556693,2293.975958
3134.8,149.556693,2293.515397
3135.8,149.556693,2279.668216
3136.8,149.556693,2276.336967
3137.8,149.556693,2289.62651
3138.8,149.556693,2292.824057
3139.8,149.556693,2264.708076
3140.8,149.556693,2275.44922
3141.8,149.556693,2270.349747
3142.8,149.556693,2263.343156
3143.8,149.556693,2272.629623
3144.8,149.556693,2281.671802
3145.8,149.556693,2276.865576
3146.8,149.556693,2264.663057
3147.8,149.556693,2270.577882
3148.8,149.556693,2274.880797
3149.8,149.556693,2270.061071
3150.8,149.556693,2259.306156
3151.8,149.556693,2269.534463
3152.8,149.556693,2270.548949
3153.8,149.556693,2256.296078
3154.8,149.556693,2259.079212
3155.8,149.556693,2254.836783
3156.8,149.556693,2251.750691
3157.8,149.556693,2265.392008
3158.8,149.556693,2267.800261
3159.8,149.556693,2265.268532
3160.8,149.556693,2255.168254
3161.8,149.556693,2248.999331
3162.8,149.556693,2236.29152
3163.8,149.556693,2235.115397
3164.8,149.556693,2245.521443
3165.8,149.556693,2243.198795
3166.8,149.556693,2243.425139
3167.8,149.556693,2251.251601
3168.8,149.556693,2244.080774
3169.8,149.556693,2245.209899
3170.8,149.556693,2242.514631
3171.8,149.556693,2258.850911
3172.8,149.556693,2244.533765
3173.8,149.556693,2251.120267
3174.8,149.556693,2258.930098
3175.8,149.556693,2251.4838
3176.8,149.556693,2244.934482
3177.8,149.556693,2249.373156
3178.8,149.556693,2248.540769
3179.8,149.556693,2250.047911
3180.8,149.556693,2247.903394
3181.8,149.556693,2235.773542
3182.8,149.556693,2236.580425
3183.8,149.556693,2231.890744
3184.8,149.556693,2238.269515
3185.8,149.556693,2235.735495
3186.8,149.556693,2242.292425
3187.8,149.556693,2249.269199
3188.8,149.556693,2239.355442
3189.8,149.556693,2239.531073
3190.8,149.556693,2245.017949
3191.8,149.556693,2242.706061
3192.8,149.556693,2243.29939
3193.8,149.556693,2237.616603
3194.8,149.556693,2229.844937
3195.8,149.556693,2237.729129
3196.8,149.556693,2236.473329
3197.8,149.556693,2239.297656
3198.8,149.556693,2243.302822
3199.8,149.556693,2247.285146
3200.8,149.556693,2249.07282
3201.8,149.556693,2244.864252
3202.8,149.556693,2246.785836
3203.8,149.556693,2258.743281
3204.8,149.556693,2255.731037
3205.8,149.556693,2251.760397
3206.8,149.556693,2258.626125
3207.8,149.556693,2257.156358
3208.8,149.556693,2253.327624
3209.8,149.556693,2249.987051
3210.8,149.556693,2245.297824
3211.8,149.556693,2254.679675
3212.8,149.556693,2258.676252
3213.8,149.556693,2255.640429
3214.8,149.556693,2248.448408
3215.8,149.556693,2241.490158
3216.8,149.556693,2245.4794
3217.8,149.556693,2247.028851
3218.8,149.556693,2255.827681
3219.8,149.556693,2250.174296
3220.8,149.556693,2250.86183
3221.8,149.556693,2251.259098
3222.8,149.556693,2255.475095
3223.8,149.556693,2251.434393
3224.8,149.556693,2256.788708
3225.8,149.556693,2256.376776
3226.8,149.556693,2255.559173
3227.8,149.556693,2256.481664
3228.8,149.556693,2259.288353
3229.8,149.556693,2254.196095
3230.8,149.556693,2268.768616
3231.8,149.556693,2265.843537
3232.8,149.556693,2257.206768
3233.8,149.556693,2259.094835
3234.8,149.556693,2263.090081
3235.8,149.556693,2262.312861
3236.8,149.556693,2262.478539
3237.8,149.556693,2256.186777
3238.8,149.556693,2268.732307
3239.8,149.556693,2259.524647
3240.8,149.556693,2259.121443
3241.8,149.556693,2258.735786
3242.8,149.556693,2266.125601
3243.8,149.556693,2254.235731
3244.8,149.556693,2242.868066
3245.8,149.556693,2244.68356
3246.8,149.556693,2256.691505
3247.8,149.556693,2235.971273
3248.8,149.556693,2240.126934
3249.8,149.556693,2257.30958
3250.8,149.556693,2258.544935
3251.8,149.556693,2263.550343
3252.8,149.556693,2258.976895
3253.8,149.556693,2255.041291
3254.8,149.556693,2243.167401
3255.8,149.556693,2252.562563
3256.8,149.556693,2267.849725
3257.8,149.556693,2254.957182
3258.8,149.556693,2257.715838
3259.8,149.556693,2259.777551
3260.8,149.556693,2268.379154
3261.8,149.556693,2263.382951
3262.8,149.556693,2272.551023
3263.8,149.556693,2283.694279
3264.8,149.556693,2263.913118
3265.8,149.556693,2287.865033
3266.8,149.556693,2275.066518
3267.8,149.556693,2277.07424
3268.8,149.556693,2266.844813
3269.8,149.556693,2267.245703
3270.8,149.556693,2265.280504
3271.8,149.556693,2265.527514
3272.8,149.556693,2276.369387
3273.8,149.556693,2264.89788
3274.8,149.556693,2264.922349
3275.8,149.556693,2263.215779
3276.8,149.556693,2262.128911
3277.8,149.556693,2272.395496
3278.8,149.556693,2254.877287
3279.8,149.556693,2254.43011
3280.8,149.556693,2247.609258
3281.8,149.556693,2245.781249
3282.8,149.556693,2267.289716
3283.8,149.556693,2265.651689
3284.8,149.556693,2258.303215
3285.8,149.556693,2258.639525
3286.8,149.556693,2262.23864
3287.8,149.556693,2269.295328
3288.8,149.556693,2267.299469
3289.8,149.556693,2280.832975
3290.8,149.556693,2271.3112
3291.8,149.556693,2258.593359
3292.8,149.556693,2271.868551
3293.8,149.556693,2271.062948
3294.8,149.556693,2271.343454
3295.8,149.556693,2270.240566
3296.8,149.556693,2255.13792
3297.8,149.556693,2265.361823
3298.8,149.556693,2259.63094
3299.8,149.556693,2254.022325
3300.8,149.556693,2261.488721
3301.8,149.556693,2256.056897
3302.8,149.556693,2251.566501
3303.8,149.556693,2245.822214
3304.8,149.556693,2259.649243
3305.8,149.556693,2268.45198
3306.8,149.556693,2248.017721
3307.8,149.556693,2261.816988
3308.8,149.556693,2258.7873
3309.8,149.556693,2252.367743
3310.8,149.556693,2265.05107
3311.8,149.556693,2255.133485
3312.8,149.556693,2252.113248
3313.8,149.556693,2256.22666
3314.8,149.556693,2246.297683
3315.8,149.556693,2242.605127
3316.8,149.556693,2257.75366
3317.8,149.556693,2243.546864
3318.8,149.556693,2256.824909
3319.8,149.556693,2251.857624
3320.8,149.556693,2254.065685
3321.8,149.556693,2259.822097
3322.8,149.556693,2259.334717
3323.8,149.556693,2248.002492
3324.8,149.556693,2258.546531
3325.8,149.556693,2259.825709
3326.8,149.556693,2258.979788
3327.8,149.556693,2256.83225
3328.8,149.556693,2265.275034
3329.8,149.556693,2267.306825
3330.8,149.556693,2261.033551
3331.8,149.556693,2257.798886
3332.8,149.556693,2246.83423
3333.8,149.556693,2248.358617
3334.8,149.556693,2272.467039
3335.8,149.556693,2259.075883
3336.8,149.556693,2261.001904
3337.8,149.556693,2259.798862
3338.8,149.556693,2259.240095
3339.8,149.556693,2261.459793
3340.8,149.556693,2258.554848
3341.8,149.556693,2257.575576
3342.8,149.556693,2265.897036
3343.8,149.556693,2270.408071
3344.8,149.556693,2263.922682
3345.8,149.556693,2268.400765
3346.8,149.556693,2257.59758
3347.8,149.556693,2251.229441
3348.8,149.556693,2260.7858
3349.8,149.556693,2252.510801
3350.8,149.556693,2252.22207
3351.8,149.556693,2253.688669
3352.8,149.556693,2251.814434
3353.8,149.556693,2261.497084
3354.8,149.556693,2244.603861
3355.8,149.556693,2259.890095
3356.8,149.556693,2251.818674
3357.8,149.556693,2262.224184
3358.8,149.556693,2250.340181
3359.8,149.556693,2269.38785
3360.8,149.556693,2271.737299
3361.8,149.556693,2267.187847
3362.8,149.556693,2264.541396
3363.8,149.556693,2264.552733
3364.8,149.556693,2259.985974
3365.8,149.556693,2253.590855
3366.8,149.556693,2263.150208
3367.8,149.556693,2263.847061
3368.8,149.556693,2274.369568
3369.8,149.556693,2264.64798
3370.8,149.556693,2263.241128
3371.8,149.556693,2258.458872
3372.8,149.556693,2264.067438
3373.8,149.556693,2263.595183
3374.8,149.556693,2269.869387
3375.8,149.556693,2265.618159
3376.8,149.556693,2253.775443
3377.8,149.556693,2265.696149
3378.8,149.556693,2285.74156
3379.8,149.556693,2279.595758
3380.8,149.556693,2267.764245
3381.8,149.556693,2277.422876
3382.8,149.556693,2291.008557
3383.8,149.556693,2286.790354
3384.8,149.556693,2277.262456
3385.8,149.556693,2270.485123
3386.8,149.556693,2274.491265
3387.8,149.556693,2263.602949
3388.8,149.556693,2265.847005
3389.8,149.556693,2271.701834
3390.8,149.556693,2262.111014
3391.8,149.556693,2274.533806
3392.8,149.556693,2267.851901
3393.8,149.556693,2266.565138
3394.8,149.556693,2266.715754
3395.8,149.556693,2277.081957
3396.8,149.556693,2278.730029
3397.8,149.556693,2269.68684
3398.8,149.556693,2264.339307
3399.8,149.556693,2281.423208
3400.8,149.556693,2274.821118
3401.8,149.556693,2281.70229
3402.8,149.556693,2266.375791
3403.8,149.556693,2266.376431
3404.8,149.556693,2283.012873
3405.8,149.556693,2269.265477
3406.8,149.556693,2264.527695
3407.8,149.556693,2250.253534
3408.8,149.553841,2255.54413
3409,148.963683,2245.27002
3409.2,147.979709,2250.298804
3409.4,147.025758,2255.437983
3409.6,146.075063,2249.224872
3409.8,145.113093,2243.772089
3410,144.156395,2243.497508
3410.2,143.210434,2242.413031
3410.4,142.183429,2240.700719
3410.6,141.224942,2211.301167
3410.8,140.267212,2204.015545
3411,139.310951,2219.579707
3411.2,138.350897,2227.310405
3411.4,137.398308,2220.917255
3411.6,136.442571,2205.200146
3411.8,135.479391,2207.93396
3412,134.513573,2195.599035
3412.2,133.556034,2206.889516
3412.4,132.531912,2225.564382
3412.6,131.563863,2203.311654
3412.8,130.609159,2199.71084
3413,129.647996,2196.919752
3413.2,128.681738,2223.376772
3413.4,127.721884,2201.390746
3413.6,126.761174,2172.073463
3413.8,125.800524,2195.353683
3414,124.83909,2184.235108
3414.2,123.880124,2180.366672
3414.4,122.918183,2182.254988
3414.6,121.956033,2194.936102
3414.8,120.988425,2196.121438
3415,120.028552,2167.449633
3415.2,119.074945,2164.294421
3415.4,118.114474,2165.93037
3415.6,117.146265,2147.148174
3415.8,116.185722,2169.693666
3416,115.223214,2147.504915
3416.2,114.259738,2125.384465
3416.4,113.232992,2147.585756
3416.6,112.274164,2149.125913
3416.8,111.314002,2157.04151
3417,110.351915,2148.303441
3417.2,109.392634,2158.684678
3417.4,108.437931,2128.946609
3417.6,107.477063,2142.667202
3417.8,106.515757,2111.143483
3418,105.55971,2127.022147
3418.2,104.59711,2120.977816
3418.4,103.632069,2129.420663
3418.6,102.667983,2114.370813
3418.8,101.707766,2117.499186
3419,100.74382,2118.469563
3419.2,99.571285,2124.228607
3420.2,99.511694,2134.008155
3421.2,99.511693,2144.830498
3422.2,99.511693,2152.36758
3423.2,99.511693,2164.616074
3424.2,99.511693,2176.153307
3425.2,99.511693,2178.75853
3426.2,99.511693,2183.700614
3427.2,99.511693,2188.984227
3428.2,99.511693,2203.997469
3429.2,99.511693,2198.601739
3430.2,99.511693,2212.68671
3431.2,99.511693,2217.325276
3432.2,99.511693,2216.672648
3433.2,99.511693,2220.806959
3434.2,99.511693,2214.16178
3435.2,99.511693,2224.126658
3436.2,99.511693,2208.921103
3437.2,99.511693,2221.093014
3438.2,99.511693,2218.303763
3439.2,99.511693,2213.52018
3440.2,99.511693,2221.471298
3441.2,99.511693,2218.168764
3442.2,99.511693,2229.506295
3443.2,99.511693,2225.339548
3444.2,99.511693,2241.909224
3445.2,99.511693,2222.659153
3446.2,99.511693,2231.829809
3447.2,99.511693,2231.322558
3448.2,99.511693,2240.262648
3449.2,99.511693,2240.984019
3450.2,99.511693,2245.479954
3451.2,99.511693,2251.966823
3452.2,99.511693,2235.044626
3453.2,99.511693,2248.359288
3454.2,99.511693,2247.114318
3455.2,99.511693,2248.879304
3456.2,99.511693,2272.811348
3457.2,99.511693,2263.087469
3458.2,99.511693,2258.929027
3459.2,99.511693,2254.415057
3460.2,99.511693,2257.263362
3461.2,99.511693,2256.750831
3462.2,99.511693,2268.65301
3463.2,99.511693,2275.534054
3464.2,99.511693,2274.684905
3465.2,99.511693,2271.737331
3466.2,99.511693,2276.42863
3467.2,99.511693,2265.927275
3468.2,99.511693,2284.892596
3469.2,99.511693,2275.472195
3470.2,99.511693,2268.333057
3471.2,99.511693,2258.688255
3472.2,99.511693,2259.937781
3473.2,99.511693,2251.139615
3474.2,99.511693,2247.369473
3475.2,99.511693,2250.917263
3476.2,99.511693,2247.262256
3477.2,99.511693,2236.960619
3478.2,99.511693,2232.66292
3479.2,99.511693,2236.206331
3480.2,99.511693,2229.011764
3481.2,99.511693,2233.847893
3482.2,99.511693,2240.247622
3483.2,99.511693,2236.194886
3484.2,99.511693,2244.086576
3485.2,99.511693,2237.760133
3486.2,99.511693,2240.237495
3487.2,99.511693,2236.349862
3488.2,99.511693,2237.346553
3489.2,99.511693,2249.02607
3490.2,99.511693,2243.785287
3491.2,99.511693,2248.77086
3492.2,99.511693,2247.956842
3493.2,99.511693,2247.252934
3494.2,99.511693,2222.030491
3495.2,99.511693,2221.342109
3496.2,99.511693,2229.020814
3497.2,99.511693,2228.584596
3498.2,99.511693,2225.697916
3499.2,99.511693,2224.778179
3500.2,99.511693,2211.191497
3501.2,99.511693,2214.868433
3502.2,99.511693,2211.22287
3503.2,99.511693,2237.027349
3504.2,99.511693,2225.888469
3505.2,99.511693,2229.213428
3506.2,99.511693,2223.404396
3507.2,99.511693,2210.029937
3508.2,99.511693,2208.181277
3509.2,99.511693,2208.682616
3510.2,99.511693,2199.89177
3511.2,99.511693,2200.696723
3512.2,99.511693,2208.937468
3513.2,99.511693,2201.338383
3514.2,99.511693,2200.051954
3515.2,99.511693,2199.600771
3516.2,99.511693,2193.079367
3517.2,99.511693,2186.82938
3518.2,99.511693,2200.558324
3519.2,99.511693,2208.283758
3520.2,99.511693,2204.414706
3521.2,99.511693,2191.746909
3522.2,99.511693,2192.969222
3523.2,99.511693,2188.050508
3524.2,99.511693,2196.562629
3525.2,99.511693,2198.780863
3526.2,99.511693,2194.242665
3527.2,99.511693,2193.283441
3528.2,99.511693,2183.141273
3529.2,99.511693,2195.106637
3530.2,99.511693,2178.539122
3531.2,99.511693,2175.626874
3532.2,99.511693,2168.618804
3533.2,99.511693,2179.763844
3534.2,99.511693,2176.748956
3535.2,99.511693,2178.233658
3536.2,99.511693,2173.743096
3537.2,99.511693,2174.012564
3538.2,99.511693,2170.473673
3539.2,99.511693,2164.481312
3540.2,99.511693,2162.619084
3541.2,99.511693,2168.815268
3542.2,99.511693,2159.149553
3543.2,99.511693,2174.704715
3544.2,99.511693,2165.372285
3545.2,99.511693,2147.070233
3546.2,99.511693,2162.239862
3547.2,99.511693,2151.905562
3548.2,99.511693,2147.815907
3549.2,99.511693,2148.023421
3550.2,99.511693,2157.573905
3551.2,99.511693,2152.138375
3552.2,99.511693,2156.90382
3553.2,99.511693,2165.569905
3554.2,99.511693,2167.859343
3555.2,99.511693,2158.406289
3556.2,99.511693,2162.76091
3557.2,99.511693,2170.11343
3558.2,99.511693,2159.988262
3559.2,99.511693,2147.944836
3560.2,99.511693,2144.561855
3561.2,99.511693,2155.661008
3562.2,99.511693,2169.826459
3563.2,99.511693,2172.845529
3564.2,99.511693,2159.804443
3565.2,99.511693,2148.825502
3566.2,99.511693,2149.545803
3567.2,99.511693,2152.467915
3568.2,99.511693,2148.574261
3569.2,99.511693,2129.364009
3570.2,99.511693,2140.90764
3571.2,99.511693,2134.064958
3572.2,99.511693,2129.822797
3573.2,99.511693,2135.940694
3574.2,99.511693,2129.780881
3575.2,99.511693,2128.951853
3576.2,99.511693,2135.345615
3577.2,99.511693,2135.587475
3578.2,99.511693,2132.677114
3579.2,99.511693,2136.817348
3580.2,99.511693,2140.042223
3581.2,99.511693,2131.820874
3582.2,99.511693,2135.657686
3583.2,99.511693,2146.972706
3584.2,99.511693,2133.443574
3585.2,99.511693,2132.008745
3586.2,99.511693,2141.21881
3587.2,99.511693,2148.179477
3588.2,99.511693,2113.238073
3589.2,99.511693,2130.654497
3590.2,99.511693,2132.018006
3591.2,99.511693,2143.03023
3592.2,99.511693,2139.997818
3593.2,99.511693,2121.356044
3594.2,99.511693,2123.660922
3595.2,99.511693,2130.366403
3596.2,99.511693,2148.003909
3597.2,99.511693,2144.674005
3598.2,99.511693,2146.01814
3599.2,99.511693,2143.150901
3600.2,99.511693,2141.994238
3601.2,99.511693,2136.188279
3602.2,99.511693,2145.399192
3603.2,99.511693,2151.570499
3604.2,99.511693,2150.061989
3605.2,99.511693,2137.376565
3606.2,99.511693,2133.069966
3607.2,99.511693,2142.979073
3608.2,99.511693,2141.521096
3609.2,99.511693,2151.465721
3610.2,99.511693,2154.959756
3611.2,99.511693,2150.111805
3612.2,99.511693,2143.044947
3613.2,99.511693,2134.894031
3614.2,99.511693,2145.101664
3615.2,99.511693,2145.06876
3616.2,99.511693,2154.580132
3617.2,99.511693,2147.417509
3618.2,99.511693,2150.390642
3619.2,99.511693,2147.200488
3620.2,99.511693,2155.248828
3621.2,99.511693,2152.16579
3622.2,99.511693,2153.645508
3623.2,99.511693,2149.049024
3624.2,99.511693,2160.300323
3625.2,99.511693,2147.52428
3626.2,99.511693,2143.197126
3627.2,99.511693,2156.271989
3628.2,99.511693,2143.605271
3629.2,99.511693,2145.221423
3630.2,99.511693,2147.469059
3631.2,99.511693,2150.736569
3632.2,99.511693,2151.621991
3633.2,99.511693,2160.848241
3634.2,99.511693,2155.104015
3635.2,99.511693,2161.218467
3636.2,99.511693,2160.518871
3637.2,99.511693,2165.557279
3638.2,99.511693,2156.089436
3639.2,99.511693,2150.475658
3640.2,99.511693,2152.261074
3641.2,99.511693,2161.575004
3642.2,99.511693,2161.536694
3643.2,99.511693,2147.885458
3644.2,99.511693,2140.509645
3645.2,99.511693,2136.909187
3646.2,99.511693,2140.7626
3647.2,99.511693,2145.611471
3648.2,99.511693,2148.461423
3649.2,99.511693,2159.495389
3650.2,99.511693,2158.236121
3651.2,99.511693,2165.905509
3652.2,99.511693,2168.217751
3653.2,99.511693,2149.856668
3654.2,99.511693,2157.316266
3655.2,99.511693,2146.916116
3656.2,99.511693,2151.031922
3657.2,99.511693,2150.912795
3658.2,99.511693,2154.545066
3659.2,99.511693,2158.003162
3660.2,99.511693,2159.159728
3661.2,99.511693,2167.34591
3662.2,99.511693,2174.42176
3663.2,99.511693,2165.906934
3664.2,99.511693,2158.177982
3665.2,99.511693,2171.942038
3666.2,99.511693,2171.427778
3667.2,99.511693,2161.367455
3668.2,99.511693,2159.542996
3669.2,99.511693,2168.241811
3670.2,99.511693,2157.174155
3671.2,99.511693,2156.223401
3672.2,99.511693,2163.239983
3673.2,99.511693,2167.916919
3674.2,99.511693,2169.811131
3675.2,99.511693,2176.67343
3676.2,99.511693,2180.865195
3677.2,99.511693,2171.019625
3678.2,99.511693,2173.801196
3679.2,99.511693,2165.44372
3680.2,99.511693,2172.804647
3681.2,99.511693,2186.436493
3682.2,99.511693,2180.427352
3683.2,99.511693,2184.459716
3684.2,99.511693,2171.861157
3685.2,99.511693,2169.891342
3686.2,99.511693,2162.108357
3687.2,99.511693,2155.697257
3688.2,99.511693,2154.383099
3689.2,99.511693,2165.35765
3690.2,99.511693,2171.720578
3691.2,99.511693,2166.311773
3692.2,99.511693,2159.392304
3693.2,99.511693,2157.417996
3694.2,99.511693,2154.517026
3695.2,99.511693,2174.602052
3696.2,99.511693,2170.665249
3697.2,99.511693,2163.086144
3698.2,99.511693,2157.462613
3699.2,99.511693,2149.051501
3700.2,99.511693,2142.195082
3701.2,99.511693,2157.119484
3702.2,99.511693,2165.6811
3703.2,99.511693,2160.697247
3704.2,99.511693,2150.466653
3705.2,99.511693,2164.473523
3706.2,99.511693,2165.06414
3707.2,99.511693,2158.273672
3708.2,99.511693,2159.377183
3709.2,99.511693,2163.495194
3710.2,99.511693,2163.834403
3711.2,99.511693,2163.379973
3712.2,99.511693,2180.428558
3713.2,99.511693,2186.534046
3714.2,99.511693,2183.066713
3715.2,99.511693,2170.221782
3716.2,99.511693,2151.22869
3717.2,99.511693,2163.64422
3718.2,99.511693,2163.434259
3719.2,99.511693,2145.651279
3720.2,99.511693,2155.654015
3721.2,99.511693,2154.617903
3722.2,99.511693,2153.823927
3723.2,99.511693,2152.031954
3724.2,99.511693,2158.912588
3725.2,99.511693,2162.764741
3726.2,99.511693,2164.463482
3727.2,99.511693,2144.79494
3728.2,99.511693,2160.124357
3729.2,99.511693,2158.197342
3730.2,99.511693,2158.612542
3731.2,99.511693,2153.321457
3732.2,99.511693,2150.86772
3733.2,99.511693,2154.467107
3734.2,99.511693,2164.429954
3735.2,99.511693,2167.130906
3736.2,99.511693,2160.097707
3737.2,99.511693,2166.076803
3738.2,99.511693,2156.804214
3739.2,99.511693,2157.926835
3740.2,99.511693,2149.94906
3741.2,99.511693,2166.299579
3742.2,99.511693,2164.788203
3743.2,99.511693,2158.801672
3744.2,99.511693,2152.862265
3745.2,99.511693,2145.793729
3746.2,99.511693,2163.988062
3747.2,99.511693,2171.424711
3748.2,99.511693,2175.737748
3749.2,99.511693,2172.449374
3750.2,99.511693,2161.66154
3751.2,99.511693,2170.195452
3752.2,99.511693,2163.539083
3753.2,99.511693,2173.68899
3754.2,99.511693,2175.609304
3755.2,99.511693,2172.467797
3756.2,99.511693,2171.997645
3757.2,99.511693,2165.066165
3758.2,99.511693,2170.33962
3759.2,99.511693,2162.477361
3760.2,99.511693,2154.170417
3761.2,99.511693,2157.537059
3762.2,99.511693,2160.986482
3763.2,99.511693,2161.371316
3764.2,99.511693,2159.207429
3765.2,99.511693,2162.628257
3766.2,99.511693,2162.909759
3767.2,99.511693,2168.601438
3768.2,99.511693,2171.398348
3769.2,99.511693,2176.166214
3770.2,99.511693,2168.395534
3771.2,99.511693,2176.464195
3772.2,99.511693,2175.045556
3773.2,99.511693,2168.918156
3774.2,99.511693,2169.964371
3775.2,99.511693,2168.366346
3776.2,99.511693,2165.47029
3777.2,99.511693,2164.864963
3778.2,99.511693,2167.129086
3779.2,99.511693,2156.769469
3780.2,99.511693,2154.306647
3781.2,99.511693,2158.180816
3782.2,99.511693,2160.710964
3783.2,99.511693,2163.690515
3784.2,99.511693,2165.048639
3785.2,99.511693,2167.868112
3786.2,99.511693,2175.548043
3787.2,99.511693,2160.677367
3788.2,99.511693,2164.355109
3789.2,99.511693,2160.750817
3790.2,99.511693,2151.848903
3791.2,99.511693,2157.715956
3792.2,99.511693,2161.524555
3793.2,99.511693,2172.625011
3794.2,99.511693,2162.829186
3795.2,99.511693,2158.232983
3796.2,99.511693,2177.073958
3797.2,99.511693,2167.173288
3798.2,99.511693,2163.568349
3799.2,99.511693,2175.09274
3800.2,99.511693,2175.324407
3801.2,99.511693,2165.81285
3802.2,99.511693,2166.515669
3803.2,99.511693,2162.201603
3804.2,99.511693,2169.397901
3805.2,99.511693,2162.646358
3806.2,99.511693,2169.294179
3807.2,99.511693,2169.98509
3808.2,99.511693,2164.569441
3809.2,99.511693,2157.810247
3810.2,99.511693,2156.141443
3811.2,99.511693,2172.3666
3812.2,99.511693,2167.653397
3813.2,99.50882,2173.381495
3813.4,98.916651,2157.706984
3813.6,97.914237,2157.190696
3813.8,96.932525,2166.45651
3814,95.953369,2144.397272
3814.2,95.042935,2141.763382
3814.4,94.070468,2165.658416
3814.6,93.095164,2151.807532
3814.8,92.113399,2146.471147
3815,91.202094,2144.336188
3815.2,90.22664,2160.315733
3815.4,89.248825,2136.996511
3815.6,88.27851,2136.006274
3815.8,87.298759,2119.141331
3816,86.319229,2108.968893
3816.2,85.408052,2112.556051
3816.4,84.429141,2128.805512
3816.6,83.44791,2130.908626
3816.8,82.470853,2122.809056
3817,81.562797,2120.993672
3817.2,80.585995,2122.581127
3817.4,79.608517,2106.022311
3817.6,78.630759,2112.814409
3817.8,77.722559,2109.333216
3818,76.747671,2125.770319
3818.2,75.779608,2084.448066
3818.4,74.797625,2105.315415
3818.6,73.820339,2100.474638
3818.8,72.913841,2088.81436
3819,71.943805,2102.884216
3819.2,70.965803,2095.886876
3819.4,69.987795,2098.68111
3819.6,69.011258,2101.748546
3819.8,68.1088,2067.261648
3820,67.134042,2075.630696
3820.2,66.153992,2072.863827
3820.4,65.175593,2083.18632
3820.6,64.266182,2056.21717
3820.8,63.284389,2058.78078
3821,62.310325,2060.705058
3821.2,61.328474,2046.672479
3821.4,60.349026,2040.635196
3821.6,59.439218,2054.48565
3821.8,58.458125,2055.12068
3822,57.475147,2048.877532
3822.2,56.495573,2035.111752
3822.4,55.588975,2036.965925
3822.6,54.606937,2037.372403
3822.8,53.628435,2033.092771
3823,52.647722,2042.774751
3823.2,51.669237,2022.456649
3823.4,50.759221,2017.138304
3823.6,49.562496,2037.866093
3824.6,49.501694,2051.323092
3825.6,49.501693,2052.704632
3826.6,49.501693,2058.469473
3827.6,49.501693,2064.567395
3828.6,49.501693,2072.832146
3829.6,49.501693,2078.910813
3830.6,49.501693,2095.959137
3831.6,49.501693,2087.098677
3832.6,49.501693,2097.802288
3833.6,49.501693,2095.598505
3834.6,49.501693,2092.279946
3835.6,49.501693,2094.20313
3836.6,49.501693,2100.653852
3837.6,49.501693,2094.032715
3838.6,49.501693,2098.992474
3839.6,49.501693,2091.07335
3840.6,49.501693,2095.687864
3841.6,49.501693,2102.156974
3842.6,49.501693,2097.032372
3843.6,49.501693,2101.575737
3844.6,49.501693,2108.223091
3845.6,49.501693,2108.640647
3846.6,49.501693,2117.278017
3847.6,49.501693,2124.168868
3848.6,49.501693,2107.129498
3849.6,49.501693,2107.153916
3850.6,49.501693,2115.317698
3851.6,49.501693,2123.772262
3852.6,49.501693,2092.952634
3853.6,49.501693,2119.400461
3854.6,49.501693,2110.008811
3855.6,49.501693,2117.086301
3856.6,49.501693,2129.870031
3857.6,49.501693,2118.17305
3858.6,49.501693,2118.297182
3859.6,49.501693,2127.754208
3860.6,49.501693,2142.679365
3861.6,49.501693,2134.011967
3862.6,49.501693,2138.552683
3863.6,49.501693,2117.291235
3864.6,49.501693,2112.368886
3865.6,49.501693,2120.821119
3866.6,49.501693,2116.327125
3867.6,49.501693,2118.1062
3868.6,49.501693,2116.879567
3869.6,49.501693,2099.714357
3870.6,49.501693,2105.488097
3871.6,49.501693,2102.064878
3872.6,49.501693,2086.136936
3873.6,49.501693,2083.052486
3874.6,49.501693,2092.422674
3875.6,49.501693,2096.177367
3876.6,49.501693,2094.508703
3877.6,49.501693,2090.232752
3878.6,49.501693,2084.930035
3879.6,49.501693,2090.291952
3880.6,49.501693,2099.598897
3881.6,49.501693,2106.398605
3882.6,49.501693,2097.951342
3883.6,49.501693,2100.940594
3884.6,49.501693,2086.880639
3885.6,49.501693,2089.581661
3886.6,49.501693,2088.18738
3887.6,49.501693,2102.931558
3888.6,49.501693,2101.950954
3889.6,49.501693,2098.864816
3890.6,49.501693,2093.407361
3891.6,49.501693,2101.583981
3892.6,49.501693,2111.049413
3893.6,49.501693,2106.976828
3894.6,49.501693,2097.402784
3895.6,49.501693,2097.502521
3896.6,49.501693,2103.792933
3897.6,49.501693,2092.423785
3898.6,49.501693,2081.953709
3899.6,49.501693,2082.438778
3900.6,49.501693,2088.438439
3901.6,49.501693,2076.908699
3902.6,49.501693,2090.641071
3903.6,49.501693,2091.787826
3904.6,49.501693,2087.992174
3905.6,49.501693,2077.198587
3906.6,49.501693,2079.605696
3907.6,49.501693,2081.994323
3908.6,49.501693,2076.426409
3909.6,49.501693,2076.117436
3910.6,49.501693,2080.651755
3911.6,49.501693,2071.925002
3912.6,49.501693,2075.342704
3913.6,49.501693,2059.585249
3914.6,49.501693,2063.150284
3915.6,49.501693,2053.998559
3916.6,49.501693,2044.881665
3917.6,49.501693,2034.56466
3918.6,49.501693,2044.783521
3919.6,49.501693,2032.943189
3920.6,49.501693,2036.20964
3921.6,49.501693,2049.007904
3922.6,49.501693,2047.778101
3923.6,49.501693,2060.834956
3924.6,49.501693,2052.952228
3925.6,49.501693,2067.726323
3926.6,49.501693,2058.93865
3927.6,49.501693,2057.533923
3928.6,49.501693,2070.944031
3929.6,49.501693,2053.047505
3930.6,49.501693,2072.106746
3931.6,49.501693,2064.433265
3932.6,49.501693,2065.407061
3933.6,49.501693,2062.979717
3934.6,49.501693,2054.839086
3935.6,49.501693,2061.486107
3936.6,49.501693,2054.319316
3937.6,49.501693,2055.502227
3938.6,49.501693,2054.021444
3939.6,49.501693,2039.500747
3940.6,49.501693,2033.700183
3941.6,49.501693,2036.519812
3942.6,49.501693,2040.219254
3943.6,49.501693,2048.534566
3944.6,49.501693,2054.878338
3945.6,49.501693,2043.835532
3946.6,49.501693,2052.47883
3947.6,49.501693,2043.216537
3948.6,49.501693,2048.824537
3949.6,49.501693,2059.379634
3950.6,49.501693,2042.362745
3951.6,49.501693,2040.893815
3952.6,49.501693,2063.301839
3953.6,49.501693,2047.916315
3954.6,49.501693,2052.566677
3955.6,49.501693,2041.380622
3956.6,49.501693,2056.566561
3957.6,49.501693,2040.081029
3958.6,49.501693,2056.999322
3959.6,49.501693,2053.248078
3960.6,49.501693,2055.697825
3961.6,49.501693,2045.791442
3962.6,49.501693,2050.65408
3963.6,49.501693,2053.158811
3964.6,49.501693,2051.211079
3965.6,49.501693,2055.682294
3966.6,49.501693,2047.123345
3967.6,49.501693,2051.924958
3968.6,49.501693,2061.512038
3969.6,49.501693,2059.697742
3970.6,49.501693,2050.496517
3971.6,49.501693,2056.287958
3972.6,49.501693,2049.388241
3973.6,49.501693,2059.931146
3974.6,49.501693,2060.811101
3975.6,49.501693,2044.251174
3976.6,49.501693,2057.093945
3977.6,49.501693,2071.219332
3978.6,49.501693,2063.471583
3979.6,49.501693,2074.345487
3980.6,49.501693,2064.426463
3981.6,49.501693,2073.551435
3982.6,49.501693,2059.966503
3983.6,49.501693,2068.396769
3984.6,49.501693,2074.451475
3985.6,49.501693,2060.829556
3986.6,49.501693,2044.844389
3987.6,49.501693,2058.598465
3988.6,49.501693,2063.008419
3989.6,49.501693,2058.830773
3990.6,49.501693,2040.523433
3991.6,49.501693,2050.684987
3992.6,49.501693,2059.70688
3993.6,49.501693,2057.992477
3994.6,49.501693,2068.512906
3995.6,49.501693,2061.870462
3996.6,49.501693,2060.219959
3997.6,49.501693,2061.609185
3998.6,49.501693,2063.005794
3999.6,49.501693,2069.647841
4000.6,49.501693,2062.46919
4001.6,49.501693,2052.04113
4002.6,49.501693,2059.076063
4003.6,49.501693,2058.482362
4004.6,49.501693,2061.456809
4005.6,49.501693,2053.757596
4006.6,49.501693,2052.538239
4007.6,49.501693,2051.586099
4008.6,49.501693,2059.162722
4009.6,49.501693,2049.755103
4010.6,49.501693,2053.772705
4011.6,49.501693,2052.498009
4012.6,49.501693,2051.715466
4013.6,49.501693,2055.472385
4014.6,49.501693,2037.360652
4015.6,49.501693,2051.693464
4016.6,49.501693,2053.155588
4017.6,49.501693,2058.459151
4018.6,49.501693,2050.253741
4019.6,49.501693,2049.510429
4020.6,49.501693,2058.346818
4021.6,49.501693,2060.372573
4022.6,49.501693,2063.135331
4023.6,49.501693,2052.394936
4024.6,49.501693,2057.419187
4025.6,49.501693,2058.243586
4026.6,49.501693,2048.941393
4027.6,49.501693,2060.85348
4028.6,49.501693,2069.655671
4029.6,49.501693,2058.286489
4030.6,49.501693,2065.37201
4031.6,49.501693,2066.933946
4032.6,49.501693,2049.655222
4033.6,49.501693,2052.085205
4034.6,49.501693,2048.680984
4035.6,49.501693,2064.025067
4036.6,49.501693,2067.666835
4037.6,49.501693,2072.207351
4038.6,49.501693,2070.482607
4039.6,49.501693,2072.232035
4040.6,49.501693,2076.941036
4041.6,49.501693,2066.725451
4042.6,49.501693,2064.567432
4043.6,49.501693,2055.01969
4044.6,49.501693,2062.554423
4045.6,49.501693,2059.893041
4046.6,49.501693,2059.66922
4047.6,49.501693,2066.837604
4048.6,49.501693,2078.421602
4049.6,49.501693,2075.876727
4050.6,49.501693,2064.452981
4051.6,49.501693,2068.513085
4052.6,49.501693,2059.251363
4053.6,49.501693,2053.402584
4054.6,49.501693,2045.85186
4055.6,49.501693,2052.661856
4056.6,49.501693,2059.02458
4057.6,49.501693,2046.44976
4058.6,49.501693,2051.706017
4059.6,49.501693,2046.601483
4060.6,49.501693,2049.479151
4061.6,49.501693,2047.228947
4062.6,49.501693,2050.625465
4063.6,49.501693,2068.115614
4064.6,49.501693,2057.181886
4065.6,49.501693,2051.432021
4066.6,49.501693,2064.87351
4067.6,49.501693,2057.950989
4068.6,49.501693,2053.772095
4069.6,49.501693,2055.407445
4070.6,49.501693,2061.522969
4071.6,49.501693,2057.226623
4072.6,49.501693,2048.849383
4073.6,49.501693,2055.287752
4074.6,49.501693,2059.939416
4075.6,49.501693,2065.074982
4076.6,49.501693,2071.371519
4077.6,49.501693,2048.361195
4078.6,49.501693,2065.895101
4079.6,49.501693,2059.040397
4080.6,49.501693,2069.31509
4081.6,49.501693,2070.736227
4082.6,49.501693,2073.494351
4083.6,49.501693,2068.525232
4084.6,49.501693,2066.806762
4085.6,49.501693,2077.6926
4086.6,49.501693,2061.716253
4087.6,49.501693,2054.924547
4088.6,49.501693,2055.817334
4089.6,49.501693,2061.569354
4090.6,49.501693,2063.07579
4091.6,49.501693,2073.238649
4092.6,49.501693,2060.875909
4093.6,49.501693,2082.80935
4094.6,49.501693,2064.3692
4095.6,49.501693,2069.824454
4096.6,49.501693,2067.264639
4097.6,49.501693,2067.542534
4098.6,49.501693,2083.376133
4099.6,49.501693,2069.093656
4100.6,49.501693,2063.420783
4101.6,49.501693,2065.808209
4102.6,49.501693,2080.457887
4103.6,49.501693,2058.507157
4104.6,49.501693,2064.394669
4105.6,49.501693,2071.65028
4106.6,49.501693,2072.716415
4107.6,49.501693,2071.512248
4108.6,49.501693,2051.997237
4109.6,49.501693,2051.85677
4110.6,49.501693,2059.63458
4111.6,49.501693,2054.00015
4112.6,49.501693,2058.040735
4113.6,49.501693,2050.769872
4114.6,49.501693,2069.308387
4115.6,49.501693,2068.991721
4116.6,49.501693,2055.462171
4117.6,49.501693,2068.732546
4118.6,49.501693,2064.729974
4119.6,49.501693,2070.344474
4120.6,49.501693,2065.848082
4121.6,49.501693,2054.047699
4122.6,49.501693,2056.304479
4123.6,49.501693,2056.098328
4124.6,49.501693,2070.528672
4125.6,49.501693,2046.412949
4126.6,49.501693,2055.034579
4127.6,49.501693,2055.766769
4128.6,49.501693,2063.412521
4129.6,49.501693,2051.611582
4130.6,49.501693,2058.583849
4131.6,49.501693,2061.769881
4132.6,49.501693,2068.696574
4133.6,49.501693,2071.03945
4134.6,49.501693,2060.161673
4135.6,49.501693,2072.766696
4136.6,49.501693,2063.438524
4137.6,49.501693,2066.478087
4138.6,49.501693,2057.920053
4139.6,49.501693,2078.671023
4140.6,49.501693,2071.088589
4141.6,49.501693,2072.516659
4142.6,49.501693,2060.321137
4143.6,49.501693,2062.527163
4144.6,49.501693,2054.509178
4145.6,49.501693,2066.617116
4146.6,49.501693,2058.001264
4147.6,49.501693,2059.473778
4148.6,49.501693,2066.936854
4149.6,49.501693,2056.135203
4150.6,49.501693,2066.52717
4151.6,49.501693,2073.303139
4152.6,49.501693,2080.248896
4153.6,49.501693,2068.632507
4154.6,49.501693,2062.422124
4155.6,49.501693,2066.54007
4156.6,49.501452,2050.14776
4156.8,49.052604,2050.978358
4157,48.126703,2057.762564
4157.2,47.207178,2066.533102
4157.4,46.214258,2064.339156
4157.6,45.229172,2055.323651
4157.8,44.381452,2051.131853
4158,43.390467,2072.798648
4158.2,42.461863,2055.543873
4158.4,41.469349,2043.374437
4158.6,40.554004,2031.656085
4158.8,39.569598,2031.914857
4159,38.651378,2020.314443
4159.2,37.735715,2022.310977
4159.4,36.742875,2025.099177
4159.6,35.752028,2020.260356
4159.8,34.838063,2015.477929
4160,33.920549,2015.329911
4160.2,32.921002,1996.956947
4160.4,32.001237,1994.988199
4160.6,31.023527,2010.630524
4160.8,30.105335,2006.94058
4161,29.110155,2000.969317
4161.2,28.189855,1999.323655
4161.4,27.275173,1974.951708
4161.6,26.28784,1981.344501
4161.8,25.297121,1966.636466
4162,24.375975,1981.193324
4162.2,23.459465,1998.227806
4162.4,22.468715,1970.067017
4162.6,21.548425,1980.968529
4162.8,20.621975,1977.365699
4163,19.630662,1962.819552
4163.2,18.707095,1979.153575
4163.4,17.72081,1981.914651
4163.6,16.810691,1966.115738
4163.8,15.816952,1962.894914
4164,14.891205,1939.838321
4164.2,13.971271,1925.890211
4164.4,12.982038,1919.71125
4164.6,11.989274,1931.40348
4164.8,11.071398,1910.324459
4165,10.144557,1915.306207
4165.2,9.163699,1912.650664
4165.4,8.25251,1930.50766
4165.6,7.330982,1908.70247
4165.8,6.341213,1886.365505
4166,5.429576,1881.734187
4166.2,4.51466,1888.183882
4166.4,3.523202,1878.276396
4166.6,2.601287,1861.752669
4166.8,1.684266,1847.685241
4167,0.700475,1826.697231
