Time (s),Indentation force (mN),Displacement (nm)
0,0,0
1,0.063656,2.5705982
1.2,0.692034,69.7727618
1.4,1.70855,118.950668
1.6,2.706549,177.5109953
1.8,3.703247,210.2384199
2,4.707934,257.1674688
2.2,5.708385,267.6967295
2.4,6.708216,298.2792812
2.6,7.708223,331.4553541
2.8,8.708274,344.9687978
3,9.704351,382.6120917
3.2,10.704689,398.5509283
3.4,11.708389,401.7448053
3.6,12.70807,437.747697
3.8,13.707916,438.9705892
4,14.703543,460.1107171
4.2,15.703133,484.9376269
4.4,16.703206,475.9172796
4.6,17.703214,519.8673852
4.8,18.703229,533.5998998
5,19.703166,549.0082881
5.2,20.703176,591.6053251
5.4,21.70635,595.7765989
5.6,22.708161,611.1108313
5.8,23.707904,634.0259701
6,24.703512,638.5929772
6.2,25.702994,668.3963686
6.4,26.702995,686.4167626
6.6,27.704727,674.8629163
6.8,28.705524,706.3047645
7,29.706144,704.8431987
7.2,30.707916,712.3047977
7.4,31.707979,745.6644974
7.6,32.704568,741.79347
7.8,33.703093,770.8102167
8,34.707708,772.7088963
8.2,35.708096,759.7465117
8.4,36.707916,794.8622205
8.6,37.707941,810.4942083
8.8,38.708086,814.3463696
9,39.708027,839.4112392
9.2,40.70795,839.9315532
9.4,41.707979,860.5057134
9.6,42.708004,869.9089345
9.8,43.707244,848.6312716
10,44.707672,883.1475123
10.2,45.708067,890.1931885
10.4,46.708005,899.6117537
10.6,47.707964,926.1041477
10.8,48.707961,916.3834636
11,49.706626,931.9683691
11.2,50.4604,948.1478524
12.2,50.465268,949.9834955
13.2,50.465268,947.9391574
14.2,50.465268,957.9291408
15.2,50.465268,965.773976
16.2,50.465268,962.7806727
17.2,50.465268,976.4523398
18.2,50.465268,982.7346074
19.2,50.465268,991.0355948
20.2,50.465268,993.7274372
21.2,50.465268,999.7412746
22.2,50.465268,1001.199242
23.2,50.465268,1015.616928
24.2,50.465268,1018.868496
25.2,50.465268,1020.723911
26.2,50.465268,1022.101309
27.2,50.465268,1023.322893
28.2,50.465268,1026.823256
29.2,50.465268,1030.77893
30.2,50.465268,1033.642699
31.2,50.465268,1038.346582
32.2,50.465268,1044.229597
33.2,50.465268,1041.879139
34.2,50.465268,1048.520206
35.2,50.465268,1049.261204
36.2,50.465268,1050.65996
37.2,50.465268,1055.960886
38.2,50.465268,1053.07364
39.2,50.465268,1062.210575
40.2,50.465268,1062.077137
41.2,50.465268,1059.75292
42.2,50.465268,1057.663008
43.2,50.465268,1056.573197
44.2,50.465268,1059.821253
45.2,50.465268,1060.627223
46.2,50.465268,1066.161115
47.2,50.465268,1074.767399
48.2,50.465268,1070.448176
49.2,50.465268,1071.986249
50.2,50.465268,1067.117986
51.2,50.465268,1065.907472
52.2,50.465268,1067.650404
53.2,50.465268,1068.538963
54.2,50.465268,1064.559418
55.2,50.465268,1068.256568
56.2,50.465268,1067.618984
57.2,50.465268,1070.164952
58.2,50.465268,1060.608396
59.2,50.465268,1068.261035
60.2,50.465268,1075.129307
61.2,50.465268,1069.639533
62.2,50.465268,1072.001045
63.2,50.465268,1070.866744
64.2,50.465268,1067.014053
65.2,50.465268,1070.898248
66.2,50.465268,1064.161038
67.2,50.465268,1058.136954
68.2,50.465268,1066.073004
69.2,50.465268,1073.900727
70.2,50.465268,1063.319992
71.2,50.465268,1063.316618
72.2,50.465268,1071.15027
73.2,50.465268,1078.726001
74.2,50.465268,1075.787852
75.2,50.465268,1058.686625
76.2,50.465268,1063.79781
77.2,50.465268,1061.552605
78.2,50.465268,1062.463759
79.2,50.465268,1056.921402
80.2,50.465268,1051.724574
81.2,50.465268,1058.014384
82.2,50.465268,1055.922799
83.2,50.465268,1060.676127
84.2,50.465268,1062.370783
85.2,50.465268,1070.121618
86.2,50.465268,1079.85555
87.2,50.465268,1069.16468
88.2,50.465268,1058.103966
89.2,50.465268,1062.490243
90.2,50.465268,1060.075372
91.2,50.465268,1057.729124
92.2,50.465268,1064.117458
93.2,50.465268,1053.101473
94.2,50.465268,1057.348365
95.2,50.465268,1060.590647
96.2,50.465268,1052.97794
97.2,50.465268,1046.782979
98.2,50.465268,1051.454295
99.2,50.465268,1052.45879
100.2,50.465268,1049.573448
101.2,50.465268,1051.364869
102.2,50.465268,1048.444681
103.2,50.465268,1044.687624
104.2,50.465268,1047.202175
105.2,50.465268,1040.591826
106.2,50.465268,1046.00988
107.2,50.465268,1047.041741
108.2,50.465268,1041.706273
109.2,50.465268,1040.938362
110.2,50.465268,1036.738634
111.2,50.465268,1039.735281
112.2,50.465268,1032.424122
113.2,50.465268,1033.876063
114.2,50.465268,1040.653052
115.2,50.465268,1034.961191
116.2,50.465268,1021.589539
117.2,50.465268,1020.932728
118.2,50.465268,1021.179251
119.2,50.465268,1031.223671
120.2,50.465268,1028.934613
121.2,50.465268,1022.017792
122.2,50.465268,1024.005819
123.2,50.465268,1022.735867
124.2,50.465268,1025.295813
125.2,50.465268,1019.948423
126.2,50.465268,1031.408267
127.2,50.465268,1022.092807
128.2,50.465268,1012.086465
129.2,50.465268,1012.444734
130.2,50.465268,1021.793104
131.2,50.465268,1008.905784
132.2,50.465268,1001.517367
133.2,50.465268,1005.748523
134.2,50.465268,1005.419645
135.2,50.465268,1001.822178
136.2,50.465268,999.6084161
137.2,50.465268,1001.207874
138.2,50.465268,994.2713842
139.2,50.465268,1003.134329
140.2,50.465268,1000.381254
141.2,50.465268,994.809746
142.2,50.465268,993.507563
143.2,50.465268,997.8822918
144.2,50.465268,996.4232089
145.2,50.465268,995.0941724
146.2,50.465268,990.9238998
147.2,50.465268,983.001634
148.2,50.465268,982.537484
149.2,50.465268,983.200631
150.2,50.465268,974.8337617
151.2,50.465268,999.1577934
152.2,50.465268,986.1288352
153.2,50.465268,977.6435849
154.2,50.465268,969.0005245
155.2,50.465268,957.8393256
156.2,50.465268,955.5906466
157.2,50.465268,960.8117072
158.2,50.465268,965.3760669
159.2,50.465268,969.646442
160.2,50.465268,973.6989825
161.2,50.465268,977.8432265
162.2,50.465268,984.735734
163.2,50.465268,980.4331793
164.2,50.465268,963.2919417
165.2,50.465268,952.9826121
166.2,50.465268,958.9919617
167.2,50.465268,957.4593616
168.2,50.465268,956.9200996
169.2,50.465268,965.4021771
170.2,50.465268,960.6242951
171.2,50.465268,960.3777232
172.2,50.465268,959.4542326
173.2,50.465268,965.0094541
174.2,50.465268,966.1164868
175.2,50.465268,964.6012462
176.2,50.465268,965.0148281
177.2,50.465268,969.5333157
178.2,50.465268,960.3492999
179.2,50.465268,953.6770622
180.2,50.465268,942.3067825
181.2,50.465268,943.3121049
182.2,50.465268,948.8665279
183.2,50.465268,947.3401669
184.2,50.465268,954.0486947
185.2,50.465268,950.3245767
186.2,50.465268,958.0541098
187.2,50.465268,957.74159
188.2,50.465268,953.6970369
189.2,50.465268,951.0307481
190.2,50.465268,942.5489556
191.2,50.465268,940.4599923
192.2,50.465268,947.3787403
193.2,50.465268,949.0926667
194.2,50.465268,942.9156093
195.2,50.465268,939.8077178
196.2,50.465268,952.5946614
197.2,50.465268,951.9488431
198.2,50.465268,956.9143419
199.2,50.465268,953.5788547
200.2,50.465268,943.1236342
201.2,50.465268,953.3350191
202.2,50.465268,950.7141336
203.2,50.465268,952.2401969
204.2,50.465268,950.8310313
205.2,50.465268,953.9147361
206.2,50.465268,955.4794971
207.2,50.465268,948.4156782
208.2,50.465268,947.1520231
209.2,50.465268,951.0413049
210.2,50.465268,950.7653796
211.2,50.465268,945.8981498
212.2,50.465268,943.232443
213.2,50.465268,941.4287714
214.2,50.465268,938.3804921
215.2,50.465268,938.6320571
216.2,50.465268,938.2135611
217.2,50.465268,939.7586073
218.2,50.465268,937.5568905
219.2,50.465268,929.1902833
220.2,50.465268,936.0404924
221.2,50.465268,933.0519902
222.2,50.465268,927.3296459
223.2,50.465268,938.4533344
224.2,50.465268,940.4639562
225.2,50.465268,936.453024
226.2,50.465268,932.6343512
227.2,50.465268,933.9504761
228.2,50.465268,934.7800966
229.2,50.465268,938.5710091
230.2,50.465268,936.2435426
231.2,50.465268,947.4556558
232.2,50.465268,950.2212831
233.2,50.465268,953.3933919
234.2,50.465268,950.5515406
235.2,50.465268,949.0153476
236.2,50.465268,952.143224
237.2,50.465268,946.1651988
238.2,50.465268,946.5578722
239.2,50.465268,941.2604045
240.2,50.465268,930.9453689
241.2,50.465268,930.3896432
242.2,50.465268,934.4997386
243.2,50.465268,941.3335308
244.2,50.465268,941.072254
245.2,50.465268,937.5779219
246.2,50.465268,928.444589
247.2,50.465268,931.0810539
248.2,50.465268,939.06112
249.2,50.465268,929.0097729
250.2,50.465268,926.0549946
251.2,50.465268,929.9110607
252.2,50.465268,930.6816076
253.2,50.465268,933.0456983
254.2,50.465268,939.925422
255.2,50.465268,949.7754099
256.2,50.465268,954.9106594
257.2,50.465268,944.8811201
258.2,50.465268,932.6283113
259.2,50.465268,932.1305852
260.2,50.465268,933.5571195
261.2,50.465268,944.0189387
262.2,50.465268,949.2654675
263.2,50.465268,942.5849274
264.2,50.465268,937.0759639
265.2,50.465268,942.2513715
266.2,50.465268,948.7901109
267.2,50.465268,952.003136
268.2,50.465268,952.3209632
269.2,50.465268,949.0873927
270.2,50.465268,950.0343678
271.2,50.465268,950.4798419
272.2,50.465268,944.1078078
273.2,50.465268,931.4054977
274.2,50.465268,935.2619146
275.2,50.465268,941.7541093
276.2,50.465268,939.9045134
277.2,50.465268,952.6762337
278.2,50.465268,958.8011113
279.2,50.465268,963.1848015
280.2,50.465268,957.8695452
281.2,50.465268,951.3619127
282.2,50.465268,951.7633491
283.2,50.465268,949.5357284
284.2,50.465268,941.6188159
285.2,50.465268,941.8749329
286.2,50.465268,940.0302773
287.2,50.465268,943.5290877
288.2,50.465268,945.7310827
289.2,50.465268,945.2965502
290.2,50.465268,943.5644074
291.2,50.465268,944.4858575
292.2,50.465268,951.2650929
293.2,50.465268,950.9487077
294.2,50.465268,955.9856382
295.2,50.465268,952.1683029
296.2,50.465268,945.6892651
297.2,50.465268,952.5137538
298.2,50.465268,968.3673294
299.2,50.465268,970.3272555
300.2,50.465268,964.5457694
301.2,50.465268,962.5289416
302.2,50.465268,958.5437073
303.2,50.465268,955.4690418
304.2,50.465268,964.1678125
305.2,50.465268,957.0542312
306.2,50.465268,962.0000849
307.2,50.465268,958.0223049
308.2,50.465268,961.8302175
309.2,50.465268,966.595466
310.2,50.465268,961.8029069
311.2,50.465268,959.1919951
312.2,50.465268,959.9575227
313.2,50.465268,965.1880384
314.2,50.465268,964.7902247
315.2,50.465268,972.560476
316.2,50.465268,982.4267316
317.2,50.465268,970.2300981
318.2,50.465268,975.5372628
319.2,50.465268,980.1510286
320.2,50.465268,978.3116023
321.2,50.465268,972.0393296
322.2,50.465268,974.5641194
323.2,50.465268,982.6242412
324.2,50.465268,979.5697535
325.2,50.465268,983.8323594
326.2,50.465268,990.8667713
327.2,50.465268,980.9943802
328.2,50.465268,970.0120745
329.2,50.465268,982.7723335
330.2,50.465268,984.8984313
331.2,50.465268,988.3634845
332.2,50.465268,992.0123161
333.2,50.465268,999.2935073
334.2,50.465268,985.3638364
335.2,50.465268,971.7101156
336.2,50.465268,965.4044019
337.2,50.465268,969.9655024
338.2,50.465268,972.6327067
339.2,50.465268,972.8185695
340.2,50.465268,976.665278
341.2,50.465268,973.3262392
342.2,50.465268,979.1650569
343.2,50.465268,966.9171945
344.2,50.465268,971.7916149
345.2,50.465268,972.9454479
346.2,50.465268,968.3618818
347.2,50.465268,966.17836
348.2,50.465268,959.6933323
349.2,50.465268,962.5633379
350.2,50.465268,963.508666
351.2,50.465268,957.5928391
352.2,50.465268,956.5664735
353.2,50.465268,973.4950051
354.2,50.465268,970.065171
355.2,50.465268,963.7497962
356.2,50.465268,965.2558862
357.2,50.465268,977.1994349
358.2,50.465268,974.2438474
359.2,50.465268,975.5100448
360.2,50.465268,973.1842686
361.2,50.465268,970.0081334
362.2,50.465268,976.4389265
363.2,50.465268,971.3207912
364.2,50.465268,973.1527168
365.2,50.465268,972.333201
366.2,50.465268,971.9235565
367.2,50.465268,963.1816478
368.2,50.465268,955.9702929
369.2,50.465268,956.5665474
370.2,50.465268,959.663025
371.2,50.465268,955.7147511
372.2,50.465268,955.3870936
373.2,50.465268,959.689054
374.2,50.465268,961.4987577
375.2,50.465268,962.5344654
376.2,50.465268,960.5218455
377.2,50.465268,953.6184588
378.2,50.465268,948.7372389
379.2,50.465268,949.7726102
380.2,50.465268,952.6437367
381.2,50.465268,958.8514221
382.2,50.465268,970.3439572
383.2,50.465268,965.666747
384.2,50.465268,957.5988098
385.2,50.465268,961.3546783
386.2,50.465268,963.1723491
387.2,50.465268,967.2610424
388.2,50.465268,964.5646351
389.2,50.465268,962.2184822
390.2,50.465268,964.7567578
391.2,50.465268,963.7298505
392.2,50.465268,962.3589631
393.2,50.465268,962.6363328
394.2,50.465268,955.2284931
395.2,50.465268,962.519057
396.2,50.465268,956.1488896
397.2,50.465268,957.038859
398.2,50.465268,957.905752
399.2,50.465268,951.8268849
400.2,50.465268,956.9137961
401.2,50.465268,959.2613848
402.2,50.465268,958.8394888
403.2,50.465268,972.0393652
404.2,50.465268,965.3496446
405.2,50.465268,962.9886085
406.2,50.465268,960.1680465
407.2,50.465268,960.4009472
408.2,50.465268,964.3611321
409.2,50.465268,965.1940402
410.2,50.465268,963.3360717
411.2,50.465268,966.31585
412.2,50.465268,969.9899176
413.2,50.465268,961.6018698
414.2,50.465268,966.957838
415.2,50.465268,961.3341526
416.2,50.465268,960.4509097
417.2,50.465268,966.8804486
418.2,50.465268,981.0641177
419.2,50.465268,979.0774531
420.2,50.465268,971.4988772
421.2,50.465268,975.2129566
422.2,50.465268,973.5674045
423.2,50.465268,969.9266513
424.2,50.465268,960.1780299
425.2,50.465268,966.1401455
426.2,50.465268,968.4369508
427.2,50.465268,973.0150558
428.2,50.465268,969.6092826
429.2,50.465268,972.8299299
430.2,50.465268,980.8250524
431.2,50.465268,973.5206485
432.2,50.465268,966.5802689
433.2,50.465268,965.382603
434.2,50.465268,967.6542939
435.2,50.465268,972.9428187
436.2,50.465268,975.2838804
437.2,50.465268,973.7551017
438.2,50.465268,971.4269186
439.2,50.465268,970.4285328
440.2,50.465268,978.0983382
441.2,50.465268,977.2981274
442.2,50.465268,977.8231397
443.2,50.465268,969.0475057
444.2,50.465268,980.2077755
445.2,50.465268,975.1654155
446.2,50.465268,971.130735
447.2,50.465268,975.7830171
448.2,50.465268,983.1577177
449.2,50.465268,977.71976
450.2,50.465268,969.8974978
451.2,50.465268,968.5204838
452.2,50.465268,971.3509753
453.2,50.465268,964.0147556
454.2,50.465268,971.4979651
455.2,50.465268,966.4044636
456.2,50.465268,962.889924
457.2,50.465268,964.6237529
458.2,50.465268,969.7231068
459.2,50.465268,972.8556087
460.2,50.465268,980.6771254
461.2,50.465268,966.5996963
462.2,50.465268,972.9792243
463.2,50.465268,976.8788882
464.2,50.465268,977.4031264
465.2,50.465268,973.6580623
466.2,50.465268,970.2810273
467.2,50.465268,965.8125083
468.2,50.465268,960.6001399
469.2,50.465268,968.9375143
470.2,50.465268,965.9249601
471.2,50.465268,971.095322
472.2,50.465268,970.9983558
473.2,50.465268,961.8486305
474.2,50.465268,970.1490119
475.2,50.465268,969.749439
476.2,50.465268,980.8275537
477.2,50.465268,971.4408443
478.2,50.465268,976.1170525
479.2,50.465268,977.0346539
480.2,50.465268,979.2531524
481.2,50.465268,975.1093335
482.2,50.465268,978.2578468
483.2,50.465268,981.7566712
484.2,50.465268,980.5424337
485.2,50.465268,978.979344
486.2,50.465268,978.9172148
487.2,50.465268,975.5648083
488.2,50.465268,982.3129954
489.2,50.465268,985.0527111
490.2,50.465268,978.925332
491.2,50.465268,984.8328733
492.2,50.465268,985.3842813
493.2,50.465268,987.5439965
494.2,50.465268,984.2126052
495.2,50.465268,980.2140863
496.2,50.465268,977.6039515
497.2,50.465268,982.3324807
498.2,50.465268,977.8051563
499.2,50.465268,974.7134373
500.2,50.465268,979.3605784
501.2,50.465268,979.143205
502.2,50.465268,987.5783107
503.2,50.465268,981.5720768
504.2,50.465268,984.921282
505.2,50.465268,985.9794802
506.2,50.465268,985.5654732
507.2,50.465268,987.773146
508.2,50.465268,990.9003918
509.2,50.465268,984.3030114
510.2,50.465268,974.8836667
511.2,50.465268,989.794159
512.2,50.465268,992.8128026
513.2,50.465268,985.9513108
514.2,50.465268,981.9849393
515.2,50.465268,989.0438798
516.2,50.465268,988.4003742
517.2,50.465268,994.886118
518.2,50.465268,987.8225643
519.2,50.465268,990.8955395
520.2,50.465268,984.9793869
521.2,50.465268,985.583389
522.2,50.465268,984.5151818
523.2,50.465268,979.1441968
524.2,50.465268,982.915249
525.2,50.465268,982.2062855
526.2,50.465268,975.8803317
527.2,50.465268,980.5712952
528.2,50.465268,970.0052759
529.2,50.465268,985.1548102
530.2,50.465268,997.7916982
531.2,50.730241,995.8142535
531.4,51.697364,990.7068494
531.6,52.700218,992.0452075
531.8,53.702099,1011.875985
532,54.70327,1011.181158
532.2,55.702023,1019.529107
532.4,56.702548,1045.513322
532.6,57.703379,1044.86791
532.8,58.701843,1067.79392
533,59.703092,1094.255948
533.2,60.703346,1068.373281
533.4,61.703252,1076.612271
533.6,62.70327,1092.71845
533.8,63.703159,1095.742698
534,64.701024,1128.523788
534.2,65.700256,1102.020846
534.4,66.703494,1111.197128
534.6,67.703324,1141.866473
534.8,68.700296,1126.4573
535,69.701068,1147.01991
535.2,70.698044,1169.299639
535.4,71.698125,1154.75422
535.6,72.701699,1168.497089
535.8,73.703298,1175.707323
536,74.703356,1177.10679
536.2,75.70336,1213.754196
536.4,76.70082,1210.915363
536.6,77.703352,1230.029994
536.8,78.701822,1245.774974
537,79.698043,1226.775904
537.2,80.701782,1249.609308
537.4,81.703398,1255.008924
537.6,82.701069,1252.390593
537.8,83.700157,1275.503119
538,84.699822,1274.07048
538.2,85.702593,1270.160311
538.4,86.700642,1303.226378
538.6,87.698175,1280.585883
538.8,88.699276,1300.192338
539,89.698226,1317.030841
539.2,90.698466,1309.073764
539.4,91.701155,1336.40134
539.6,92.701716,1338.847436
539.8,93.703328,1344.795084
540,94.70233,1359.985261
540.2,95.699415,1350.082818
540.4,96.699515,1367.849217
540.6,97.701586,1388.46533
540.8,98.702524,1372.114927
541,99.702155,1388.418643
541.2,100.455413,1403.631754
542.2,100.460268,1405.807734
543.2,100.460268,1425.116351
544.2,100.460268,1420.850754
545.2,100.460268,1428.779681
546.2,100.460268,1424.065107
547.2,100.460268,1445.972725
548.2,100.460268,1445.512707
549.2,100.460268,1453.784738
550.2,100.460268,1448.007791
551.2,100.460268,1450.334486
552.2,100.460268,1458.692242
553.2,100.460268,1457.005009
554.2,100.460268,1460.724809
555.2,100.460268,1482.15679
556.2,100.460268,1484.628311
557.2,100.460268,1472.82544
558.2,100.460268,1476.812515
559.2,100.460268,1482.306082
560.2,100.460268,1478.972871
561.2,100.460268,1487.993199
562.2,100.460268,1485.475009
563.2,100.460268,1485.874013
564.2,100.460268,1500.085598
565.2,100.460268,1494.986884
566.2,100.460268,1491.264129
567.2,100.460268,1495.981579
568.2,100.460268,1500.747171
569.2,100.460268,1505.778699
570.2,100.460268,1506.170142
571.2,100.460268,1496.380128
572.2,100.460268,1501.426615
573.2,100.460268,1505.16403
574.2,100.460268,1508.354505
575.2,100.460268,1505.791108
576.2,100.460268,1501.049298
577.2,100.460268,1507.002492
578.2,100.460268,1507.882135
579.2,100.460268,1490.61108
580.2,100.460268,1491.126016
581.2,100.460268,1490.365846
582.2,100.460268,1483.75492
583.2,100.460268,1482.624743
584.2,100.460268,1480.754754
585.2,100.460268,1495.259112
586.2,100.460268,1486.972918
587.2,100.460268,1478.256217
588.2,100.460268,1476.651262
589.2,100.460268,1478.593098
590.2,100.460268,1478.014857
591.2,100.460268,1481.412429
592.2,100.460268,1479.786982
593.2,100.460268,1476.933024
594.2,100.460268,1479.687598
595.2,100.460268,1468.41146
596.2,100.460268,1469.950243
597.2,100.460268,1468.013421
598.2,100.460268,1466.685415
599.2,100.460268,1475.829371
600.2,100.460268,1463.302019
601.2,100.460268,1462.840864
602.2,100.460268,1465.313438
603.2,100.460268,1461.429194
604.2,100.460268,1469.726923
605.2,100.460268,1461.018552
606.2,100.460268,1460.86201
607.2,100.460268,1454.753055
608.2,100.460268,1446.376977
609.2,100.460268,1440.393389
610.2,100.460268,1446.247837
611.2,100.460268,1440.4282
612.2,100.460268,1448.249256
613.2,100.460268,1442.955626
614.2,100.460268,1448.026678
615.2,100.460268,1447.569212
616.2,100.460268,1449.233711
617.2,100.460268,1445.047263
618.2,100.460268,1438.534777
619.2,100.460268,1441.571462
620.2,100.460268,1435.892979
621.2,100.460268,1436.721894
622.2,100.460268,1431.984389
623.2,100.460268,1425.803204
624.2,100.460268,1433.722507
625.2,100.460268,1437.33391
626.2,100.460268,1445.446628
627.2,100.460268,1432.458875
628.2,100.460268,1425.447638
629.2,100.460268,1428.786572
630.2,100.460268,1436.314341
631.2,100.460268,1435.927675
632.2,100.460268,1440.438094
633.2,100.460268,1420.210736
634.2,100.460268,1431.170585
635.2,100.460268,1431.521177
636.2,100.460268,1424.402592
637.2,100.460268,1430.195334
638.2,100.460268,1429.374196
639.2,100.460268,1421.399757
640.2,100.460268,1417.446705
641.2,100.460268,1412.173461
642.2,100.460268,1414.378158
643.2,100.460268,1416.979831
644.2,100.460268,1411.40449
645.2,100.460268,1419.135717
646.2,100.460268,1426.136011
647.2,100.460268,1417.391854
648.2,100.460268,1404.813229
649.2,100.460268,1407.647836
650.2,100.460268,1407.355911
651.2,100.460268,1406.434838
652.2,100.460268,1405.305229
653.2,100.460268,1409.580697
654.2,100.460268,1411.475794
655.2,100.460268,1414.933328
656.2,100.460268,1420.302766
657.2,100.460268,1424.104274
658.2,100.460268,1427.944123
659.2,100.460268,1419.739496
660.2,100.460268,1423.099078
661.2,100.460268,1416.733623
662.2,100.460268,1424.399234
663.2,100.460268,1418.786071
664.2,100.460268,1416.890972
665.2,100.460268,1430.30177
666.2,100.460268,1415.583824
667.2,100.460268,1413.835964
668.2,100.460268,1415.108463
669.2,100.460268,1415.470122
670.2,100.460268,1412.331339
671.2,100.460268,1427.368261
672.2,100.460268,1419.123409
673.2,100.460268,1411.508325
674.2,100.460268,1410.091764
675.2,100.460268,1409.222883
676.2,100.460268,1410.914609
677.2,100.460268,1412.562537
678.2,100.460268,1405.453036
679.2,100.460268,1400.352792
680.2,100.460268,1404.841408
681.2,100.460268,1406.655848
682.2,100.460268,1410.491674
683.2,100.460268,1412.752706
684.2,100.460268,1415.82811
685.2,100.460268,1427.582272
686.2,100.460268,1423.87485
687.2,100.460268,1417.848899
688.2,100.460268,1423.69338
689.2,100.460268,1420.980201
690.2,100.460268,1419.98906
691.2,100.460268,1415.259665
692.2,100.460268,1407.29669
693.2,100.460268,1415.361305
694.2,100.460268,1417.273526
695.2,100.460268,1423.562974
696.2,100.460268,1433.023646
697.2,100.460268,1420.967947
698.2,100.460268,1425.797998
699.2,100.460268,1423.482245
700.2,100.460268,1425.937595
701.2,100.460268,1431.484649
702.2,100.460268,1430.975434
703.2,100.460268,1430.369337
704.2,100.460268,1428.983698
705.2,100.460268,1440.345295
706.2,100.460268,1432.389677
707.2,100.460268,1427.293722
708.2,100.460268,1432.740314
709.2,100.460268,1432.125355
710.2,100.460268,1427.552428
711.2,100.460268,1424.634324
712.2,100.460268,1416.552849
713.2,100.460268,1421.392963
714.2,100.460268,1410.031023
715.2,100.460268,1420.550922
716.2,100.460268,1423.920256
717.2,100.460268,1415.669223
718.2,100.460268,1418.147316
719.2,100.460268,1422.505901
720.2,100.460268,1423.645498
721.2,100.460268,1424.794625
722.2,100.460268,1430.592115
723.2,100.460268,1429.18265
724.2,100.460268,1430.286392
725.2,100.460268,1428.633823
726.2,100.460268,1431.862282
727.2,100.460268,1415.04438
728.2,100.460268,1419.574605
729.2,100.460268,1410.307107
730.2,100.460268,1413.666185
731.2,100.460268,1412.156126
732.2,100.460268,1417.503452
733.2,100.460268,1418.043967
734.2,100.460268,1423.1112
735.2,100.460268,1425.540852
736.2,100.460268,1427.969324
737.2,100.460268,1428.916049
738.2,100.460268,1426.230262
739.2,100.460268,1421.958178
740.2,100.460268,1431.37404
741.2,100.460268,1425.205365
742.2,100.460268,1425.053751
743.2,100.460268,1423.325435
744.2,100.460268,1434.386498
745.2,100.460268,1438.466505
746.2,100.460268,1430.594795
747.2,100.460268,1435.072722
748.2,100.460268,1436.950051
749.2,100.460268,1433.314097
750.2,100.460268,1442.034015
751.2,100.460268,1434.54044
752.2,100.460268,1432.096818
753.2,100.460268,1428.517673
754.2,100.460268,1428.963854
755.2,100.460268,1429.46216
756.2,100.460268,1439.928923
757.2,100.460268,1442.433014
758.2,100.460268,1432.431539
759.2,100.460268,1442.89367
760.2,100.460268,1445.296041
761.2,100.460268,1442.429123
762.2,100.460268,1442.574219
763.2,100.460268,1447.991209
764.2,100.460268,1443.437441
765.2,100.460268,1442.759283
766.2,100.460268,1434.208904
767.2,100.460268,1442.181787
768.2,100.460268,1440.253762
769.2,100.460268,1441.051347
770.2,100.460268,1437.133792
771.2,100.460268,1431.737906
772.2,100.460268,1436.649926
773.2,100.460268,1438.055979
774.2,100.460268,1436.407722
775.2,100.460268,1437.181477
776.2,100.460268,1430.597802
777.2,100.460268,1431.376036
778.2,100.460268,1432.683456
779.2,100.460268,1429.469097
780.2,100.460268,1418.17273
781.2,100.460268,1422.017848
782.2,100.460268,1429.91959
783.2,100.460268,1431.077183
784.2,100.460268,1434.669183
785.2,100.460268,1437.698723
786.2,100.460268,1427.556953
787.2,100.460268,1427.266756
788.2,100.460268,1433.247123
789.2,100.460268,1431.928857
790.2,100.460268,1439.763903
791.2,100.460268,1440.979114
792.2,100.460268,1430.867411
793.2,100.460268,1441.574911
794.2,100.460268,1439.474298
795.2,100.460268,1439.160321
796.2,100.460268,1438.552771
797.2,100.460268,1433.367454
798.2,100.460268,1440.658049
799.2,100.460268,1443.630763
800.2,100.460268,1442.508171
801.2,100.460268,1443.852096
802.2,100.460268,1433.163119
803.2,100.460268,1441.11097
804.2,100.460268,1453.311955
805.2,100.460268,1452.386223
806.2,100.460268,1450.736262
807.2,100.460268,1451.375636
808.2,100.460268,1446.151926
809.2,100.460268,1448.792927
810.2,100.460268,1445.275027
811.2,100.460268,1448.801133
812.2,100.460268,1445.512311
813.2,100.460268,1437.598383
814.2,100.460268,1441.188992
815.2,100.460268,1440.674316
816.2,100.460268,1436.185529
817.2,100.460268,1431.525642
818.2,100.460268,1430.104096
819.2,100.460268,1437.872495
820.2,100.460268,1442.231186
821.2,100.460268,1440.217107
822.2,100.460268,1432.791013
823.2,100.460268,1443.222566
824.2,100.460268,1443.480104
825.2,100.460268,1447.543107
826.2,100.460268,1455.3842
827.2,100.460268,1441.657236
828.2,100.460268,1441.682183
829.2,100.460268,1440.82287
830.2,100.460268,1433.458023
831.2,100.460268,1436.659762
832.2,100.460268,1443.60203
833.2,100.460268,1434.518388
834.2,100.460268,1422.265518
835.2,100.460268,1438.110682
836.2,100.460268,1436.400846
837.2,100.460268,1444.317972
838.2,100.460268,1447.334632
839.2,100.460268,1443.21962
840.2,100.460268,1437.856757
841.2,100.460268,1437.258498
842.2,100.460268,1441.15714
843.2,100.460268,1444.40001
844.2,100.460268,1452.303515
845.2,100.460268,1449.092012
846.2,100.460268,1438.273401
847.2,100.460268,1443.323052
848.2,100.460268,1455.836308
849.2,100.460268,1444.257451
850.2,100.460268,1447.948758
851.2,100.460268,1450.176388
852.2,100.460268,1446.702979
853.2,100.460268,1451.105355
854.2,100.460268,1455.890581
855.2,100.460268,1444.524576
856.2,100.460268,1458.629839
857.2,100.460268,1458.566639
858.2,100.460268,1447.435453
859.2,100.460268,1457.32437
860.2,100.460268,1465.355443
861.2,100.460268,1460.987282
862.2,100.460268,1466.519144
863.2,100.460268,1458.674999
864.2,100.460268,1463.114231
865.2,100.460268,1466.667273
866.2,100.460268,1455.510249
867.2,100.460268,1459.240109
868.2,100.460268,1462.685382
869.2,100.460268,1460.061043
870.2,100.460268,1470.577424
871.2,100.460268,1461.346223
872.2,100.460268,1452.380237
873.2,100.460268,1456.553279
874.2,100.460268,1449.177598
875.2,100.460268,1455.577684
876.2,100.460268,1454.826213
877.2,100.460268,1459.174237
878.2,100.460268,1463.172229
879.2,100.460268,1446.868898
880.2,100.460268,1456.205909
881.2,100.460268,1452.718273
882.2,100.460268,1451.780994
883.2,100.460268,1451.774015
884.2,100.460268,1452.626955
885.2,100.460268,1457.862091
886.2,100.460268,1465.870132
887.2,100.460268,1461.245012
888.2,100.460268,1459.966316
889.2,100.460268,1464.146528
890.2,100.460268,1462.949472
891.2,100.725181,1455.015562
891.4,101.691948,1456.234665
891.6,102.69656,1475.538285
891.8,103.69804,1456.118878
892,104.69559,1493.051608
892.2,105.698054,1495.082572
892.4,106.698565,1483.267271
892.6,107.698258,1504.389414
892.8,108.695412,1497.360634
893,109.696725,1504.292346
893.2,110.6968,1522.947957
893.4,111.697594,1535.746886
893.6,112.697919,1532.830153
893.8,113.694012,1559.442234
894,114.696271,1548.212349
894.2,115.695612,1547.352198
894.4,116.696382,1568.851613
894.6,117.694859,1559.041076
894.8,118.69569,1571.555709
895,119.696947,1590.415653
895.2,120.69837,1595.98281
895.4,121.697651,1619.408079
895.6,122.697458,1585.984405
895.8,123.698129,1602.052022
896,124.697247,1615.149952
896.2,125.694034,1602.925392
896.4,126.695888,1620.724245
896.6,127.698512,1625.739733
896.8,128.697091,1622.193806
897,129.698547,1660.374419
897.2,130.695347,1646.199596
897.4,131.694855,1647.54383
897.6,132.694337,1666.839962
897.8,133.694224,1676.613228
898,134.698415,1662.653527
898.2,135.695716,1684.221599
898.4,136.697527,1679.725635
898.6,137.698499,1677.841827
898.8,138.695342,1703.052455
899,139.698407,1692.897961
899.2,140.695805,1710.024579
899.4,141.696937,1713.370834
899.6,142.698494,1693.040507
899.8,143.698085,1716.130956
900,144.697529,1727.240142
900.2,145.696037,1717.625307
900.4,146.697929,1727.14052
900.6,147.698073,1728.895498
900.8,148.697091,1747.718712
901,149.696914,1767.112998
901.2,150.450592,1767.530939
902.2,150.455268,1803.581434
903.2,150.455268,1803.847709
904.2,150.455268,1818.735427
905.2,150.455268,1831.61976
906.2,150.455268,1832.772374
907.2,150.455268,1838.293008
908.2,150.455268,1869.764369
909.2,150.455268,1863.371282
910.2,150.455268,1892.878815
911.2,150.455268,1896.810149
912.2,150.455268,1901.07198
913.2,150.455268,1908.294956
914.2,150.455268,1905.956089
915.2,150.455268,1907.574975
916.2,150.455268,1912.464339
917.2,150.455268,1905.88033
918.2,150.455268,1919.068906
919.2,150.455268,1932.265617
920.2,150.455268,1923.965775
921.2,150.455268,1936.449379
922.2,150.455268,1937.000928
923.2,150.455268,1934.821727
924.2,150.455268,1922.857735
925.2,150.455268,1937.034754
926.2,150.455268,1940.320871
927.2,150.455268,1943.757474
928.2,150.455268,1948.979162
929.2,150.455268,1946.697875
930.2,150.455268,1952.185417
931.2,150.455268,1953.760594
932.2,150.455268,1953.250888
933.2,150.455268,1962.453757
934.2,150.455268,1968.119963
935.2,150.455268,1964.616649
936.2,150.455268,1977.34197
937.2,150.455268,1969.2795
938.2,150.455268,1972.104361
939.2,150.455268,1969.740427
940.2,150.455268,1963.989783
941.2,150.455268,1970.411827
942.2,150.455268,1973.142446
943.2,150.455268,1968.269412
944.2,150.455268,1967.370399
945.2,150.455268,1957.808687
946.2,150.455268,1952.917947
947.2,150.455268,1953.549198
948.2,150.455268,1951.111822
949.2,150.455268,1940.808127
950.2,150.455268,1950.449107
951.2,150.455268,1955.509625
952.2,150.455268,1961.205016
953.2,150.455268,1954.053478
954.2,150.455268,1948.229386
955.2,150.455268,1947.702479
956.2,150.455268,1949.477185
957.2,150.455268,1942.86234
958.2,150.455268,1940.546324
959.2,150.455268,1953.182946
960.2,150.455268,1944.038949
961.2,150.455268,1943.481156
962.2,150.455268,1939.322092
963.2,150.455268,1941.329274
964.2,150.455268,1938.527367
965.2,150.455268,1934.771322
966.2,150.455268,1926.743719
967.2,150.455268,1935.579929
968.2,150.455268,1932.059073
969.2,150.455268,1936.736875
970.2,150.455268,1929.39412
971.2,150.455268,1923.609866
972.2,150.455268,1918.048722
973.2,150.455268,1919.291457
974.2,150.455268,1930.515088
975.2,150.455268,1899.425316
976.2,150.455268,1882.052541
977.2,150.455268,1864.350372
978.2,150.455268,1868.743278
979.2,150.455268,1878.2193
980.2,150.455268,1872.292957
981.2,150.455268,1877.731815
982.2,150.455268,1870.946653
983.2,150.455268,1878.309938
984.2,150.455268,1867.455476
985.2,150.455268,1862.374976
986.2,150.455268,1860.582159
987.2,150.455268,1860.121582
988.2,150.455268,1858.561416
989.2,150.455268,1859.128057
990.2,150.455268,1854.028942
991.2,150.455268,1848.047857
992.2,150.455268,1848.394037
993.2,150.455268,1855.778884
994.2,150.455268,1856.884051
995.2,150.455268,1857.771297
996.2,150.455268,1861.260725
997.2,150.455268,1872.557458
998.2,150.455268,1859.760343
999.2,150.455268,1857.969617
1000.2,150.455268,1847.04145
1001.2,150.455268,1842.52758
1002.2,150.455268,1847.703805
1003.2,150.455268,1845.413743
1004.2,150.455268,1853.154829
1005.2,150.455268,1833.214812
1006.2,150.455268,1833.940635
1007.2,150.455268,1830.965863
1008.2,150.455268,1816.854402
1009.2,150.455268,1809.142918
1010.2,150.455268,1809.780625
1011.2,150.455268,1802.921757
1012.2,150.455268,1808.552279
1013.2,150.455268,1807.317584
1014.2,150.455268,1805.781711
1015.2,150.455268,1806.789626
1016.2,150.455268,1787.748471
1017.2,150.455268,1793.404456
1018.2,150.455268,1792.70847
1019.2,150.455268,1796.10507
1020.2,150.455268,1800.906328
1021.2,150.455268,1809.640321
1022.2,150.455268,1809.663163
1023.2,150.455268,1811.600504
1024.2,150.455268,1817.86675
1025.2,150.455268,1807.275083
1026.2,150.455268,1816.491653
1027.2,150.455268,1804.534775
1028.2,150.455268,1810.438109
1029.2,150.455268,1813.198565
1030.2,150.455268,1805.169409
1031.2,150.455268,1798.257265
1032.2,150.455268,1796.249213
1033.2,150.455268,1791.332515
1034.2,150.455268,1792.633558
1035.2,150.455268,1791.821494
1036.2,150.455268,1799.495382
1037.2,150.455268,1795.896216
1038.2,150.455268,1792.587167
1039.2,150.455268,1771.019783
1040.2,150.455268,1763.231362
1041.2,150.455268,1762.306269
1042.2,150.455268,1765.212164
1043.2,150.455268,1779.333335
1044.2,150.455268,1788.91153
1045.2,150.455268,1774.275329
1046.2,150.455268,1772.650822
1047.2,150.455268,1787.725694
1048.2,150.455268,1788.799978
1049.2,150.455268,1780.83679
1050.2,150.455268,1780.873448
1051.2,150.455268,1778.740338
1052.2,150.455268,1773.16332
1053.2,150.455268,1786.836508
1054.2,150.455268,1779.949716
1055.2,150.455268,1790.411362
1056.2,150.455268,1791.099394
1057.2,150.455268,1779.316201
1058.2,150.455268,1801.106005
1059.2,150.455268,1793.222162
1060.2,150.455268,1779.789929
1061.2,150.455268,1784.399411
1062.2,150.455268,1786.135854
1063.2,150.455268,1782.019606
1064.2,150.455268,1777.89978
1065.2,150.455268,1786.104087
1066.2,150.455268,1788.208367
1067.2,150.455268,1798.459147
1068.2,150.455268,1789.275233
1069.2,150.455268,1782.755574
1070.2,150.455268,1799.023115
1071.2,150.455268,1794.531491
1072.2,150.455268,1795.508327
1073.2,150.455268,1790.14492
1074.2,150.455268,1785.811552
1075.2,150.455268,1792.257294
1076.2,150.455268,1788.615472
1077.2,150.455268,1795.370402
1078.2,150.455268,1793.58918
1079.2,150.455268,1786.475264
1080.2,150.455268,1780.864048
1081.2,150.455268,1802.069873
1082.2,150.455268,1795.161825
1083.2,150.455268,1795.750062
1084.2,150.455268,1788.985109
1085.2,150.455268,1804.042979
1086.2,150.455268,1787.934476
1087.2,150.455268,1792.37859
1088.2,150.455268,1788.828472
1089.2,150.455268,1799.61151
1090.2,150.455268,1802.170429
1091.2,150.455268,1804.984079
1092.2,150.455268,1803.378152
1093.2,150.455268,1816.882552
1094.2,150.455268,1797.332077
1095.2,150.455268,1809.028902
1096.2,150.455268,1798.580411
1097.2,150.455268,1810.565628
1098.2,150.455268,1805.917577
1099.2,150.455268,1801.241535
1100.2,150.455268,1798.930058
1101.2,150.455268,1807.991623
1102.2,150.455268,1820.449631
1103.2,150.455268,1816.794423
1104.2,150.455268,1799.104218
1105.2,150.455268,1813.28719
1106.2,150.455268,1807.341793
1107.2,150.455268,1812.131745
1108.2,150.455268,1803.116071
1109.2,150.455268,1814.852222
1110.2,150.455268,1800.173715
1111.2,150.455268,1801.304231
1112.2,150.455268,1799.603572
1113.2,150.455268,1803.037936
1114.2,150.455268,1809.347389
1115.2,150.455268,1817.331745
1116.2,150.455268,1824.796585
1117.2,150.455268,1829.985693
1118.2,150.455268,1819.270534
1119.2,150.455268,1820.695886
1120.2,150.455268,1819.410312
1121.2,150.455268,1808.128401
1122.2,150.455268,1807.730535
1123.2,150.455268,1810.067385
1124.2,150.455268,1813.151352
1125.2,150.455268,1812.698062
1126.2,150.455268,1812.295634
1127.2,150.455268,1815.314566
1128.2,150.455268,1816.459607
1129.2,150.455268,1821.728933
1130.2,150.455268,1816.346069
1131.2,150.455268,1816.799741
1132.2,150.455268,1801.212805
1133.2,150.455268,1805.703172
1134.2,150.455268,1807.665178
1135.2,150.455268,1812.981363
1136.2,150.455268,1808.687461
1137.2,150.455268,1825.135121
1138.2,150.455268,1816.228457
1139.2,150.455268,1826.534263
1140.2,150.455268,1828.607817
1141.2,150.455268,1820.126549
1142.2,150.455268,1821.268326
1143.2,150.455268,1817.211894
1144.2,150.455268,1806.17578
1145.2,150.455268,1817.873043
1146.2,150.455268,1822.327873
1147.2,150.455268,1812.348101
1148.2,150.455268,1818.851672
1149.2,150.455268,1823.763846
1150.2,150.455268,1824.821376
1151.2,150.455268,1826.633053
1152.2,150.455268,1824.283353
1153.2,150.455268,1820.315175
1154.2,150.455268,1812.094195
1155.2,150.455268,1823.7733
1156.2,150.455268,1817.708853
1157.2,150.455268,1825.007286
1158.2,150.455268,1830.11341
1159.2,150.455268,1829.934671
1160.2,150.455268,1827.750333
1161.2,150.455268,1835.060628
1162.2,150.455268,1821.385347
1163.2,150.455268,1824.901255
1164.2,150.455268,1824.270352
1165.2,150.455268,1818.278697
1166.2,150.455268,1805.412298
1167.2,150.455268,1813.37178
1168.2,150.455268,1821.514363
1169.2,150.455268,1825.609875
1170.2,150.455268,1823.406382
1171.2,150.455268,1823.256198
1172.2,150.455268,1821.50199
1173.2,150.455268,1812.339277
1174.2,150.455268,1810.287995
1175.2,150.455268,1816.775882
1176.2,150.455268,1816.790545
1177.2,150.455268,1807.116421
1178.2,150.455268,1807.888874
1179.2,150.455268,1818.741883
1180.2,150.455268,1816.653442
1181.2,150.455268,1811.881061
1182.2,150.455268,1815.664497
1183.2,150.455268,1812.865184
1184.2,150.455268,1821.309999
1185.2,150.455268,1823.423357
1186.2,150.455268,1813.181795
1187.2,150.455268,1804.423431
1188.2,150.455268,1809.750747
1189.2,150.455268,1804.009082
1190.2,150.455268,1821.274382
1191.2,150.455268,1817.987242
1192.2,150.455268,1811.932619
1193.2,150.455268,1803.185388
1194.2,150.455268,1808.182947
1195.2,150.455268,1820.06633
1196.2,150.455268,1809.899835
1197.2,150.455268,1799.288298
1198.2,150.455268,1798.686452
1199.2,150.455268,1805.780806
1200.2,150.455268,1813.784932
1201.2,150.455268,1818.682263
1202.2,150.455268,1812.938841
1203.2,150.455268,1809.089174
1204.2,150.455268,1807.75779
1205.2,150.455268,1817.394287
1206.2,150.455268,1816.073448
1207.2,150.455268,1801.337405
1208.2,150.455268,1811.277166
1209.2,150.455268,1831.142637
1210.2,150.455268,1817.856771
1211.2,150.455268,1816.964646
1212.2,150.455268,1817.655413
1213.2,150.455268,1817.384299
1214.2,150.455268,1825.755108
1215.2,150.455268,1825.709395
1216.2,150.455268,1833.708336
1217.2,150.455268,1841.905702
1218.2,150.455268,1828.744697
1219.2,150.455268,1824.470739
1220.2,150.455268,1842.162612
1221.2,150.455268,1839.889853
1222.2,150.455268,1843.127752
1223.2,150.455268,1842.146036
1224.2,150.455268,1842.256864
1225.2,150.455268,1843.111189
1226.2,150.455268,1845.44291
1227.2,150.455268,1830.195545
1228.2,150.455268,1832.929075
1229.2,150.455268,1841.904369
1230.2,150.455268,1840.856272
1231.2,150.455268,1833.647587
1232.2,150.455268,1839.637991
1233.2,150.455268,1836.426174
1234.2,150.455268,1834.735136
1235.2,150.455268,1842.447088
1236.2,150.455268,1831.572194
1237.2,150.455268,1829.601259
1238.2,150.455268,1834.741827
1239.2,150.455268,1832.535401
1240.2,150.455268,1838.665843
1241.2,150.455268,1832.179881
1242.2,150.455268,1836.262256
1243.2,150.455268,1840.036336
1244.2,150.455268,1842.05755
1245.2,150.455268,1848.17986
1246.2,150.455268,1844.160528
1247.2,150.455268,1833.748861
1248.2,150.455268,1850.466261
1249.2,150.455268,1832.047988
1250.2,150.455268,1840.036498
1251.2,150.455268,1841.413596
1252.2,150.455268,1836.334133
1253.2,150.455268,1851.004259
1254.2,150.455268,1845.300799
1255.2,150.455268,1845.596361
1256.2,150.455268,1849.738708
1257.2,150.455268,1853.326264
1258.2,150.455268,1840.770627
1259.2,150.455268,1840.900559
1260.2,150.455268,1850.886159
1261.2,150.455268,1845.435045
1262.2,150.455268,1854.677736
1263.2,150.455268,1842.488201
1264.2,150.455268,1843.819242
1265.2,150.455268,1843.699774
1266.2,150.455268,1841.584598
1267.2,150.455268,1838.131944
1268.2,150.455268,1843.854494
1269.2,150.455268,1825.412698
1269.4,150.766369,1821.376658
1269.6,151.782723,1824.140166
1269.8,152.816772,1819.091719
1270,153.713537,1813.98307
1270.2,154.747221,1849.333866
1270.4,155.782809,1838.644998
1270.6,156.813137,1842.639757
1270.8,157.776821,1832.238765
1271,158.747762,1868.504314
1271.2,159.784417,1866.118976
1271.4,160.816286,1851.557503
1271.6,161.721424,1841.277079
1271.8,162.753328,1845.104644
1272,163.787927,1837.707177
1272.2,164.765035,1860.121836
1272.4,165.738181,1868.779006
1272.6,166.773494,1858.020555
1272.8,167.811203,1864.71198
1273,168.720513,1857.435999
1273.2,169.756069,1867.197005
1273.4,170.792728,1877.593473
1273.6,171.766629,1885.326797
1273.8,172.74326,1902.455759
1274,173.778669,1878.835735
1274.2,174.818479,1894.508509
1274.4,175.72526,1907.127614
1274.6,176.762883,1910.552265
1274.8,177.791466,1916.075254
1275,178.818029,1917.01468
1275.2,179.724586,1921.850205
1275.4,180.760644,1936.542811
1275.6,181.792756,1941.963774
1275.8,182.762984,1929.721288
1276,183.732956,1948.447307
1276.2,184.770356,1962.717267
1276.4,185.803435,1947.244679
1276.6,186.774264,1968.971495
1276.8,187.742153,1969.989989
1277,188.773694,1981.654595
1277.2,189.813261,1990.018292
1277.4,190.722105,1995.302064
1277.6,191.76339,1994.51069
1277.8,192.788711,2007.55002
1278,193.756944,2013.289929
1278.2,194.730104,1995.271944
1278.4,195.768563,2013.426629
1278.6,196.807054,2030.971807
1278.8,197.718392,2035.519112
1279,198.75727,2022.867134
1279.2,200.314476,2032.917373
1280.2,200.445268,2031.514749
1281.2,200.445268,2033.325529
1282.2,200.445268,2030.748452
1283.2,200.445268,2043.401679
1284.2,200.445268,2046.602608
1285.2,200.445268,2049.004901
1286.2,200.445268,2043.762431
1287.2,200.445268,2046.355374
1288.2,200.445268,2051.890751
1289.2,200.445268,2053.930195
1290.2,200.445268,2053.430323
1291.2,200.445268,2053.160209
1292.2,200.445268,2048.129406
1293.2,200.445268,2062.075876
1294.2,200.445268,2068.218222
1295.2,200.445268,2057.283045
1296.2,200.445268,2077.342915
1297.2,200.445268,2067.906247
1298.2,200.445268,2066.434203
1299.2,200.445268,2079.804495
1300.2,200.445268,2086.112008
1301.2,200.445268,2090.808898
1302.2,200.445268,2075.910256
1303.2,200.445268,2087.134999
1304.2,200.445268,2080.237613
1305.2,200.445268,2090.647974
1306.2,200.445268,2084.245682
1307.2,200.445268,2087.80425
1308.2,200.445268,2085.454871
1309.2,200.445268,2078.097967
1310.2,200.445268,2085.823561
1311.2,200.445268,2065.362452
1312.2,200.445268,2061.787346
1313.2,200.445268,2070.866812
1314.2,200.445268,2061.356528
1315.2,200.445268,2054.838917
1316.2,200.445268,2061.527123
1317.2,200.445268,2060.579737
1318.2,200.445268,2050.792703
1319.2,200.445268,2050.563031
1320.2,200.445268,2039.046821
1321.2,200.445268,2048.237388
1322.2,200.445268,2061.477875
1323.2,200.445268,2065.858225
1324.2,200.445268,2077.101675
1325.2,200.445268,2075.864426
1326.2,200.445268,2085.486721
1327.2,200.445268,2091.938637
1328.2,200.445268,2095.254922
1329.2,200.445268,2106.793245
1330.2,200.445268,2101.250024
1331.2,200.445268,2102.360573
1332.2,200.445268,2105.448184
1333.2,200.445268,2108.269321
1334.2,200.445268,2115.17727
1335.2,200.445268,2112.945145
1336.2,200.445268,2133.784089
1337.2,200.445268,2139.447495
1338.2,200.445268,2118.053627
1339.2,200.445268,2112.137857
1340.2,200.445268,2116.58059
1341.2,200.445268,2116.443792
1342.2,200.445268,2128.69525
1343.2,200.445268,2131.130421
1344.2,200.445268,2128.640161
1345.2,200.445268,2120.518468
1346.2,200.445268,2126.257038
1347.2,200.445268,2119.460298
1348.2,200.445268,2121.963782
1349.2,200.445268,2119.641699
1350.2,200.445268,2116.594221
1351.2,200.445268,2110.01362
1352.2,200.445268,2104.057635
1353.2,200.445268,2099.396732
1354.2,200.445268,2106.29613
1355.2,200.445268,2103.100296
1356.2,200.445268,2107.147608
1357.2,200.445268,2102.710839
1358.2,200.445268,2097.6296
1359.2,200.445268,2093.88845
1360.2,200.445268,2102.909473
1361.2,200.445268,2095.583729
1362.2,200.445268,2086.400154
1363.2,200.445268,2094.173986
1364.2,200.445268,2088.798009
1365.2,200.445268,2080.914256
1366.2,200.445268,2079.486263
1367.2,200.445268,2085.862226
1368.2,200.445268,2084.630337
1369.2,200.445268,2079.675112
1370.2,200.445268,2072.876993
1371.2,200.445268,2081.943984
1372.2,200.445268,2073.481102
1373.2,200.445268,2071.113401
1374.2,200.445268,2066.49983
1375.2,200.445268,2064.393984
1376.2,200.445268,2048.301194
1377.2,200.445268,2061.825745
1378.2,200.445268,2065.468141
1379.2,200.445268,2058.742598
1380.2,200.445268,2060.830313
1381.2,200.445268,2052.302346
1382.2,200.445268,2049.14344
1383.2,200.445268,2061.511432
1384.2,200.445268,2053.883268
1385.2,200.445268,2063.002986
1386.2,200.445268,2067.493599
1387.2,200.445268,2057.332376
1388.2,200.445268,2067.843107
1389.2,200.445268,2064.878453
1390.2,200.445268,2067.563326
1391.2,200.445268,2064.07819
1392.2,200.445268,2060.05909
1393.2,200.445268,2067.451632
1394.2,200.445268,2075.867189
1395.2,200.445268,2077.520198
1396.2,200.445268,2066.461209
1397.2,200.445268,2069.16163
1398.2,200.445268,2062.07574
1399.2,200.445268,2052.174277
1400.2,200.445268,2053.961816
1401.2,200.445268,2054.053104
1402.2,200.445268,2059.683686
1403.2,200.445268,2057.114075
1404.2,200.445268,2069.501243
1405.2,200.445268,2068.059545
1406.2,200.445268,2073.019877
1407.2,200.445268,2068.705832
1408.2,200.445268,2084.177439
1409.2,200.445268,2079.337185
1410.2,200.445268,2076.612977
1411.2,200.445268,2061.309829
1412.2,200.445268,2049.853966
1413.2,200.445268,2043.345558
1414.2,200.445268,2033.364685
1415.2,200.445268,2029.252275
1416.2,200.445268,2033.782921
1417.2,200.445268,2039.070332
1418.2,200.445268,2043.896813
1419.2,200.445268,2040.323694
1420.2,200.445268,2051.493296
1421.2,200.445268,2045.95957
1422.2,200.445268,2051.937257
1423.2,200.445268,2039.933253
1424.2,200.445268,2044.631008
1425.2,200.445268,2054.447729
1426.2,200.445268,2060.342239
1427.2,200.445268,2062.005371
1428.2,200.445268,2062.636321
1429.2,200.445268,2067.706211
1430.2,200.445268,2073.055934
1431.2,200.445268,2071.684127
1432.2,200.445268,2067.507706
1433.2,200.445268,2072.851212
1434.2,200.445268,2073.154756
1435.2,200.445268,2082.437624
1436.2,200.445268,2064.411268
1437.2,200.445268,2067.668979
1438.2,200.445268,2059.973797
1439.2,200.445268,2056.001269
1440.2,200.445268,2069.312089
1441.2,200.445268,2062.082206
1442.2,200.445268,2053.761855
1443.2,200.445268,2052.969482
1444.2,200.445268,2071.111479
1445.2,200.445268,2064.002929
1446.2,200.445268,2069.968968
1447.2,200.445268,2080.104756
1448.2,200.445268,2068.567941
1449.2,200.445268,2066.023575
1450.2,200.445268,2061.965386
1451.2,200.445268,2069.559236
1452.2,200.445268,2059.629833
1453.2,200.445268,2056.414733
1454.2,200.445268,2060.143512
1455.2,200.445268,2052.516447
1456.2,200.445268,2063.325367
1457.2,200.445268,2055.16919
1458.2,200.445268,2062.388342
1459.2,200.445268,2061.703578
1460.2,200.445268,2063.661935
1461.2,200.445268,2063.170851
1462.2,200.445268,2045.323063
1463.2,200.445268,2046.252902
1464.2,200.445268,2042.912364
1465.2,200.445268,2031.707759
1466.2,200.445268,2036.231382
1467.2,200.445268,2034.132191
1468.2,200.445268,2035.838423
1469.2,200.445268,2039.275718
1470.2,200.445268,2044.236301
1471.2,200.445268,2040.359968
1472.2,200.445268,2040.691773
1473.2,200.445268,2040.650955
1474.2,200.445268,2048.431444
1475.2,200.445268,2047.465146
1476.2,200.445268,2048.345932
1477.2,200.445268,2053.332165
1478.2,200.445268,2045.785572
1479.2,200.445268,2055.647546
1480.2,200.445268,2054.84859
1481.2,200.445268,2056.297931
1482.2,200.445268,2048.04657
1483.2,200.445268,2049.804361
1484.2,200.445268,2054.339921
1485.2,200.445268,2050.178855
1486.2,200.445268,2052.301046
1487.2,200.445268,2055.650071
1488.2,200.445268,2054.574197
1489.2,200.445268,2055.704474
1490.2,200.445268,2046.663072
1491.2,200.445268,2046.282208
1492.2,200.445268,2049.998726
1493.2,200.445268,2046.579098
1494.2,200.445268,2042.219341
1495.2,200.445268,2044.240153
1496.2,200.445268,2052.493726
1497.2,200.445268,2041.329895
1498.2,200.445268,2031.523809
1499.2,200.445268,2046.201934
1500.2,200.445268,2045.243674
1501.2,200.445268,2037.813632
1502.2,200.445268,2040.364702
1503.2,200.445268,2043.171104
1504.2,200.445268,2045.39549
1505.2,200.445268,2050.603946
1506.2,200.445268,2051.388985
1507.2,200.445268,2039.810673
1508.2,200.445268,2045.990981
1509.2,200.445268,2046.685928
1510.2,200.445268,2048.69656
1511.2,200.445268,2044.815616
1512.2,200.445268,2055.920781
1513.2,200.445268,2047.521441
1514.2,200.445268,2059.354506
1515.2,200.445268,2051.290527
1516.2,200.445268,2055.841203
1517.2,200.445268,2048.691785
1518.2,200.445268,2070.775445
1519.2,200.445268,2061.949853
1520.2,200.445268,2073.567843
1521.2,200.445268,2072.202873
1522.2,200.445268,2073.733312
1523.2,200.445268,2089.672842
1524.2,200.445268,2086.260995
1525.2,200.445268,2079.737796
1526.2,200.445268,2075.21521
1527.2,200.445268,2077.660705
1528.2,200.445268,2071.424425
1529.2,200.445268,2086.541651
1530.2,200.445268,2079.414504
1531.2,200.445268,2067.310048
1532.2,200.445268,2072.242652
1533.2,200.445268,2058.952796
1534.2,200.445268,2067.867611
1535.2,200.445268,2075.158267
1536.2,200.445268,2063.548204
1537.2,200.445268,2067.168765
1538.2,200.445268,2078.145396
1539.2,200.445268,2071.894256
1540.2,200.445268,2075.839934
1541.2,200.445268,2076.459725
1542.2,200.445268,2080.192007
1543.2,200.445268,2079.222294
1544.2,200.445268,2077.811366
1545.2,200.445268,2089.800054
1546.2,200.445268,2083.882557
1547.2,200.445268,2087.73948
1548.2,200.445268,2085.911451
1549.2,200.445268,2083.112306
1550.2,200.445268,2088.698473
1551.2,200.445268,2072.536578
1552.2,200.445268,2069.853156
1553.2,200.445268,2072.802322
1554.2,200.445268,2060.662169
1555.2,200.445268,2073.428274
1556.2,200.445268,2087.555535
1557.2,200.445268,2076.258885
1558.2,200.445268,2072.052581
1559.2,200.445268,2061.049952
1560.2,200.445268,2068.400306
1561.2,200.445268,2064.479143
1562.2,200.445268,2066.829758
1563.2,200.445268,2059.741206
1564.2,200.445268,2063.656797
1565.2,200.445268,2065.765584
1566.2,200.445268,2069.219665
1567.2,200.445268,2071.277675
1568.2,200.445268,2072.088973
1569.2,200.445268,2074.304561
1570.2,200.445268,2068.639396
1571.2,200.445268,2074.592896
1572.2,200.445268,2068.117534
1573.2,200.445268,2077.810695
1574.2,200.445268,2085.062561
1575.2,200.445268,2078.283056
1576.2,200.445268,2074.005508
1577.2,200.445268,2072.361588
1578.2,200.445268,2082.940247
1579.2,200.445268,2071.556458
1580.2,200.445268,2080.878268
1581.2,200.445268,2071.816282
1582.2,200.445268,2067.036544
1583.2,200.445268,2060.713897
1584.2,200.445268,2085.195081
1585.2,200.445268,2070.834835
1586.2,200.445268,2063.706714
1587.2,200.445268,2068.747162
1588.2,200.445268,2072.726054
1589.2,200.445268,2068.157286
1590.2,200.445268,2078.838309
1591.2,200.445268,2070.956887
1592.2,200.445268,2082.336859
1593.2,200.445268,2079.991074
1594.2,200.445268,2077.558735
1595.2,200.445268,2073.082595
1596.2,200.445268,2061.241818
1597.2,200.445268,2061.022655
1598.2,200.445268,2062.083434
1599.2,200.445268,2067.243562
1600.2,200.445268,2069.48839
1601.2,200.445268,2061.732054
1602.2,200.445268,2070.472451
1603.2,200.445268,2074.194567
1604.2,200.445268,2076.120635
1605.2,200.445268,2074.578771
1606.2,200.445268,2076.780977
1607.2,200.445268,2074.610216
1608.2,200.445268,2073.395257
1609.2,200.445268,2078.413507
1610.2,200.445268,2077.100335
1611.2,200.445268,2065.403843
1612.2,200.445268,2078.516456
1613.2,200.445268,2084.864911
1614.2,200.445268,2079.437619
1615.2,200.445268,2076.33305
1616.2,200.445268,2078.603652
1617.2,200.445268,2075.215349
1618.2,200.445268,2065.289192
1619.2,200.445268,2074.433421
1620.2,200.445268,2070.290522
1621.2,200.445268,2061.078626
1622.2,200.445268,2066.111247
1623.2,200.445268,2068.093343
1624.2,200.445268,2072.353103
1625.2,200.445268,2053.181739
1626.2,200.445268,2057.064686
1627.2,200.445268,2067.090315
1628.2,200.445268,2066.601594
1629.2,200.445268,2068.603662
1630.2,200.445268,2064.466883
1631.2,200.445268,2063.329673
1632.2,200.445268,2071.776983
1633.2,200.445268,2058.255991
1634.2,200.445268,2071.948931
1635.2,200.445268,2061.088854
1636.2,200.445268,2071.269674
1637.2,200.445268,2059.197839
1638.2,200.445268,2067.865145
1639.2,200.445268,2056.354449
1640.2,200.445268,2064.005902
1641.2,200.445268,2058.90417
1642.2,200.445268,2068.41624
1643.2,200.445268,2078.643721
1644.2,200.445268,2065.361684
1645.2,200.445268,2069.710567
1646.2,200.445268,2064.667036
1647.2,200.445268,2061.428517
1648.2,200.445268,2058.075647
1649.2,200.445268,2062.367998
1650.2,200.445268,2056.445777
1651.2,200.445268,2063.087758
1652.2,200.445268,2060.867071
1653.2,200.445268,2076.558714
1654.2,200.445268,2081.295221
1655.2,200.445268,2067.282916
1656.2,200.445268,2070.833594
1657.2,200.445268,2072.107459
1658.2,200.445268,2062.505392
1659.2,200.445268,2067.371228
1660.2,200.445268,2064.242877
1661.2,200.445268,2063.978328
1662.2,200.445268,2070.105058
1663.2,200.445268,2059.913056
1664.2,200.445268,2066.188129
1665.2,200.445268,2070.172172
1666.2,200.445268,2071.380362
1667.2,200.445268,2068.597829
1668.2,200.445268,2055.736399
1669.2,200.445268,2051.940791
1670.2,200.445268,2059.448725
1671.2,200.445268,2063.753026
1672.2,200.445268,2060.709979
1673.2,200.445268,2049.59196
1674.2,200.445268,2058.202697
1675.2,200.445268,2056.379655
1676.2,200.445268,2065.288442
1677.2,200.445268,2063.111674
1678.2,200.445268,2064.986462
1679.2,200.445268,2063.881453
1680.2,200.445268,2065.038278
1681.2,200.445268,2059.224064
1682.2,200.445268,2064.76532
1683.2,200.445268,2064.311967
1684.2,200.445268,2055.649748
1685.2,200.445268,2058.527574
1686.2,200.445268,2070.799021
1687.2,200.445268,2060.973969
1688.2,200.445268,2049.820276
1689.2,200.445268,2050.039992
1690.2,200.445268,2052.216944
1691.2,200.445268,2057.995017
1692.2,200.445268,2052.746785
1693.2,200.445268,2054.265474
1694.2,200.445268,2061.483639
1695.2,200.445268,2067.974956
1696.2,200.445268,2070.059573
1697.2,200.445268,2073.406009
1698.2,200.445268,2074.215538
1699.2,200.445268,2068.680221
1700.2,200.445268,2074.127122
1701.2,200.445268,2079.6876
1702.2,200.445268,2081.272237
1703.2,200.445268,2076.075667
1704.2,200.445268,2074.524435
1705.2,200.445268,2081.253178
1706.2,200.445268,2078.375574
1707.2,200.445268,2074.313718
1708.2,200.445268,2083.704081
1709.2,200.445268,2085.228321
1710.2,200.445268,2088.944699
1711.2,200.445268,2081.246645
1712.2,200.445268,2081.56431
1713.2,200.445268,2081.988233
1714.2,200.445268,2089.444456
1715.2,200.445268,2094.754873
1716.2,200.445268,2101.44724
1717.2,200.445268,2098.381502
1718.2,200.445268,2104.162768
1719.2,200.445268,2109.264131
1720.2,200.445268,2111.064712
1721.2,200.445268,2114.7818
1722.2,200.445268,2109.560666
1723.2,200.445268,2110.675648
1724.2,200.445268,2115.524773
1725.2,200.445268,2115.368
1726.2,200.445268,2116.827904
1727.2,200.445268,2121.350363
1728.2,200.445268,2127.204127
1729.2,200.463511,2125.614005
1729.4,201.157062,2113.9677
1729.6,202.214974,2100.541928
1729.8,203.18779,2108.948337
1730,204.166775,2103.336742
1730.2,205.208012,2116.170341
1730.4,206.183108,2123.319801
1730.6,207.159174,2130.131293
1730.8,208.203073,2117.085666
1731,209.242198,2126.158218
1731.2,210.155591,2120.844181
1731.4,211.194035,2146.574445
1731.6,212.23624,2165.47019
1731.8,213.148375,2150.026841
1732,214.190494,2164.081687
1732.2,215.230502,2162.717518
1732.4,216.142065,2165.628011
1732.6,217.184612,2157.549186
1732.8,218.222512,2168.489488
1733,219.198395,2161.277872
1733.2,220.176167,2176.26303
1733.4,221.217956,2164.262661
1733.6,222.195238,2181.1904
1733.8,223.175427,2184.013417
1734,224.214815,2189.315303
1734.2,225.194634,2187.145045
1734.4,226.168305,2199.70431
1734.6,227.207947,2199.337552
1734.8,228.183978,2196.413774
1735,229.164466,2221.573753
1735.2,230.204232,2205.110007
1735.4,231.245188,2203.028386
1735.6,232.15239,2205.406233
1735.8,233.198659,2214.465421
1736,234.238867,2239.234162
1736.2,235.149663,2230.577779
1736.4,236.188769,2237.830533
1736.6,237.231793,2239.350828
1736.8,238.14537,2242.931228
1737,239.18387,2269.43603
1737.2,240.223678,2262.001192
1737.4,241.135624,2244.713426
1737.6,242.176795,2234.823434
1737.8,243.216228,2254.698201
1738,244.191506,2251.446135
1738.2,245.170687,2271.44706
1738.4,246.216351,2256.023548
1738.6,247.134424,2286.095552
1738.8,248.175837,2284.092048
1739,249.229302,2286.674347
1739.2,250.3528,2297.756819
1740.2,250.410268,2305.857814
1741.2,250.410268,2309.233306
1742.2,250.410268,2315.324364
1743.2,250.410268,2326.3161
1744.2,250.410268,2326.811621
1745.2,250.410268,2336.356548
1746.2,250.410268,2338.780422
1747.2,250.410268,2343.807243
1748.2,250.410268,2339.089781
1749.2,250.410268,2344.483335
1750.2,250.410268,2342.067594
1751.2,250.410268,2350.36215
1752.2,250.410268,2358.00403
1753.2,250.410268,2357.157863
1754.2,250.410268,2363.10953
1755.2,250.410268,2372.860594
1756.2,250.410268,2375.197216
1757.2,250.410268,2384.922155
1758.2,250.410268,2385.093019
1759.2,250.410268,2379.538914
1760.2,250.410268,2384.10587
1761.2,250.410268,2376.451723
1762.2,250.410268,2371.405659
1763.2,250.410268,2389.946695
1764.2,250.410268,2379.016697
1765.2,250.410268,2383.031039
1766.2,250.410268,2380.170096
1767.2,250.410268,2381.844437
1768.2,250.410268,2387.267387
1769.2,250.410268,2376.426146
1770.2,250.410268,2389.872107
1771.2,250.410268,2371.257328
1772.2,250.410268,2385.440797
1773.2,250.410268,2391.071675
1774.2,250.410268,2397.433256
1775.2,250.410268,2391.118502
1776.2,250.410268,2391.51693
1777.2,250.410268,2386.203774
1778.2,250.410268,2390.782714
1779.2,250.410268,2389.276404
1780.2,250.410268,2386.64357
1781.2,250.410268,2387.617041
1782.2,250.410268,2380.814899
1783.2,250.410268,2385.069871
1784.2,250.410268,2385.851523
1785.2,250.410268,2390.337409
1786.2,250.410268,2390.18508
1787.2,250.410268,2379.029685
1788.2,250.410268,2381.354129
1789.2,250.410268,2371.455902
1790.2,250.410268,2377.392671
1791.2,250.410268,2374.442079
1792.2,250.410268,2371.328567
1793.2,250.410268,2372.828856
1794.2,250.410268,2374.122024
1795.2,250.410268,2370.807725
1796.2,250.410268,2380.663902
1797.2,250.410268,2371.814202
1798.2,250.410268,2372.529043
1799.2,250.410268,2366.329279
1800.2,250.410268,2360.211607
1801.2,250.410268,2353.549317
1802.2,250.410268,2348.310654
1803.2,250.410268,2350.572988
1804.2,250.410268,2363.91614
1805.2,250.410268,2351.195012
1806.2,250.410268,2355.360665
1807.2,250.410268,2360.765385
1808.2,250.410268,2365.240455
1809.2,250.410268,2363.321562
1810.2,250.410268,2357.22717
1811.2,250.410268,2342.005831
1812.2,250.410268,2339.823782
1813.2,250.410268,2343.089891
1814.2,250.410268,2348.971156
1815.2,250.410268,2352.888329
1816.2,250.410268,2356.913164
1817.2,250.410268,2343.275226
1818.2,250.410268,2341.994145
1819.2,250.410268,2335.1936
1820.2,250.410268,2305.211076
1821.2,250.410268,2306.883118
1822.2,250.410268,2319.754546
1823.2,250.410268,2313.363882
1824.2,250.410268,2307.425057
1825.2,250.410268,2320.029756
1826.2,250.410268,2317.042126
1827.2,250.410268,2315.04851
1828.2,250.410268,2317.210035
1829.2,250.410268,2318.540393
1830.2,250.410268,2313.567985
1831.2,250.410268,2310.650468
1832.2,250.410268,2308.980358
1833.2,250.410268,2319.359991
1834.2,250.410268,2299.502473
1835.2,250.410268,2292.349854
1836.2,250.410268,2297.412664
1837.2,250.410268,2295.542637
1838.2,250.410268,2307.334227
1839.2,250.410268,2307.119652
1840.2,250.410268,2313.773716
1841.2,250.410268,2320.965594
1842.2,250.410268,2310.555295
1843.2,250.410268,2315.81893
1844.2,250.410268,2289.241398
1845.2,250.410268,2292.441778
1846.2,250.410268,2299.874506
1847.2,250.410268,2297.215314
1848.2,250.410268,2300.874169
1849.2,250.410268,2304.344363
1850.2,250.410268,2300.868394
1851.2,250.410268,2299.82869
1852.2,250.410268,2306.274251
1853.2,250.410268,2308.300696
1854.2,250.410268,2305.618465
1855.2,250.410268,2294.666936
1856.2,250.410268,2296.705245
1857.2,250.410268,2293.755588
1858.2,250.410268,2291.861856
1859.2,250.410268,2291.274825
1860.2,250.410268,2288.267509
1861.2,250.410268,2285.999069
1862.2,250.410268,2291.238604
1863.2,250.410268,2287.838136
1864.2,250.410268,2281.092252
1865.2,250.410268,2278.663526
1866.2,250.410268,2274.561915
1867.2,250.410268,2280.676787
1868.2,250.410268,2281.574413
1869.2,250.410268,2286.705615
1870.2,250.410268,2269.149289
1871.2,250.410268,2282.967724
1872.2,250.410268,2288.208188
1873.2,250.410268,2290.93456
1874.2,250.410268,2288.643115
1875.2,250.410268,2268.812529
1876.2,250.410268,2272.298228
1877.2,250.410268,2268.661527
1878.2,250.410268,2268.918751
1879.2,250.410268,2275.732743
1880.2,250.410268,2272.179031
1881.2,250.410268,2271.707055
1882.2,250.410268,2268.967144
1883.2,250.410268,2266.434467
1884.2,250.410268,2277.772439
1885.2,250.410268,2276.749268
1886.2,250.410268,2272.806798
1887.2,250.410268,2271.385169
1888.2,250.410268,2263.768857
1889.2,250.410268,2270.120914
1890.2,250.410268,2266.555564
1891.2,250.410268,2272.296052
1892.2,250.410268,2280.478613
1893.2,250.410268,2280.056999
1894.2,250.410268,2292.287854
1895.2,250.410268,2274.484815
1896.2,250.410268,2266.830711
1897.2,250.410268,2263.054511
1898.2,250.410268,2265.529298
1899.2,250.410268,2270.477261
1900.2,250.410268,2270.459029
1901.2,250.410268,2265.279275
1902.2,250.410268,2261.459431
1903.2,250.410268,2250.97042
1904.2,250.410268,2257.162959
1905.2,250.410268,2261.585063
1906.2,250.410268,2262.346539
1907.2,250.410268,2269.262658
1908.2,250.410268,2268.350966
1909.2,250.410268,2269.374791
1910.2,250.410268,2273.213427
1911.2,250.410268,2270.260327
1912.2,250.410268,2268.414349
1913.2,250.410268,2278.689012
1914.2,250.410268,2287.110505
1915.2,250.410268,2275.590376
1916.2,250.410268,2278.276734
1917.2,250.410268,2280.59602
1918.2,250.410268,2286.041421
1919.2,250.410268,2293.654902
1920.2,250.410268,2277.031977
1921.2,250.410268,2277.477679
1922.2,250.410268,2285.344665
1923.2,250.410268,2276.74814
1924.2,250.410268,2278.131872
1925.2,250.410268,2278.548925
1926.2,250.410268,2278.381714
1927.2,250.410268,2276.558161
1928.2,250.410268,2279.05642
1929.2,250.410268,2286.002997
1930.2,250.410268,2295.815196
1931.2,250.410268,2280.72162
1932.2,250.410268,2301.222042
1933.2,250.410268,2299.714382
1934.2,250.410268,2285.430192
1935.2,250.410268,2300.680978
1936.2,250.410268,2287.944962
1937.2,250.410268,2295.854597
1938.2,250.410268,2282.703357
1939.2,250.410268,2288.637408
1940.2,250.410268,2289.192244
1941.2,250.410268,2273.105586
1942.2,250.410268,2282.73397
1943.2,250.410268,2285.190629
1944.2,250.410268,2298.673615
1945.2,250.410268,2293.049199
1946.2,250.410268,2293.807741
1947.2,250.410268,2292.96403
1948.2,250.410268,2300.596436
1949.2,250.410268,2301.040811
1950.2,250.410268,2316.001112
1951.2,250.410268,2302.014055
1952.2,250.410268,2303.678191
1953.2,250.410268,2302.93894
1954.2,250.410268,2299.358132
1955.2,250.410268,2299.341885
1956.2,250.410268,2310.378867
1957.2,250.410268,2299.152265
1958.2,250.410268,2292.926545
1959.2,250.410268,2290.928313
1960.2,250.410268,2300.174221
1961.2,250.410268,2306.425968
1962.2,250.410268,2298.194551
1963.2,250.410268,2298.268899
1964.2,250.410268,2308.936924
1965.2,250.410268,2293.45245
1966.2,250.410268,2303.851621
1967.2,250.410268,2304.791985
1968.2,250.410268,2294.766024
1969.2,250.410268,2295.997448
1970.2,250.410268,2299.122538
1971.2,250.410268,2296.8118
1972.2,250.410268,2300.988487
1973.2,250.410268,2307.590365
1974.2,250.410268,2311.850987
1975.2,250.410268,2312.79241
1976.2,250.410268,2311.098667
1977.2,250.410268,2304.961579
1978.2,250.410268,2312.709749
1979.2,250.410268,2312.630701
1980.2,250.410268,2311.646333
1981.2,250.410268,2301.955103
1982.2,250.410268,2302.612916
1983.2,250.410268,2297.862782
1984.2,250.410268,2312.880639
1985.2,250.410268,2304.60075
1986.2,250.410268,2297.012099
1987.2,250.410268,2299.401362
1988.2,250.410268,2312.85687
1989.2,250.410268,2298.472026
1990.2,250.410268,2310.018373
1991.2,250.410268,2313.695717
1992.2,250.410268,2312.136987
1993.2,250.410268,2311.899179
1994.2,250.410268,2313.109107
1995.2,250.410268,2318.860015
1996.2,250.410268,2313.966335
1997.2,250.410268,2323.008841
1998.2,250.410268,2303.76733
1999.2,250.410268,2314.776145
2000.2,250.410268,2303.786149
2001.2,250.410268,2304.372972
2002.2,250.410268,2316.342687
2003.2,250.410268,2299.031117
2004.2,250.410268,2311.032608
2005.2,250.410268,2300.727042
2006.2,250.410268,2308.288413
2007.2,250.410268,2314.580829
2008.2,250.410268,2313.917286
2009.2,250.410268,2313.534093
2010.2,250.410268,2318.205133
2011.2,250.410268,2310.503734
2012.2,250.410268,2326.444872
2013.2,250.410268,2322.475172
2014.2,250.410268,2324.417347
2015.2,250.410268,2316.056734
2016.2,250.410268,2318.559649
2017.2,250.410268,2311.733365
2018.2,250.410268,2310.455215
2019.2,250.410268,2316.225043
2020.2,250.410268,2313.146091
2021.2,250.410268,2308.068513
2022.2,250.410268,2318.546376
2023.2,250.410268,2318.957743
2024.2,250.410268,2315.815982
2025.2,250.410268,2313.141147
2026.2,250.410268,2305.561011
2027.2,250.410268,2316.791709
2028.2,250.410268,2317.216439
2029.2,250.410268,2329.419949
2030.2,250.410268,2317.882291
2031.2,250.410268,2316.015909
2032.2,250.410268,2310.147664
2033.2,250.410268,2317.655788
2034.2,250.410268,2308.862018
2035.2,250.410268,2319.501796
2036.2,250.410268,2310.547199
2037.2,250.410268,2311.082612
2038.2,250.410268,2324.710704
2039.2,250.410268,2307.114855
2040.2,250.410268,2307.461259
2041.2,250.410268,2306.480485
2042.2,250.410268,2312.525446
2043.2,250.410268,2307.19542
2044.2,250.410268,2307.124096
2045.2,250.410268,2317.057547
2046.2,250.410268,2304.88214
2047.2,250.410268,2314.735223
2048.2,250.410268,2316.017522
2049.2,250.410268,2317.221402
2050.2,250.410268,2307.454906
2051.2,250.410268,2316.540591
2052.2,250.410268,2312.823506
2053.2,250.410268,2291.534486
2054.2,250.410268,2305.169594
2055.2,250.410268,2319.860373
2056.2,250.410268,2318.802891
2057.2,250.410268,2317.672784
2058.2,250.410268,2308.088326
2059.2,250.410268,2298.772207
2060.2,250.410268,2304.201804
2061.2,250.410268,2305.02304
2062.2,250.410268,2309.508904
2063.2,250.410268,2321.474872
2064.2,250.410268,2318.819562
2065.2,250.410268,2316.301538
2066.2,250.410268,2318.050618
2067.2,250.410268,2327.738201
2068.2,250.410268,2328.119856
2069.2,250.410268,2322.694364
2070.2,250.410268,2317.560189
2071.2,250.410268,2321.492762
2072.2,250.410268,2307.899959
2073.2,250.410268,2315.255194
2074.2,250.410268,2316.430826
2075.2,250.410268,2316.661755
2076.2,250.410268,2307.044801
2077.2,250.410268,2315.82551
2078.2,250.410268,2310.368059
2079.2,250.410268,2304.525394
2080.2,250.410268,2313.564431
2081.2,250.410268,2309.940168
2082.2,250.410268,2316.617563
2083.2,250.410268,2318.560391
2084.2,250.410268,2310.402637
2085.2,250.410268,2301.3683
2086.2,250.410268,2312.123263
2087.2,250.410268,2306.09712
2088.2,250.410268,2314.264052
2089.2,250.410268,2316.82813
2090.2,250.410268,2302.265948
2091.2,250.410268,2305.497364
2092.2,250.410268,2315.405105
2093.2,250.410268,2323.856876
2094.2,250.410268,2312.838053
2095.2,250.410268,2316.353809
2096.2,250.410268,2317.621906
2097.2,250.410268,2308.731127
2098.2,250.410268,2307.234399
2099.2,250.410268,2310.120702
2100.2,250.410268,2321.524716
2101.2,250.410268,2306.361059
2102.2,250.410268,2301.678593
2103.2,250.410268,2306.74984
2104.2,250.410268,2303.378067
2105.2,250.410268,2310.594418
2106.2,250.410268,2306.591692
2107.2,250.410268,2300.357437
2108.2,250.410268,2302.657578
2109.2,250.410268,2315.267552
2110.2,250.410268,2303.151358
2111.2,250.410268,2308.78574
2112.2,250.410268,2298.892773
2113.2,250.410268,2299.311372
2114.2,250.410268,2307.23881
2115.2,250.410268,2307.147836
2116.2,250.410268,2312.133028
2117.2,250.410268,2310.843352
2118.2,250.410268,2306.809247
2119.2,250.410268,2305.892556
2119.4,250.816953,2304.128387
2119.6,251.75774,2289.227175
2119.8,252.7741,2281.528306
2120,253.77763,2266.282995
2120.2,254.779442,2297.744438
2120.4,255.780953,2314.050743
2120.6,256.783355,2286.590532
2120.8,257.791009,2296.828231
2121,258.725404,2302.514353
2121.2,259.791154,2319.049076
2121.4,260.736309,2321.333365
2121.6,261.743654,2337.967059
2121.8,262.748996,2317.107912
2122,263.748699,2317.994072
2122.2,264.753986,2335.162597
2122.4,265.759312,2334.156795
2122.6,266.761343,2358.849335
2122.8,267.698443,2339.497159
2123,268.712105,2343.16993
2123.2,269.723822,2338.960671
2123.4,270.727827,2346.113257
2123.6,271.737249,2344.524519
2123.8,272.678468,2339.090345
2124,273.752425,2359.862995
2124.2,274.689883,2375.123829
2124.4,275.688775,2382.383835
2124.6,276.696616,2371.132548
2124.8,277.699864,2371.496898
2125,278.705483,2394.566792
2125.2,279.643595,2386.623392
2125.4,280.718134,2369.318488
2125.6,281.659919,2379.326145
2125.8,282.67144,2401.835958
2126,283.681744,2394.546771
2126.2,284.697812,2397.530272
2126.4,285.700884,2415.267116
2126.6,286.643612,2404.613698
2126.8,287.715249,2402.638667
2127,288.655586,2408.681968
2127.2,289.664383,2402.478221
2127.4,290.681831,2396.658267
2127.6,291.625428,2403.888013
2127.8,292.700428,2434.305335
2128,293.637147,2419.886348
2128.2,294.636996,2431.256082
2128.4,295.643382,2432.788013
2128.6,296.648852,2420.81569
2128.8,297.6553,2439.667597
2129,298.595085,2444.726908
2129.2,299.67567,2459.691188
2129.4,300.477463,2479.851017
2130.4,300.490268,2487.672865
2131.4,300.490268,2503.79013
2132.4,300.490268,2525.14114
2133.4,300.490268,2532.446698
2134.4,300.490268,2550.125865
2135.4,300.490268,2564.122009
2136.4,300.490268,2565.846388
2137.4,300.490268,2587.891999
2138.4,300.490268,2592.32501
2139.4,300.490268,2594.52457
2140.4,300.490268,2592.398007
2141.4,300.490268,2596.040477
2142.4,300.490268,2609.577586
2143.4,300.490268,2615.163307
2144.4,300.490268,2634.788982
2145.4,300.490268,2623.110788
2146.4,300.490268,2625.200671
2147.4,300.490268,2628.26513
2148.4,300.490268,2624.166437
2149.4,300.490268,2630.9669
2150.4,300.490268,2625.416634
2151.4,300.490268,2640.575322
2152.4,300.490268,2652.007693
2153.4,300.490268,2640.088582
2154.4,300.490268,2648.862401
2155.4,300.490268,2641.879772
2156.4,300.490268,2652.317015
2157.4,300.490268,2642.683995
2158.4,300.490268,2645.051623
2159.4,300.490268,2645.114716
2160.4,300.490268,2644.00763
2161.4,300.490268,2641.946915
2162.4,300.490268,2626.284541
2163.4,300.490268,2643.114624
2164.4,300.490268,2648.500044
2165.4,300.490268,2633.871922
2166.4,300.490268,2630.410913
2167.4,300.490268,2646.935602
2168.4,300.490268,2641.657938
2169.4,300.490268,2636.212148
2170.4,300.490268,2628.207472
2171.4,300.490268,2630.548688
2172.4,300.490268,2634.315131
2173.4,300.490268,2634.391921
2174.4,300.490268,2635.448822
2175.4,300.490268,2627.091766
2176.4,300.490268,2634.200934
2177.4,300.490268,2633.015141
2178.4,300.490268,2633.036265
2179.4,300.490268,2637.250708
2180.4,300.490268,2625.863294
2181.4,300.490268,2620.668032
2182.4,300.490268,2613.249464
2183.4,300.490268,2620.167009
2184.4,300.490268,2621.242248
2185.4,300.490268,2603.79027
2186.4,300.490268,2583.967286
2187.4,300.490268,2599.098182
2188.4,300.490268,2593.219659
2189.4,300.490268,2591.773638
2190.4,300.490268,2593.047878
2191.4,300.490268,2596.991383
2192.4,300.490268,2577.150235
2193.4,300.490268,2593.240407
2194.4,300.490268,2597.762547
2195.4,300.490268,2600.808442
2196.4,300.490268,2602.54831
2197.4,300.490268,2598.301696
2198.4,300.490268,2593.150431
2199.4,300.490268,2595.351228
2200.4,300.490268,2590.75452
2201.4,300.490268,2591.662229
2202.4,300.490268,2580.216457
2203.4,300.490268,2575.358881
2204.4,300.490268,2574.165128
2205.4,300.490268,2569.262245
2206.4,300.490268,2557.250513
2207.4,300.490268,2562.95568
2208.4,300.490268,2559.591326
2209.4,300.490268,2568.521273
2210.4,300.490268,2570.013352
2211.4,300.490268,2563.753412
2212.4,300.490268,2555.666068
2213.4,300.490268,2557.984677
2214.4,300.490268,2573.386324
2215.4,300.490268,2554.168336
2216.4,300.490268,2557.684183
2217.4,300.490268,2552.456358
2218.4,300.490268,2561.475108
2219.4,300.490268,2543.795725
2220.4,300.490268,2549.379118
2221.4,300.490268,2548.759744
2222.4,300.490268,2540.468522
2223.4,300.490268,2539.68467
2224.4,300.490268,2525.770879
2225.4,300.490268,2522.936395
2226.4,300.490268,2523.550297
2227.4,300.490268,2527.848726
2228.4,300.490268,2519.895594
2229.4,300.490268,2533.83523
2230.4,300.490268,2531.822713
2231.4,300.490268,2520.930176
2232.4,300.490268,2520.608588
2233.4,300.490268,2512.134163
2234.4,300.490268,2513.991622
2235.4,300.490268,2514.527201
2236.4,300.490268,2518.430867
2237.4,300.490268,2513.539925
2238.4,300.490268,2500.837421
2239.4,300.490268,2509.621603
2240.4,300.490268,2504.048129
2241.4,300.490268,2501.904852
2242.4,300.490268,2505.539809
2243.4,300.490268,2501.170587
2244.4,300.490268,2510.106399
2245.4,300.490268,2517.283625
2246.4,300.490268,2506.446225
2247.4,300.490268,2513.606499
2248.4,300.490268,2523.836856
2249.4,300.490268,2509.022
2250.4,300.490268,2508.135883
2251.4,300.490268,2501.78078
2252.4,300.490268,2507.260849
2253.4,300.490268,2521.994212
2254.4,300.490268,2524.585258
2255.4,300.490268,2507.705303
2256.4,300.490268,2519.094265
2257.4,300.490268,2524.485052
2258.4,300.490268,2520.872772
2259.4,300.490268,2516.939185
2260.4,300.490268,2510.686873
2261.4,300.490268,2518.495558
2262.4,300.490268,2523.178906
2263.4,300.490268,2510.594123
2264.4,300.490268,2527.023278
2265.4,300.490268,2533.138516
2266.4,300.490268,2526.880784
2267.4,300.490268,2527.140064
2268.4,300.490268,2518.230295
2269.4,300.490268,2516.531016
2270.4,300.490268,2517.775984
2271.4,300.490268,2516.100689
2272.4,300.490268,2515.088651
2273.4,300.490268,2516.262569
2274.4,300.490268,2515.922279
2275.4,300.490268,2511.676998
2276.4,300.490268,2517.997112
2277.4,300.490268,2523.86465
2278.4,300.490268,2522.943503
2279.4,300.490268,2520.682801
2280.4,300.490268,2513.80456
2281.4,300.490268,2518.580237
2282.4,300.490268,2523.728972
2283.4,300.490268,2508.815105
2284.4,300.490268,2521.367723
2285.4,300.490268,2510.300515
2286.4,300.490268,2504.402847
2287.4,300.490268,2502.428419
2288.4,300.490268,2519.07733
2289.4,300.490268,2514.742515
2290.4,300.490268,2516.386952
2291.4,300.490268,2514.089803
2292.4,300.490268,2531.440926
2293.4,300.490268,2535.399479
2294.4,300.490268,2520.583108
2295.4,300.490268,2523.545338
2296.4,300.490268,2527.259787
2297.4,300.490268,2526.299164
2298.4,300.490268,2515.340653
2299.4,300.490268,2525.975258
2300.4,300.490268,2532.195571
2301.4,300.490268,2516.433869
2302.4,300.490268,2516.568026
2303.4,300.490268,2515.567583
2304.4,300.490268,2517.099498
2305.4,300.490268,2523.961447
2306.4,300.490268,2510.467129
2307.4,300.490268,2518.858542
2308.4,300.490268,2522.460576
2309.4,300.490268,2520.536281
2310.4,300.490268,2530.34413
2311.4,300.490268,2530.601365
2312.4,300.490268,2537.709922
2313.4,300.490268,2526.856208
2314.4,300.490268,2533.090891
2315.4,300.490268,2531.450985
2316.4,300.490268,2531.186032
2317.4,300.490268,2535.936514
2318.4,300.490268,2526.34965
2319.4,300.490268,2542.899799
2320.4,300.490268,2557.278513
2321.4,300.490268,2548.160142
2322.4,300.490268,2548.0096
2323.4,300.490268,2548.085581
2324.4,300.490268,2537.335514
2325.4,300.490268,2541.478054
2326.4,300.490268,2538.823938
2327.4,300.490268,2556.682656
2328.4,300.490268,2544.902231
2329.4,300.490268,2550.81241
2330.4,300.490268,2541.589822
2331.4,300.490268,2545.773151
2332.4,300.490268,2544.942471
2333.4,300.490268,2546.256582
2334.4,300.490268,2552.848181
2335.4,300.490268,2554.744712
2336.4,300.490268,2542.090846
2337.4,300.490268,2546.692698
2338.4,300.490268,2562.918022
2339.4,300.490268,2547.289395
2340.4,300.490268,2536.192379
2341.4,300.490268,2549.405524
2342.4,300.490268,2539.962108
2343.4,300.490268,2552.281555
2344.4,300.490268,2541.347742
2345.4,300.490268,2538.463532
2346.4,300.490268,2541.204563
2347.4,300.490268,2548.954391
2348.4,300.490268,2550.891772
2349.4,300.490268,2536.946326
2350.4,300.490268,2541.479414
2351.4,300.490268,2534.308971
2352.4,300.490268,2543.576551
2353.4,300.490268,2535.963284
2354.4,300.490268,2534.791311
2355.4,300.490268,2538.337242
2356.4,300.490268,2540.940174
2357.4,300.490268,2532.064781
2358.4,300.490268,2539.463618
2359.4,300.490268,2551.157698
2360.4,300.490268,2554.080609
2361.4,300.490268,2543.690261
2362.4,300.490268,2539.398328
2363.4,300.490268,2550.259664
2364.4,300.490268,2537.127214
2365.4,300.490268,2552.42115
2366.4,300.490268,2528.531089
2367.4,300.490268,2533.131945
2368.4,300.490268,2548.898696
2369.4,300.490268,2542.023852
2370.4,300.490268,2542.90754
2371.4,300.490268,2549.707996
2372.4,300.490268,2535.449711
2373.4,300.490268,2538.618041
2374.4,300.490268,2550.829052
2375.4,300.490268,2550.579435
2376.4,300.490268,2555.361954
2377.4,300.490268,2556.231552
2378.4,300.490268,2541.284733
2379.4,300.490268,2545.105982
2380.4,300.490268,2541.039809
2381.4,300.490268,2538.200884
2382.4,300.490268,2551.672811
2383.4,300.490268,2539.718575
2384.4,300.490268,2547.522414
2385.4,300.490268,2536.939838
2386.4,300.490268,2528.869353
2387.4,300.490268,2527.636607
2388.4,300.490268,2531.978712
2389.4,300.490268,2529.824359
2390.4,300.490268,2544.512865
2391.4,300.490268,2545.189322
2392.4,300.490268,2538.40074
2393.4,300.490268,2524.636432
2394.4,300.490268,2540.544556
2395.4,300.490268,2540.103092
2396.4,300.490268,2542.605785
2397.4,300.490268,2544.582846
2398.4,300.490268,2543.035296
2399.4,300.490268,2545.482953
2400.4,300.490268,2559.371371
2401.4,300.490268,2548.337343
2402.4,300.490268,2543.946039
2403.4,300.490268,2551.388913
2404.4,300.490268,2552.299329
2405.4,300.490268,2556.639155
2406.4,300.490268,2556.350623
2407.4,300.490268,2550.860583
2408.4,300.490268,2539.405915
2409.4,300.490268,2552.247016
2410.4,300.490268,2562.18872
2411.4,300.490268,2564.203081
2412.4,300.490268,2554.497873
2413.4,300.490268,2563.929069
2414.4,300.490268,2550.356752
2415.4,300.490268,2553.63077
2416.4,300.490268,2547.900264
2417.4,300.490268,2544.190628
2418.4,300.490268,2549.252238
2419.4,300.490268,2548.15644
2420.4,300.490268,2545.261046
2421.4,300.490268,2556.843078
2422.4,300.490268,2562.271466
2423.4,300.490268,2545.050364
2424.4,300.490268,2558.798303
2425.4,300.490268,2545.497375
2426.4,300.490268,2547.142708
2427.4,300.490268,2541.38717
2428.4,300.490268,2548.714461
2429.4,300.490268,2543.247749
2430.4,300.490268,2555.882448
2431.4,300.490268,2561.678545
2432.4,300.490268,2544.772553
2433.4,300.490268,2559.775695
2434.4,300.490268,2555.759451
2435.4,300.490268,2559.422629
2436.4,300.490268,2561.388796
2437.4,300.490268,2564.585853
2438.4,300.490268,2565.85649
2439.4,300.490268,2564.810478
2440.4,300.490268,2552.800763
2441.4,300.490268,2561.778582
2442.4,300.490268,2573.389142
2443.4,300.490268,2577.626875
2444.4,300.490268,2576.820966
2445.4,300.490268,2575.94346
2446.4,300.490268,2577.595913
2447.4,300.490268,2576.952641
2448.4,300.490268,2577.274881
2449.4,300.490268,2573.870594
2450.4,300.490268,2577.166561
2451.4,300.490268,2573.837471
2452.4,300.490268,2566.312216
2453.4,300.490268,2567.849073
2454.4,300.490268,2568.985778
2455.4,300.490268,2556.153714
2456.4,300.490268,2560.184768
2457.4,300.490268,2568.613516
2458.4,300.490268,2556.156946
2459.4,300.490268,2554.896763
2460.4,300.490268,2545.560353
2461.4,300.490268,2559.544369
2462.4,300.490268,2556.156074
2463.4,300.490268,2559.099011
2464.4,300.490268,2560.717406
2465.4,300.490268,2560.801375
2466.4,300.490268,2565.5632
2467.4,300.490268,2554.9981
2468.4,300.490268,2559.970174
2469.4,300.490268,2555.258449
2470.4,300.322894,2557.651898
2470.6,299.417891,2549.99487
2470.8,298.398921,2550.291654
2471,297.46154,2569.234371
2471.2,296.451353,2574.650344
2471.4,295.4271,2566.325258
2471.6,294.476398,2566.028594
2471.8,293.466662,2554.071286
2472,292.448482,2543.826746
2472.2,291.503138,2547.363224
2472.4,290.49111,2551.622054
2472.6,289.473507,2550.100606
2472.8,288.53089,2540.54777
2473,287.520053,2543.439114
2473.2,286.498295,2542.038395
2473.4,285.552536,2545.240781
2473.6,284.477676,2532.665239
2473.8,283.53054,2545.812831
2474,282.520635,2556.431381
2474.2,281.509331,2545.24348
2474.4,280.558151,2544.613422
2474.6,279.536531,2558.261939
2474.8,278.590473,2543.081504
2475,277.569334,2525.180155
2475.2,276.554048,2531.864674
2475.4,275.53455,2534.491227
2475.6,274.59023,2535.681752
2475.8,273.580192,2536.052146
2476,272.572853,2539.605844
2476.2,271.62226,2507.713589
2476.4,270.605223,2533.166186
2476.6,269.586327,2527.714833
2476.8,268.640093,2535.681216
2477,267.628483,2522.917124
2477.2,266.608004,2525.044185
2477.4,265.654347,2523.004524
2477.6,264.648551,2508.499539
2477.8,263.636519,2505.226384
2478,262.628297,2515.954066
2478.2,261.613784,2522.478572
2478.4,260.664301,2527.302563
2478.6,259.646781,2522.775953
2478.8,258.632029,2528.878674
2479,257.68337,2536.828454
2479.2,256.601634,2533.454045
2479.4,255.658146,2529.023048
2479.6,254.649364,2531.790431
2479.8,253.628133,2538.458817
2480,252.67603,2530.283421
2480.2,251.65816,2541.73728
2480.4,250.643245,2524.772817
2480.6,249.587681,2548.918672
2481.6,249.560268,2557.637456
2482.6,249.560268,2571.086153
2483.6,249.560268,2561.328178
2484.6,249.560268,2564.951587
2485.6,249.560268,2570.215136
2486.6,249.560268,2584.50659
2487.6,249.560268,2589.26375
2488.6,249.560268,2587.688279
2489.6,249.560268,2602.819653
2490.6,249.560268,2613.828303
2491.6,249.560268,2616.688386
2492.6,249.560268,2619.769302
2493.6,249.560268,2622.393604
2494.6,249.560268,2637.544532
2495.6,249.560268,2631.71586
2496.6,249.560268,2642.952358
2497.6,249.560268,2640.48329
2498.6,249.560268,2645.40147
2499.6,249.560268,2648.669791
2500.6,249.560268,2635.221914
2501.6,249.560268,2638.805426
2502.6,249.560268,2640.705029
2503.6,249.560268,2648.929291
2504.6,249.560268,2657.389472
2505.6,249.560268,2665.341475
2506.6,249.560268,2662.646704
2507.6,249.560268,2666.031888
2508.6,249.560268,2673.028637
2509.6,249.560268,2662.493286
2510.6,249.560268,2667.624591
2511.6,249.560268,2670.240889
2512.6,249.560268,2676.01904
2513.6,249.560268,2685.350389
2514.6,249.560268,2669.219221
2515.6,249.560268,2659.319397
2516.6,249.560268,2678.492874
2517.6,249.560268,2672.584118
2518.6,249.560268,2681.432133
2519.6,249.560268,2680.553327
2520.6,249.560268,2657.265273
2521.6,249.560268,2668.427158
2522.6,249.560268,2658.406904
2523.6,249.560268,2660.619395
2524.6,249.560268,2666.53678
2525.6,249.560268,2659.824483
2526.6,249.560268,2673.856964
2527.6,249.560268,2669.719474
2528.6,249.560268,2660.412762
2529.6,249.560268,2660.560685
2530.6,249.560268,2665.931596
2531.6,249.560268,2669.425909
2532.6,249.560268,2666.123633
2533.6,249.560268,2663.50226
2534.6,249.560268,2658.505391
2535.6,249.560268,2664.407786
2536.6,249.560268,2651.661537
2537.6,249.560268,2647.288225
2538.6,249.560268,2643.291438
2539.6,249.560268,2654.723822
2540.6,249.560268,2633.519098
2541.6,249.560268,2651.866559
2542.6,249.560268,2647.731792
2543.6,249.560268,2650.614555
2544.6,249.560268,2648.273952
2545.6,249.560268,2656.637636
2546.6,249.560268,2652.981359
2547.6,249.560268,2653.01307
2548.6,249.560268,2649.805763
2549.6,249.560268,2638.538416
2550.6,249.560268,2641.567362
2551.6,249.560268,2634.258221
2552.6,249.560268,2633.088869
2553.6,249.560268,2638.729875
2554.6,249.560268,2654.387917
2555.6,249.560268,2641.289719
2556.6,249.560268,2630.076047
2557.6,249.560268,2620.933043
2558.6,249.560268,2603.723602
2559.6,249.560268,2590.58704
2560.6,249.560268,2588.543175
2561.6,249.560268,2605.124448
2562.6,249.560268,2620.303163
2563.6,249.560268,2613.824152
2564.6,249.560268,2610.029406
2565.6,249.560268,2607.514121
2566.6,249.560268,2609.022763
2567.6,249.560268,2602.774381
2568.6,249.560268,2609.266041
2569.6,249.560268,2597.629706
2570.6,249.560268,2599.25841
2571.6,249.560268,2592.983916
2572.6,249.560268,2596.220292
2573.6,249.560268,2595.952863
2574.6,249.560268,2599.984436
2575.6,249.560268,2596.049926
2576.6,249.560268,2595.724469
2577.6,249.560268,2595.123596
2578.6,249.560268,2590.551156
2579.6,249.560268,2583.706563
2580.6,249.560268,2594.361529
2581.6,249.560268,2596.720736
2582.6,249.560268,2598.621082
2583.6,249.560268,2592.027682
2584.6,249.560268,2595.51861
2585.6,249.560268,2591.22848
2586.6,249.560268,2591.425671
2587.6,249.560268,2607.154424
2588.6,249.560268,2613.699915
2589.6,249.560268,2596.467886
2590.6,249.560268,2587.910176
2591.6,249.560268,2593.836968
2592.6,249.560268,2578.88152
2593.6,249.560268,2574.129203
2594.6,249.560268,2577.506652
2595.6,249.560268,2566.362281
2596.6,249.560268,2576.716031
2597.6,249.560268,2568.14941
2598.6,249.560268,2567.990212
2599.6,249.560268,2576.956989
2600.6,249.560268,2571.750429
2601.6,249.560268,2569.852119
2602.6,249.560268,2565.002162
2603.6,249.560268,2571.294194
2604.6,249.560268,2567.88391
2605.6,249.560268,2572.649741
2606.6,249.560268,2571.15041
2607.6,249.560268,2557.922532
2608.6,249.560268,2570.892703
2609.6,249.560268,2566.481685
2610.6,249.560268,2567.657594
2611.6,249.560268,2561.774848
2612.6,249.560268,2565.325683
2613.6,249.560268,2565.100162
2614.6,249.560268,2566.665178
2615.6,249.560268,2563.664928
2616.6,249.560268,2568.877266
2617.6,249.560268,2566.411302
2618.6,249.560268,2560.565826
2619.6,249.560268,2561.901524
2620.6,249.560268,2556.154982
2621.6,249.560268,2563.853571
2622.6,249.560268,2558.899776
2623.6,249.560268,2560.83946
2624.6,249.560268,2556.101622
2625.6,249.560268,2571.671216
2626.6,249.560268,2568.504799
2627.6,249.560268,2565.971091
2628.6,249.560268,2568.657804
2629.6,249.560268,2561.155518
2630.6,249.560268,2568.824873
2631.6,249.560268,2558.297549
2632.6,249.560268,2562.87313
2633.6,249.560268,2575.284077
2634.6,249.560268,2585.951295
2635.6,249.560268,2586.270674
2636.6,249.560268,2585.462944
2637.6,249.560268,2581.457984
2638.6,249.560268,2571.198566
2639.6,249.560268,2576.469754
2640.6,249.560268,2575.360931
2641.6,249.560268,2573.66592
2642.6,249.560268,2572.433537
2643.6,249.560268,2585.213303
2644.6,249.560268,2586.473308
2645.6,249.560268,2565.931292
2646.6,249.560268,2563.715479
2647.6,249.560268,2570.776302
2648.6,249.560268,2574.460319
2649.6,249.560268,2578.665218
2650.6,249.560268,2574.479205
2651.6,249.560268,2578.119468
2652.6,249.560268,2569.193592
2653.6,249.560268,2577.509802
2654.6,249.560268,2573.316467
2655.6,249.560268,2583.674173
2656.6,249.560268,2579.192576
2657.6,249.560268,2584.580915
2658.6,249.560268,2581.345955
2659.6,249.560268,2581.16451
2660.6,249.560268,2580.436031
2661.6,249.560268,2585.26774
2662.6,249.560268,2577.489517
2663.6,249.560268,2575.743814
2664.6,249.560268,2578.353695
2665.6,249.560268,2577.879731
2666.6,249.560268,2573.261491
2667.6,249.560268,2584.256145
2668.6,249.560268,2585.032103
2669.6,249.560268,2582.246334
2670.6,249.560268,2578.761338
2671.6,249.560268,2580.468881
2672.6,249.560268,2591.598424
2673.6,249.560268,2581.846112
2674.6,249.560268,2564.446349
2675.6,249.560268,2572.426588
2676.6,249.560268,2572.580152
2677.6,249.560268,2578.053319
2678.6,249.560268,2567.932403
2679.6,249.560268,2581.834309
2680.6,249.560268,2572.885489
2681.6,249.560268,2574.057917
2682.6,249.560268,2586.377334
2683.6,249.560268,2572.884948
2684.6,249.560268,2588.917913
2685.6,249.560268,2589.791424
2686.6,249.560268,2586.259368
2687.6,249.560268,2582.898195
2688.6,249.560268,2589.323364
2689.6,249.560268,2582.372612
2690.6,249.560268,2585.733672
2691.6,249.560268,2589.517922
2692.6,249.560268,2586.065272
2693.6,249.560268,2590.694656
2694.6,249.560268,2589.087914
2695.6,249.560268,2588.810915
2696.6,249.560268,2602.521725
2697.6,249.560268,2593.513883
2698.6,249.560268,2583.298489
2699.6,249.560268,2597.264545
2700.6,249.560268,2588.609618
2701.6,249.560268,2592.401921
2702.6,249.560268,2588.251915
2703.6,249.560268,2585.926049
2704.6,249.560268,2594.931239
2705.6,249.560268,2588.713472
2706.6,249.560268,2596.038028
2707.6,249.560268,2591.736968
2708.6,249.560268,2572.822375
2709.6,249.560268,2583.702012
2710.6,249.560268,2580.079071
2711.6,249.560268,2581.209892
2712.6,249.560268,2574.929721
2713.6,249.560268,2582.14656
2714.6,249.560268,2582.76831
2715.6,249.560268,2595.604009
2716.6,249.560268,2602.688758
2717.6,249.560268,2591.505226
2718.6,249.560268,2581.066281
2719.6,249.560268,2578.667568
2720.6,249.560268,2585.894775
2721.6,249.560268,2600.243418
2722.6,249.560268,2590.677289
2723.6,249.560268,2582.363736
2724.6,249.560268,2568.147864
2725.6,249.560268,2578.276849
2726.6,249.560268,2575.028433
2727.6,249.560268,2578.711341
2728.6,249.560268,2578.671137
2729.6,249.560268,2594.713247
2730.6,249.560268,2582.996369
2731.6,249.560268,2587.345142
2732.6,249.560268,2591.017347
2733.6,249.560268,2581.562644
2734.6,249.560268,2589.453909
2735.6,249.560268,2580.350449
2736.6,249.560268,2582.950591
2737.6,249.560268,2583.039496
2738.6,249.560268,2572.810873
2739.6,249.560268,2588.61255
2740.6,249.560268,2581.153981
2741.6,249.560268,2568.604004
2742.6,249.560268,2572.596094
2743.6,249.560268,2570.901091
2744.6,249.560268,2582.13842
2745.6,249.560268,2587.959479
2746.6,249.560268,2580.305494
2747.6,249.560268,2573.454312
2748.6,249.560268,2580.078639
2749.6,249.560268,2577.715676
2750.6,249.560268,2580.18473
2751.6,249.560268,2572.863149
2752.6,249.560268,2569.771589
2753.6,249.560268,2582.107323
2754.6,249.560268,2571.14566
2755.6,249.560268,2582.757408
2756.6,249.560268,2571.314893
2757.6,249.560268,2588.087709
2758.6,249.560268,2595.770243
2759.6,249.560268,2586.293314
2760.6,249.560268,2588.247574
2761.6,249.560268,2580.330686
2762.6,249.560268,2583.913928
2763.6,249.560268,2594.860509
2764.6,249.560268,2576.268815
2765.6,249.560268,2578.760151
2766.6,249.560268,2567.458738
2767.6,249.560268,2573.295802
2768.6,249.560268,2583.01369
2769.6,249.560268,2579.98888
2770.6,249.560268,2588.377077
2771.6,249.560268,2591.672814
2772.6,249.560268,2577.411021
2773.6,249.560268,2587.170746
2774.6,249.560268,2581.858788
2775.6,249.560268,2586.388289
2776.6,249.560268,2600.566952
2777.6,249.560268,2590.216248
2778.6,249.560268,2582.08927
2779.6,249.560268,2581.196677
2780.6,249.560268,2578.885673
2781.6,249.560268,2586.15535
2782.6,249.560268,2578.49563
2783.6,249.560268,2578.106406
2784.6,249.560268,2586.789538
2785.6,249.560268,2594.159678
2786.6,249.560268,2598.940469
2787.6,249.560268,2589.055651
2788.6,249.560268,2597.4852
2789.6,249.560268,2591.24954
2790.6,249.560268,2579.996229
2791.6,249.560268,2579.69746
2792.6,249.560268,2564.565787
2793.6,249.560268,2577.222132
2794.6,249.560268,2575.961263
2795.6,249.560268,2574.926566
2796.6,249.560268,2565.303736
2797.6,249.560268,2568.485857
2798.6,249.560268,2583.446513
2799.6,249.560268,2580.18261
2800.6,249.560268,2581.495009
2801.6,249.560268,2581.403562
2802.6,249.560268,2588.797617
2803.6,249.560268,2597.502704
2804.6,249.560268,2599.596017
2805.6,249.560268,2595.435677
2806.6,249.560268,2596.074556
2807.6,249.560268,2591.894673
2808.6,249.560268,2597.244597
2809.6,249.560268,2586.526123
2810.6,249.560268,2597.730065
2811.6,249.560268,2588.446266
2812.6,249.560268,2588.798571
2813.6,249.560268,2593.748162
2814.6,249.560268,2582.796816
2815.6,249.560268,2591.14438
2816.6,249.560268,2581.414182
2817.6,249.560268,2585.359207
2818.6,249.560268,2589.923981
2819.6,249.560268,2598.502033
2820.6,249.560268,2596.448854
2821.6,249.560268,2589.221382
2822.6,249.560268,2596.069888
2823.6,249.560268,2594.677892
2824.6,249.560268,2586.635405
2825.6,249.560268,2579.049013
2826.6,249.560268,2591.618687
2827.6,249.560268,2583.804085
2828.6,249.560268,2588.113605
2829.6,249.560268,2586.081256
2830.6,249.560268,2586.590976
2831.6,249.560268,2581.186897
2832.6,249.560268,2597.351611
2833.6,249.560268,2589.399227
2834.6,249.560268,2587.200069
2835.6,249.560268,2586.720467
2836.6,249.560268,2588.382651
2837.6,249.560268,2591.63408
2838.6,249.560268,2593.106331
2839.6,249.560268,2604.154365
2840.6,249.560268,2596.706098
2841.6,249.560268,2600.47557
2842.6,249.560268,2600.679428
2843.6,249.560268,2601.804071
2844.6,249.532924,2608.332131
2844.8,248.893943,2617.46956
2845,247.849819,2606.383572
2845.2,246.899241,2610.363178
2845.4,245.879102,2630.152198
2845.6,244.92866,2597.439481
2845.8,243.978789,2605.603627
2846,243.014888,2590.283709
2846.2,241.992423,2590.152705
2846.4,241.041029,2583.705088
2846.6,240.021267,2558.628358
2846.8,239.078556,2589.610369
2847,238.12837,2588.848166
2847.2,237.113812,2589.240628
2847.4,236.150139,2577.901085
2847.6,235.118191,2582.403155
2847.8,234.161767,2580.029034
2848,233.207603,2575.67985
2848.2,232.248806,2584.621576
2848.4,231.219604,2582.805146
2848.6,230.26365,2548.326205
2848.8,229.243331,2566.129433
2849,228.280733,2580.895412
2849.2,227.316365,2584.341216
2849.4,226.288449,2561.605349
2849.6,225.339392,2571.301269
2849.8,224.395483,2557.506304
2850,223.372695,2552.029097
2850.2,222.408734,2539.211839
2850.4,221.445047,2542.990824
2850.6,220.423204,2540.721133
2850.8,219.467491,2530.55116
2851,218.513354,2528.302349
2851.2,217.494244,2549.270474
2851.4,216.536088,2538.770718
2851.6,215.580809,2526.176092
2851.8,214.565721,2523.707887
2852,213.601239,2524.207677
2852.2,212.58426,2524.304231
2852.4,211.631586,2511.748008
2852.6,210.683501,2526.632059
2852.8,209.726508,2517.051197
2853,208.702966,2519.1151
2853.2,207.75072,2511.336691
2853.4,206.735117,2523.77486
2853.6,205.784187,2511.779168
2853.8,204.833257,2479.371171
2854,203.808384,2490.194726
2854.2,202.850192,2485.130373
2854.4,201.826198,2477.214972
2854.6,200.862409,2479.533473
2854.8,199.56708,2477.8344
2855.8,199.485268,2457.774465
2856.8,199.485268,2471.303653
2857.8,199.485268,2477.879694
2858.8,199.485268,2468.280936
2859.8,199.485268,2482.006109
2860.8,199.485268,2471.415464
2861.8,199.485268,2469.284234
2862.8,199.485268,2474.196724
2863.8,199.485268,2478.819038
2864.8,199.485268,2487.214925
2865.8,199.485268,2492.7838
2866.8,199.485268,2499.816257
2867.8,199.485268,2514.548332
2868.8,199.485268,2512.172727
2869.8,199.485268,2509.236213
2870.8,199.485268,2522.195385
2871.8,199.485268,2533.073546
2872.8,199.485268,2530.150271
2873.8,199.485268,2548.108824
2874.8,199.485268,2537.964993
2875.8,199.485268,2531.732432
2876.8,199.485268,2535.469233
2877.8,199.485268,2523.135869
2878.8,199.485268,2529.581371
2879.8,199.485268,2535.289272
2880.8,199.485268,2532.834446
2881.8,199.485268,2530.759986
2882.8,199.485268,2534.578553
2883.8,199.485268,2538.026837
2884.8,199.485268,2531.893987
2885.8,199.485268,2542.820607
2886.8,199.485268,2532.782673
2887.8,199.485268,2520.65084
2888.8,199.485268,2516.607576
2889.8,199.485268,2526.70829
2890.8,199.485268,2528.810523
2891.8,199.485268,2530.255987
2892.8,199.485268,2518.513741
2893.8,199.485268,2530.845782
2894.8,199.485268,2530.392472
2895.8,199.485268,2537.466169
2896.8,199.485268,2540.308686
2897.8,199.485268,2536.426851
2898.8,199.485268,2534.190983
2899.8,199.485268,2532.526204
2900.8,199.485268,2533.418292
2901.8,199.485268,2525.271762
2902.8,199.485268,2529.329584
2903.8,199.485268,2524.878301
2904.8,199.485268,2522.42336
2905.8,199.485268,2519.608588
2906.8,199.485268,2528.872139
2907.8,199.485268,2529.535585
2908.8,199.485268,2515.154736
2909.8,199.485268,2516.842497
2910.8,199.485268,2521.334854
2911.8,199.485268,2524.03316
2912.8,199.485268,2532.259609
2913.8,199.485268,2519.96379
2914.8,199.485268,2521.097098
2915.8,199.485268,2532.24737
2916.8,199.485268,2514.201743
2917.8,199.485268,2522.816409
2918.8,199.485268,2520.915643
2919.8,199.485268,2491.072906
2920.8,199.485268,2481.631414
2921.8,199.485268,2469.160484
2922.8,199.485268,2465.587981
2923.8,199.485268,2480.731291
2924.8,199.485268,2485.593081
2925.8,199.485268,2483.320609
2926.8,199.485268,2494.012729
2927.8,199.485268,2497.080493
2928.8,199.485268,2491.376374
2929.8,199.485268,2485.316011
2930.8,199.485268,2500.08278
2931.8,199.485268,2500.162953
2932.8,199.485268,2497.03847
2933.8,199.485268,2496.758656
2934.8,199.485268,2496.557321
2935.8,199.485268,2496.827133
2936.8,199.485268,2499.387446
2937.8,199.485268,2503.831643
2938.8,199.485268,2505.141602
2939.8,199.485268,2496.757883
2940.8,199.485268,2500.285809
2941.8,199.485268,2493.541327
2942.8,199.485268,2496.773138
2943.8,199.485268,2506.158726
2944.8,199.485268,2494.471767
2945.8,199.485268,2493.713516
2946.8,199.485268,2486.697204
2947.8,199.485268,2487.469464
2948.8,199.485268,2496.246228
2949.8,199.485268,2487.249071
2950.8,199.485268,2484.885891
2951.8,199.485268,2492.089674
2952.8,199.485268,2474.496147
2953.8,199.485268,2477.548044
2954.8,199.485268,2484.702206
2955.8,199.485268,2484.523096
2956.8,199.485268,2490.436115
2957.8,199.485268,2496.92306
2958.8,199.485268,2477.635416
2959.8,199.485268,2488.776271
2960.8,199.485268,2485.275205
2961.8,199.485268,2484.476012
2962.8,199.485268,2478.984587
2963.8,199.485268,2470.021109
2964.8,199.485268,2466.798796
2965.8,199.485268,2466.595802
2966.8,199.485268,2478.42441
2967.8,199.485268,2487.010626
2968.8,199.485268,2484.478307
2969.8,199.485268,2476.595366
2970.8,199.485268,2471.996849
2971.8,199.485268,2464.266722
2972.8,199.485268,2474.380131
2973.8,199.485268,2471.748686
2974.8,199.485268,2467.274354
2975.8,199.485268,2479.230134
2976.8,199.485268,2468.468159
2977.8,199.485268,2463.309228
2978.8,199.485268,2462.814092
2979.8,199.485268,2459.805607
2980.8,199.485268,2458.902945
2981.8,199.485268,2458.410141
2982.8,199.485268,2463.618133
2983.8,199.485268,2467.700218
2984.8,199.485268,2479.959287
2985.8,199.485268,2461.705573
2986.8,199.485268,2454.6453
2987.8,199.485268,2463.994892
2988.8,199.485268,2465.49388
2989.8,199.485268,2460.134603
2990.8,199.485268,2461.984661
2991.8,199.485268,2466.823273
2992.8,199.485268,2462.522477
2993.8,199.485268,2465.923038
2994.8,199.485268,2466.632445
2995.8,199.485268,2461.450379
2996.8,199.485268,2470.149369
2997.8,199.485268,2472.019174
2998.8,199.485268,2467.181255
2999.8,199.485268,2470.010385
3000.8,199.485268,2483.927587
3001.8,199.485268,2481.008141
3002.8,199.485268,2474.885922
3003.8,199.485268,2469.881109
3004.8,199.485268,2465.681391
3005.8,199.485268,2461.308168
3006.8,199.485268,2467.818307
3007.8,199.485268,2473.061715
3008.8,199.485268,2463.194128
3009.8,199.485268,2460.050803
3010.8,199.485268,2470.588364
3011.8,199.485268,2478.111536
3012.8,199.485268,2457.206587
3013.8,199.485268,2469.996052
3014.8,199.485268,2477.937606
3015.8,199.485268,2486.256274
3016.8,199.485268,2480.145747
3017.8,199.485268,2473.448178
3018.8,199.485268,2482.973959
3019.8,199.485268,2484.08077
3020.8,199.485268,2484.599371
3021.8,199.485268,2494.703287
3022.8,199.485268,2475.1308
3023.8,199.485268,2470.041041
3024.8,199.485268,2470.717679
3025.8,199.485268,2478.761461
3026.8,199.485268,2471.457935
3027.8,199.485268,2471.193543
3028.8,199.485268,2477.629876
3029.8,199.485268,2477.755475
3030.8,199.485268,2485.550962
3031.8,199.485268,2474.808979
3032.8,199.485268,2488.687632
3033.8,199.485268,2489.339344
3034.8,199.485268,2481.822581
3035.8,199.485268,2472.089373
3036.8,199.485268,2487.859521
3037.8,199.485268,2480.866505
3038.8,199.485268,2481.260154
3039.8,199.485268,2487.826953
3040.8,199.485268,2493.491473
3041.8,199.485268,2483.01908
3042.8,199.485268,2490.049631
3043.8,199.485268,2487.379926
3044.8,199.485268,2498.057526
3045.8,199.485268,2483.979411
3046.8,199.485268,2481.274901
3047.8,199.485268,2475.901799
3048.8,199.485268,2491.411215
3049.8,199.485268,2481.848091
3050.8,199.485268,2485.870467
3051.8,199.485268,2490.439033
3052.8,199.485268,2479.801968
3053.8,199.485268,2481.509388
3054.8,199.485268,2492.928188
3055.8,199.485268,2488.442921
3056.8,199.485268,2476.729247
3057.8,199.485268,2481.151808
3058.8,199.485268,2491.369692
3059.8,199.485268,2495.891017
3060.8,199.485268,2492.871443
3061.8,199.485268,2494.553217
3062.8,199.485268,2500.678078
3063.8,199.485268,2493.990679
3064.8,199.485268,2500.997567
3065.8,199.485268,2503.914467
3066.8,199.485268,2494.243098
3067.8,199.485268,2503.539804
3068.8,199.485268,2491.192214
3069.8,199.485268,2484.116804
3070.8,199.485268,2487.173557
3071.8,199.485268,2476.881639
3072.8,199.485268,2480.708732
3073.8,199.485268,2473.560296
3074.8,199.485268,2476.914601
3075.8,199.485268,2484.384417
3076.8,199.485268,2484.87906
3077.8,199.485268,2490.755451
3078.8,199.485268,2491.297031
3079.8,199.485268,2486.07281
3080.8,199.485268,2482.71127
3081.8,199.485268,2484.357235
3082.8,199.485268,2490.606142
3083.8,199.485268,2492.682203
3084.8,199.485268,2489.488017
3085.8,199.485268,2480.839678
3086.8,199.485268,2472.999215
3087.8,199.485268,2484.752658
3088.8,199.485268,2486.142375
3089.8,199.485268,2482.609278
3090.8,199.485268,2489.612685
3091.8,199.485268,2477.577805
3092.8,199.485268,2485.871225
3093.8,199.485268,2480.619483
3094.8,199.485268,2489.171983
3095.8,199.485268,2484.830775
3096.8,199.485268,2482.363165
3097.8,199.485268,2476.117765
3098.8,199.485268,2471.974581
3099.8,199.485268,2482.877002
3100.8,199.485268,2485.172013
3101.8,199.485268,2477.186841
3102.8,199.485268,2489.492223
3103.8,199.485268,2484.091964
3104.8,199.485268,2486.313436
3105.8,199.485268,2485.223103
3106.8,199.485268,2500.061218
3107.8,199.485268,2500.392219
3108.8,199.485268,2485.142913
3109.8,199.485268,2488.888006
3110.8,199.485268,2488.105066
3111.8,199.485268,2495.530306
3112.8,199.485268,2497.353253
3113.8,199.485268,2486.139866
3114.8,199.485268,2499.201891
3115.8,199.485268,2509.656428
3116.8,199.485268,2490.774712
3117.8,199.485268,2498.258872
3118.8,199.485268,2501.140853
3119.8,199.485268,2494.756454
3120.8,199.485268,2504.869896
3121.8,199.485268,2513.683781
3122.8,199.485268,2500.803094
3123.8,199.485268,2498.446452
3124.8,199.485268,2500.891984
3125.8,199.485268,2502.291969
3126.8,199.485268,2490.894823
3127.8,199.485268,2489.736624
3128.8,199.485268,2492.410179
3129.8,199.485268,2481.340908
3130.8,199.485268,2475.827055
3131.8,199.485268,2483.98471
3132.8,199.485268,2487.296303
3133.8,199.485268,2481.558453
3134.8,199.485268,2480.164927
3135.8,199.485268,2489.683979
3136.8,199.485268,2486.032408
3137.8,199.485268,2497.852807
3138.8,199.485268,2495.140046
3139.8,199.485268,2503.179816
3140.8,199.485268,2505.426959
3141.8,199.485268,2494.668691
3142.8,199.485268,2498.373783
3143.8,199.485268,2494.046496
3144.8,199.485268,2501.162416
3145.8,199.485268,2494.259726
3146.8,199.485268,2489.290946
3147.8,199.485268,2496.735513
3148.8,199.485268,2494.986687
3149.8,199.485268,2497.311901
3150.8,199.485268,2514.355642
3151.8,199.485268,2509.170404
3152.8,199.485268,2494.559756
3153.8,199.485268,2492.110689
3154.8,199.485268,2517.146133
3155.8,199.485268,2488.156002
3156.8,199.485268,2493.653301
3157.8,199.485268,2487.065601
3158.8,199.485268,2496.010474
3159.8,199.485268,2481.869898
3160.8,199.485268,2488.167027
3161.8,199.485268,2492.471508
3162.8,199.485268,2485.348903
3163.8,199.485268,2496.442787
3164.8,199.485268,2497.521165
3165.8,199.485268,2489.53992
3166.8,199.485268,2497.049406
3167.8,199.485268,2493.555584
3168.8,199.485268,2493.242402
3169.8,199.485268,2493.59552
3170.8,199.485268,2490.528492
3171.8,199.485268,2499.569745
3172.8,199.485268,2502.786079
3173.8,199.485268,2500.045574
3174.8,199.485268,2497.076253
3175.8,199.485268,2498.460678
3176.8,199.485268,2504.406973
3177.8,199.485268,2495.565129
3178.8,199.485268,2497.412242
3179.8,199.485268,2510.581366
3180.8,199.485268,2487.954116
3181.8,199.485268,2493.671625
3182.8,199.485268,2493.816766
3183.8,199.485268,2492.623668
3184.8,199.485268,2490.757376
3185.8,199.485268,2498.400365
3186.8,199.485268,2499.03771
3187.8,199.485268,2484.744346
3188.8,199.485268,2495.631342
3189.8,199.485268,2487.806695
3190.8,199.485268,2479.519321
3191.8,199.485268,2492.621282
3192.8,199.485268,2486.609014
3193.8,199.485268,2487.408382
3194.8,199.485268,2482.291578
3195.8,199.485268,2504.089538
3196.8,199.485268,2495.108897
3197.8,199.485268,2488.485094
3198.8,199.485268,2488.230792
3199.8,199.485268,2506.358454
3200.8,199.485268,2502.227939
3201.8,199.485268,2496.389751
3202.8,199.480385,2480.477988
3203,198.878914,2478.84625
3203.2,197.907222,2478.909259
3203.4,196.94689,2477.839975
3203.6,195.999628,2471.653381
3203.8,195.044616,2479.432862
3204,194.018355,2481.326033
3204.2,193.062873,2487.054568
3204.4,192.112257,2471.927302
3204.6,191.153823,2465.937843
3204.8,190.126646,2454.855749
3205,189.172865,2479.36932
3205.2,188.220687,2464.014601
3205.4,187.270175,2461.876368
3205.6,186.312326,2460.808696
3205.8,185.28539,2460.772447
3206,184.325662,2457.661673
3206.2,183.373482,2449.543825
3206.4,182.347634,2472.303993
3206.6,181.393624,2442.311364
3206.8,180.429497,2449.822394
3207,179.47152,2449.243003
3207.2,178.516209,2449.339944
3207.4,177.56948,2454.962029
3207.6,176.552131,2435.225386
3207.8,175.59193,2439.674051
3208,174.630434,2424.679892
3208.2,173.605729,2418.906487
3208.4,172.650147,2425.220842
3208.6,171.7037,2417.030654
3208.8,170.747322,2419.620275
3209,169.788351,2430.140324
3209.2,168.76505,2420.265297
3209.4,167.811076,2423.399184
3209.6,166.851018,2422.369238
3209.8,165.823093,2415.077009
3210,164.864152,2418.732925
3210.2,163.91342,2408.044179
3210.4,162.956706,2411.521253
3210.6,161.923721,2403.530945
3210.8,160.970312,2399.691972
3211,160.012023,2389.065609
3211.2,159.051505,2378.870209
3211.4,158.03119,2375.929426
3211.6,157.076846,2377.138331
3211.8,156.128314,2402.612595
3212,155.176935,2389.269924
3212.2,154.218062,2384.230515
3212.4,153.191234,2379.968298
3212.6,152.239776,2373.043233
3212.8,151.284126,2366.847292
3213,150.264756,2377.920435
3213.2,149.462673,2361.259121
3214.2,149.450268,2360.63696
3215.2,149.450268,2366.309975
3216.2,149.450268,2368.810539
3217.2,149.450268,2365.433402
3218.2,149.450268,2372.102233
3219.2,149.450268,2367.700829
3220.2,149.450268,2371.809673
3221.2,149.450268,2375.677504
3222.2,149.450268,2385.516604
3223.2,149.450268,2392.03313
3224.2,149.450268,2381.245621
3225.2,149.450268,2392.685793
3226.2,149.450268,2405.980893
3227.2,149.450268,2414.229089
3228.2,149.450268,2417.257218
3229.2,149.450268,2423.505411
3230.2,149.450268,2427.43652
3231.2,149.450268,2425.655108
3232.2,149.450268,2434.980937
3233.2,149.450268,2429.118091
3234.2,149.450268,2436.157158
3235.2,149.450268,2436.911571
3236.2,149.450268,2451.19699
3237.2,149.450268,2458.071492
3238.2,149.450268,2455.034385
3239.2,149.450268,2452.196745
3240.2,149.450268,2457.891471
3241.2,149.450268,2465.94525
3242.2,149.450268,2468.927317
3243.2,149.450268,2466.855818
3244.2,149.450268,2463.393314
3245.2,149.450268,2467.715162
3246.2,149.450268,2461.82771
3247.2,149.450268,2473.538798
3248.2,149.450268,2478.133165
3249.2,149.450268,2487.457423
3250.2,149.450268,2482.648147
3251.2,149.450268,2484.092981
3252.2,149.450268,2484.69568
3253.2,149.450268,2485.443339
3254.2,149.450268,2483.287114
3255.2,149.450268,2497.125602
3256.2,149.450268,2488.329317
3257.2,149.450268,2496.333497
3258.2,149.450268,2492.177448
3259.2,149.450268,2487.107236
3260.2,149.450268,2483.409345
3261.2,149.450268,2484.806663
3262.2,149.450268,2491.003535
3263.2,149.450268,2490.585477
3264.2,149.450268,2496.341193
3265.2,149.450268,2487.432124
3266.2,149.450268,2483.556615
3267.2,149.450268,2486.457088
3268.2,149.450268,2490.729292
3269.2,149.450268,2486.467064
3270.2,149.450268,2480.5572
3271.2,149.450268,2486.131525
3272.2,149.450268,2484.408772
3273.2,149.450268,2489.85512
3274.2,149.450268,2488.558601
3275.2,149.450268,2485.188574
3276.2,149.450268,2497.241147
3277.2,149.450268,2495.044977
3278.2,149.450268,2491.990788
3279.2,149.450268,2494.590738
3280.2,149.450268,2504.86543
3281.2,149.450268,2485.749952
3282.2,149.450268,2494.379079
3283.2,149.450268,2514.294155
3284.2,149.450268,2502.30247
3285.2,149.450268,2504.605781
3286.2,149.450268,2492.737259
3287.2,149.450268,2485.792165
3288.2,149.450268,2484.199788
3289.2,149.450268,2462.528829
3290.2,149.450268,2445.21635
3291.2,149.450268,2461.600908
3292.2,149.450268,2461.818807
3293.2,149.450268,2455.698154
3294.2,149.450268,2457.41128
3295.2,149.450268,2461.646087
3296.2,149.450268,2450.316078
3297.2,149.450268,2456.029078
3298.2,149.450268,2455.157771
3299.2,149.450268,2451.654418
3300.2,149.450268,2449.936112
3301.2,149.450268,2472.644796
3302.2,149.450268,2465.487414
3303.2,149.450268,2458.61765
3304.2,149.450268,2456.45815
3305.2,149.450268,2448.903158
3306.2,149.450268,2444.461651
3307.2,149.450268,2435.315606
3308.2,149.450268,2446.786995
3309.2,149.450268,2443.457115
3310.2,149.450268,2440.021865
3311.2,149.450268,2446.954378
3312.2,149.450268,2440.462299
3313.2,149.450268,2443.087265
3314.2,149.450268,2447.788961
3315.2,149.450268,2446.968588
3316.2,149.450268,2438.775055
3317.2,149.450268,2450.480513
3318.2,149.450268,2448.000595
3319.2,149.450268,2452.837253
3320.2,149.450268,2451.405128
3321.2,149.450268,2446.150886
3322.2,149.450268,2450.918472
3323.2,149.450268,2444.292933
3324.2,149.450268,2442.20397
3325.2,149.450268,2431.227848
3326.2,149.450268,2426.180144
3327.2,149.450268,2439.135647
3328.2,149.450268,2428.854119
3329.2,149.450268,2445.719421
3330.2,149.450268,2442.281696
3331.2,149.450268,2428.710883
3332.2,149.450268,2436.833053
3333.2,149.450268,2437.874441
3334.2,149.450268,2435.317983
3335.2,149.450268,2419.670115
3336.2,149.450268,2427.459478
3337.2,149.450268,2425.360824
3338.2,149.450268,2425.631179
3339.2,149.450268,2429.390558
3340.2,149.450268,2423.453078
3341.2,149.450268,2440.099147
3342.2,149.450268,2429.752841
3343.2,149.450268,2428.840554
3344.2,149.450268,2420.597261
3345.2,149.450268,2407.21063
3346.2,149.450268,2401.270572
3347.2,149.450268,2407.230681
3348.2,149.450268,2410.06488
3349.2,149.450268,2412.187807
3350.2,149.450268,2421.458008
3351.2,149.450268,2407.338523
3352.2,149.450268,2407.839396
3353.2,149.450268,2417.381237
3354.2,149.450268,2419.570333
3355.2,149.450268,2429.525378
3356.2,149.450268,2423.33043
3357.2,149.450268,2413.650575
3358.2,149.450268,2422.421497
3359.2,149.450268,2426.488592
3360.2,149.450268,2431.27513
3361.2,149.450268,2431.209124
3362.2,149.450268,2428.889204
3363.2,149.450268,2432.599993
3364.2,149.450268,2424.837519
3365.2,149.450268,2425.816883
3366.2,149.450268,2430.556103
3367.2,149.450268,2435.126685
3368.2,149.450268,2427.956172
3369.2,149.450268,2435.040829
3370.2,149.450268,2426.21816
3371.2,149.450268,2439.068307
3372.2,149.450268,2434.667506
3373.2,149.450268,2440.051321
3374.2,149.450268,2426.18352
3375.2,149.450268,2422.469751
3376.2,149.450268,2436.896742
3377.2,149.450268,2434.359328
3378.2,149.450268,2431.318728
3379.2,149.450268,2432.919674
3380.2,149.450268,2420.117137
3381.2,149.450268,2426.191369
3382.2,149.450268,2433.826554
3383.2,149.450268,2428.09053
3384.2,149.450268,2440.851064
3385.2,149.450268,2439.009272
3386.2,149.450268,2415.944041
3387.2,149.450268,2431.956557
3388.2,149.450268,2425.043965
3389.2,149.450268,2440.847518
3390.2,149.450268,2437.737974
3391.2,149.450268,2435.53608
3392.2,149.450268,2429.165151
3393.2,149.450268,2431.37693
3394.2,149.450268,2425.797364
3395.2,149.450268,2436.655799
3396.2,149.450268,2430.082918
3397.2,149.450268,2439.116648
3398.2,149.450268,2439.141129
3399.2,149.450268,2440.053291
3400.2,149.450268,2436.779617
3401.2,149.450268,2446.394108
3402.2,149.450268,2435.943213
3403.2,149.450268,2449.023728
3404.2,149.450268,2435.351839
3405.2,149.450268,2431.7034
3406.2,149.450268,2427.544051
3407.2,149.450268,2430.717253
3408.2,149.450268,2443.851425
3409.2,149.450268,2444.579176
3410.2,149.450268,2444.950753
3411.2,149.450268,2436.172577
3412.2,149.450268,2451.565074
3413.2,149.450268,2452.140017
3414.2,149.450268,2458.402561
3415.2,149.450268,2457.830309
3416.2,149.450268,2458.620862
3417.2,149.450268,2458.223457
3418.2,149.450268,2461.071351
3419.2,149.450268,2444.573885
3420.2,149.450268,2458.159359
3421.2,149.450268,2449.571499
3422.2,149.450268,2448.322766
3423.2,149.450268,2433.921484
3424.2,149.450268,2447.187382
3425.2,149.450268,2446.226149
3426.2,149.450268,2460.419841
3427.2,149.450268,2465.133514
3428.2,149.450268,2453.303209
3429.2,149.450268,2465.264354
3430.2,149.450268,2454.959705
3431.2,149.450268,2465.039873
3432.2,149.450268,2463.222778
3433.2,149.450268,2460.192156
3434.2,149.450268,2470.472777
3435.2,149.450268,2466.224647
3436.2,149.450268,2463.041973
3437.2,149.450268,2446.87339
3438.2,149.450268,2454.666286
3439.2,149.450268,2449.985859
3440.2,149.450268,2453.482929
3441.2,149.450268,2456.383188
3442.2,149.450268,2462.109026
3443.2,149.450268,2449.783204
3444.2,149.450268,2462.415456
3445.2,149.450268,2459.093941
3446.2,149.450268,2460.31141
3447.2,149.450268,2455.155182
3448.2,149.450268,2451.961044
3449.2,149.450268,2458.670214
3450.2,149.450268,2442.850337
3451.2,149.450268,2463.864807
3452.2,149.450268,2461.037711
3453.2,149.450268,2471.56766
3454.2,149.450268,2474.701256
3455.2,149.450268,2477.616182
3456.2,149.450268,2460.114668
3457.2,149.450268,2457.478117
3458.2,149.450268,2458.749891
3459.2,149.450268,2471.083676
3460.2,149.450268,2470.236023
3461.2,149.450268,2453.876592
3462.2,149.450268,2465.73345
3463.2,149.450268,2466.313048
3464.2,149.450268,2467.369734
3465.2,149.450268,2469.36633
3466.2,149.450268,2465.178353
3467.2,149.450268,2479.782737
3468.2,149.450268,2468.747006
3469.2,149.450268,2480.445888
3470.2,149.450268,2491.790435
3471.2,149.450268,2486.387006
3472.2,149.450268,2484.379732
3473.2,149.450268,2479.806859
3474.2,149.450268,2482.228835
3475.2,149.450268,2468.400819
3476.2,149.450268,2470.260074
3477.2,149.450268,2474.558476
3478.2,149.450268,2474.88537
3479.2,149.450268,2467.977661
3480.2,149.450268,2456.978236
3481.2,149.450268,2467.001003
3482.2,149.450268,2463.099808
3483.2,149.450268,2459.053501
3484.2,149.450268,2461.599507
3485.2,149.450268,2458.375494
3486.2,149.450268,2460.114109
3487.2,149.450268,2469.614357
3488.2,149.450268,2456.81487
3489.2,149.450268,2468.49652
3490.2,149.450268,2459.577598
3491.2,149.450268,2481.910547
3492.2,149.450268,2461.659975
3493.2,149.450268,2465.644426
3494.2,149.450268,2463.43919
3495.2,149.450268,2454.578511
3496.2,149.450268,2458.257529
3497.2,149.450268,2472.664509
3498.2,149.450268,2464.472735
3499.2,149.450268,2474.666989
3500.2,149.450268,2467.920601
3501.2,149.450268,2477.950523
3502.2,149.450268,2464.682694
3503.2,149.450268,2469.138809
3504.2,149.450268,2463.686246
3505.2,149.450268,2450.305128
3506.2,149.450268,2471.764206
3507.2,149.450268,2458.824003
3508.2,149.450268,2462.062343
3509.2,149.450268,2456.860111
3510.2,149.450268,2460.2678
3511.2,149.450268,2461.110517
3512.2,149.450268,2448.555951
3513.2,149.450268,2455.287899
3514.2,149.450268,2469.999494
3515.2,149.450268,2476.372249
3516.2,149.450268,2468.111035
3517.2,149.450268,2482.895511
3518.2,149.450268,2480.215183
3519.2,149.450268,2478.284015
3520.2,149.450268,2474.096462
3521.2,149.450268,2470.956397
3522.2,149.450268,2476.415393
3523.2,149.450268,2472.001761
3524.2,149.450268,2480.31007
3525.2,149.450268,2476.482557
3526.2,149.450268,2471.304976
3527.2,149.450268,2480.598906
3528.2,149.450268,2483.543031
3529.2,149.450268,2487.831151
3530.2,149.450268,2489.781025
3531.2,149.450268,2487.209221
3532.2,149.450268,2483.318081
3533.2,149.450268,2492.929492
3534.2,149.450268,2479.087238
3535.2,149.450268,2471.474953
3536.2,149.450268,2475.525294
3537.2,149.450268,2480.453569
3538.2,149.450268,2476.818242
3539.2,149.450268,2498.557054
3540.2,149.450268,2489.868939
3541.2,149.450268,2492.209662
3542.2,149.450268,2488.470581
3543.2,149.450268,2501.298701
3544.2,149.450268,2494.586921
3545.2,149.450268,2495.242189
3546.2,149.450268,2492.808954
3547.2,149.450268,2505.927425
3548.2,149.450268,2494.168245
3549.2,149.450268,2480.761286
3550.2,149.450268,2478.557432
3551.2,149.450268,2485.479972
3552.2,149.450268,2488.760915
3553.2,149.450268,2482.437955
3554.2,149.450268,2486.487138
3555.2,149.450268,2481.626263
3556.2,149.450268,2493.703136
3557.2,149.450268,2483.315083
3558.2,149.450268,2482.689069
3559.2,149.450268,2479.355624
3560.2,149.450268,2472.448006
3561.2,149.450268,2467.433769
3562.2,149.450268,2470.542121
3563.2,149.450268,2463.952126
3564.2,149.450268,2461.313979
3565.2,149.450268,2455.817647
3566.2,149.450268,2457.039522
3567.2,149.450268,2480.587211
3568.2,149.450268,2477.833485
3569.2,149.450268,2499.177766
3570.2,149.450268,2490.367998
3571.2,149.450268,2491.996606
3572.2,149.450268,2487.824501
3573.2,149.450268,2490.938451
3574.2,149.450268,2488.691772
3575.2,149.450268,2500.761424
3576.2,149.450268,2493.093213
3577.2,149.450268,2492.779348
3578.2,149.450268,2480.593272
3579.2,149.450268,2484.284698
3580.2,149.450268,2477.064666
3581.2,149.450268,2487.279992
3582.2,149.450268,2472.553958
3583.2,149.450268,2468.764652
3584.2,149.450268,2479.257328
3585.2,149.448283,2465.033829
3585.4,148.997661,2456.384582
3585.6,148.023692,2476.467047
3585.8,147.051497,2488.265399
3586,146.084516,2485.357236
3586.2,145.108439,2461.348374
3586.4,144.197873,2462.237884
3586.6,143.220994,2448.61763
3586.8,142.247972,2457.964153
3587,141.278662,2449.8443
3587.2,140.31035,2460.516158
3587.4,139.338616,2478.887653
3587.6,138.364531,2452.693747
3587.8,137.461341,2449.917755
3588,136.49082,2437.218873
3588.2,135.522511,2445.443816
3588.4,134.552471,2446.443477
3588.6,133.578916,2435.047765
3588.8,132.613731,2428.239997
3589,131.711661,2435.280368
3589.2,130.736277,2444.180181
3589.4,129.763497,2420.513072
3589.6,128.791366,2433.913342
3589.8,127.817551,2411.363483
3590,126.843923,2415.597238
3590.2,125.874133,2420.03926
3590.4,124.90568,2428.874268
3590.6,123.935099,2402.082333
3590.8,122.963713,2413.672305
3591,122.060599,2396.89842
3591.2,121.089119,2401.194918
3591.4,120.117254,2410.705421
3591.6,119.144846,2408.980188
3591.8,118.175185,2419.14678
3592,117.203216,2417.899905
3592.2,116.236169,2401.596565
3592.4,115.331437,2414.969582
3592.6,114.361045,2407.542378
3592.8,113.391209,2369.459384
3593,112.420644,2387.124394
3593.2,111.451135,2371.174357
3593.4,110.480684,2389.058207
3593.6,109.510732,2368.45182
3593.8,108.538398,2378.773255
3594,107.636245,2369.859142
3594.2,106.663009,2372.490735
3594.4,105.690977,2358.220861
3594.6,104.721323,2349.876466
3594.8,103.747336,2341.071336
3595,102.776112,2327.778757
3595.2,101.803694,2345.153922
3595.4,100.834709,2326.622848
3595.6,99.539927,2341.557597
3596.6,99.445268,2380.354816
3597.6,99.445268,2381.345865
3598.6,99.445268,2379.831833
3599.6,99.445268,2386.00029
3600.6,99.445268,2390.183983
3601.6,99.445268,2380.912236
3602.6,99.445268,2383.890371
3603.6,99.445268,2408.625575
3604.6,99.445268,2399.991006
3605.6,99.445268,2394.226134
3606.6,99.445268,2404.980794
3607.6,99.445268,2418.021897
3608.6,99.445268,2409.222452
3609.6,99.445268,2410.630076
3610.6,99.445268,2419.53078
3611.6,99.445268,2421.645981
3612.6,99.445268,2415.726531
3613.6,99.445268,2408.015058
3614.6,99.445268,2409.518742
3615.6,99.445268,2417.773393
3616.6,99.445268,2417.639248
3617.6,99.445268,2426.531715
3618.6,99.445268,2437.861519
3619.6,99.445268,2422.987635
3620.6,99.445268,2422.136377
3621.6,99.445268,2423.128647
3622.6,99.445268,2423.376858
3623.6,99.445268,2412.021877
3624.6,99.445268,2422.458925
3625.6,99.445268,2422.866608
3626.6,99.445268,2408.584342
3627.6,99.445268,2403.304934
3628.6,99.445268,2403.464582
3629.6,99.445268,2405.718159
3630.6,99.445268,2400.001936
3631.6,99.445268,2410.536746
3632.6,99.445268,2400.315807
3633.6,99.445268,2420.968443
3634.6,99.445268,2411.887476
3635.6,99.445268,2413.881633
3636.6,99.445268,2411.53694
3637.6,99.445268,2421.274273
3638.6,99.445268,2419.53584
3639.6,99.445268,2423.647622
3640.6,99.445268,2423.019072
3641.6,99.445268,2418.629153
3642.6,99.445268,2416.14141
3643.6,99.445268,2399.932583
3644.6,99.445268,2407.357501
3645.6,99.445268,2403.351544
3646.6,99.445268,2401.013334
3647.6,99.445268,2413.330643
3648.6,99.445268,2413.564664
3649.6,99.445268,2403.002943
3650.6,99.445268,2405.956438
3651.6,99.445268,2406.553163
3652.6,99.445268,2406.515741
3653.6,99.445268,2402.701019
3654.6,99.445268,2402.870542
3655.6,99.445268,2393.584932
3656.6,99.445268,2378.673085
3657.6,99.445268,2395.389351
3658.6,99.445268,2404.714565
3659.6,99.445268,2399.253145
3660.6,99.445268,2387.794804
3661.6,99.445268,2385.370453
3662.6,99.445268,2387.165646
3663.6,99.445268,2401.360327
3664.6,99.445268,2393.666159
3665.6,99.445268,2398.56144
3666.6,99.445268,2402.118823
3667.6,99.445268,2406.443198
3668.6,99.445268,2392.398495
3669.6,99.445268,2388.575107
3670.6,99.445268,2380.523877
3671.6,99.445268,2388.79957
3672.6,99.445268,2389.573171
3673.6,99.445268,2382.028473
3674.6,99.445268,2380.621034
3675.6,99.445268,2365.377679
3676.6,99.445268,2369.23784
3677.6,99.445268,2380.016531
3678.6,99.445268,2380.722615
3679.6,99.445268,2387.242443
3680.6,99.445268,2377.67599
3681.6,99.445268,2376.070403
3682.6,99.445268,2371.540591
3683.6,99.445268,2371.355442
3684.6,99.445268,2377.596238
3685.6,99.445268,2367.526853
3686.6,99.445268,2380.967043
3687.6,99.445268,2372.423803
3688.6,99.445268,2370.706435
3689.6,99.445268,2370.667768
3690.6,99.445268,2377.655518
3691.6,99.445268,2376.644619
3692.6,99.445268,2364.711939
3693.6,99.445268,2375.641539
3694.6,99.445268,2380.782085
3695.6,99.445268,2379.430277
3696.6,99.445268,2376.434191
3697.6,99.445268,2378.759945
3698.6,99.445268,2368.083328
3699.6,99.445268,2368.006184
3700.6,99.445268,2372.195057
3701.6,99.445268,2375.246276
3702.6,99.445268,2365.245958
3703.6,99.445268,2374.130814
3704.6,99.445268,2370.413262
3705.6,99.445268,2364.409319
3706.6,99.445268,2373.448872
3707.6,99.445268,2374.941858
3708.6,99.445268,2371.980814
3709.6,99.445268,2372.780547
3710.6,99.445268,2380.371469
3711.6,99.445268,2363.617039
3712.6,99.445268,2337.445337
3713.6,99.445268,2345.018404
3714.6,99.445268,2342.026514
3715.6,99.445268,2344.296395
3716.6,99.445268,2350.45757
3717.6,99.445268,2349.258475
3718.6,99.445268,2350.891019
3719.6,99.445268,2338.735177
3720.6,99.445268,2349.967211
3721.6,99.445268,2354.34164
3722.6,99.445268,2363.79304
3723.6,99.445268,2360.572359
3724.6,99.445268,2361.629686
3725.6,99.445268,2363.562191
3726.6,99.445268,2364.665685
3727.6,99.445268,2378.218132
3728.6,99.445268,2373.616135
3729.6,99.445268,2384.932324
3730.6,99.445268,2376.536698
3731.6,99.445268,2387.46329
3732.6,99.445268,2381.699719
3733.6,99.445268,2371.855732
3734.6,99.445268,2382.288305
3735.6,99.445268,2386.927225
3736.6,99.445268,2385.269939
3737.6,99.445268,2369.980961
3738.6,99.445268,2377.169127
3739.6,99.445268,2385.040016
3740.6,99.445268,2379.460039
3741.6,99.445268,2367.719595
3742.6,99.445268,2379.735421
3743.6,99.445268,2364.522136
3744.6,99.445268,2362.06832
3745.6,99.445268,2366.607167
3746.6,99.445268,2383.426658
3747.6,99.445268,2372.101519
3748.6,99.445268,2368.812329
3749.6,99.445268,2371.640803
3750.6,99.445268,2385.044443
3751.6,99.445268,2378.78465
3752.6,99.445268,2378.324257
3753.6,99.445268,2402.434271
3754.6,99.445268,2393.600164
3755.6,99.445268,2394.911161
3756.6,99.445268,2403.435235
3757.6,99.445268,2389.624539
3758.6,99.445268,2390.914108
3759.6,99.445268,2394.245631
3760.6,99.445268,2394.364993
3761.6,99.445268,2386.857728
3762.6,99.445268,2384.140173
3763.6,99.445268,2389.869561
3764.6,99.445268,2404.613901
3765.6,99.445268,2389.973776
3766.6,99.445268,2404.05483
3767.6,99.445268,2383.307167
3768.6,99.445268,2390.749731
3769.6,99.445268,2398.933648
3770.6,99.445268,2395.434989
3771.6,99.445268,2395.437804
3772.6,99.445268,2383.082504
3773.6,99.445268,2397.495634
3774.6,99.445268,2410.148055
3775.6,99.445268,2404.399407
3776.6,99.445268,2418.83262
3777.6,99.445268,2407.703311
3778.6,99.445268,2404.080788
3779.6,99.445268,2418.744407
3780.6,99.445268,2406.734694
3781.6,99.445268,2404.701524
3782.6,99.445268,2409.254196
3783.6,99.445268,2420.695546
3784.6,99.445268,2405.639788
3785.6,99.445268,2410.609723
3786.6,99.445268,2410.094795
3787.6,99.445268,2413.38318
3788.6,99.445268,2432.426327
3789.6,99.445268,2424.167616
3790.6,99.445268,2428.934472
3791.6,99.445268,2418.355007
3792.6,99.445268,2432.927857
3793.6,99.445268,2413.954078
3794.6,99.445268,2430.32121
3795.6,99.445268,2421.942631
3796.6,99.445268,2427.540767
3797.6,99.445268,2412.462596
3798.6,99.445268,2425.816921
3799.6,99.445268,2436.486544
3800.6,99.445268,2425.341371
3801.6,99.445268,2430.773524
3802.6,99.445268,2422.693753
3803.6,99.445268,2414.980959
3804.6,99.445268,2414.457362
3805.6,99.445268,2422.986833
3806.6,99.445268,2436.549851
3807.6,99.445268,2426.665744
3808.6,99.445268,2435.197026
3809.6,99.445268,2425.933117
3810.6,99.445268,2430.904217
3811.6,99.445268,2418.066003
3812.6,99.445268,2418.230756
3813.6,99.445268,2418.910198
3814.6,99.445268,2425.643085
3815.6,99.445268,2422.619315
3816.6,99.445268,2410.435627
3817.6,99.445268,2415.630043
3818.6,99.445268,2429.731993
3819.6,99.445268,2420.24445
3820.6,99.445268,2435.364258
3821.6,99.445268,2430.80291
3822.6,99.445268,2417.42176
3823.6,99.445268,2419.417695
3824.6,99.445268,2410.509727
3825.6,99.445268,2419.377034
3826.6,99.445268,2408.238147
3827.6,99.445268,2427.946756
3828.6,99.445268,2427.93369
3829.6,99.445268,2432.19105
3830.6,99.445268,2420.896627
3831.6,99.445268,2420.094157
3832.6,99.445268,2425.474799
3833.6,99.445268,2422.378038
3834.6,99.445268,2427.578452
3835.6,99.445268,2427.098511
3836.6,99.445268,2421.959445
3837.6,99.445268,2414.849895
3838.6,99.445268,2401.454795
3839.6,99.445268,2408.271304
3840.6,99.445268,2404.73533
3841.6,99.445268,2411.122721
3842.6,99.445268,2423.363456
3843.6,99.445268,2420.326513
3844.6,99.445268,2420.973415
3845.6,99.445268,2413.87077
3846.6,99.445268,2411.739196
3847.6,99.445268,2428.513785
3848.6,99.445268,2405.105182
3849.6,99.445268,2408.224872
3850.6,99.445268,2411.113031
3851.6,99.445268,2418.419559
3852.6,99.445268,2415.320341
3853.6,99.445268,2404.210538
3854.6,99.445268,2423.353459
3855.6,99.445268,2405.196105
3856.6,99.445268,2415.81566
3857.6,99.445268,2414.933423
3858.6,99.445268,2417.047047
3859.6,99.445268,2412.854396
3860.6,99.445268,2412.333088
3861.6,99.445268,2419.561968
3862.6,99.445268,2412.93162
3863.6,99.445268,2403.042123
3864.6,99.445268,2415.77406
3865.6,99.445268,2418.395883
3866.6,99.445268,2417.272956
3867.6,99.445268,2417.758071
3868.6,99.445268,2412.103655
3869.6,99.445268,2403.898868
3870.6,99.445268,2414.926759
3871.6,99.445268,2421.16007
3872.6,99.445268,2431.391411
3873.6,99.445268,2427.273507
3874.6,99.445268,2423.159939
3875.6,99.445268,2422.283914
3876.6,99.445268,2420.787114
3877.6,99.445268,2429.05402
3878.6,99.445268,2415.8
3879.6,99.445268,2413.610395
3880.6,99.445268,2411.332552
3881.6,99.445268,2412.93516
3882.6,99.445268,2405.264354
3883.6,99.445268,2404.90393
3884.6,99.445268,2404.834304
3885.6,99.445268,2421.200623
3886.6,99.445268,2415.466711
3887.6,99.445268,2419.770334
3888.6,99.445268,2429.397216
3889.6,99.445268,2403.180539
3890.6,99.445268,2401.947283
3891.6,99.445268,2400.884131
3892.6,99.445268,2406.469433
3893.6,99.445268,2419.757738
3894.6,99.445268,2399.986106
3895.6,99.445268,2402.290992
3896.6,99.445268,2399.005364
3897.6,99.445268,2388.958924
3898.6,99.445268,2407.107822
3899.6,99.445268,2400.898045
3900.6,99.445268,2409.291633
3901.6,99.445268,2403.968015
3902.6,99.445268,2401.775475
3903.6,99.445268,2402.22775
3904.6,99.445268,2407.908806
3905.6,99.445268,2405.374208
3906.6,99.445268,2397.87589
3907.6,99.445268,2414.230268
3908.6,99.445268,2406.228012
3909.6,99.445268,2408.359494
3910.6,99.445268,2386.874186
3911.6,99.445268,2404.871887
3912.6,99.445268,2407.064677
3913.6,99.445268,2413.278523
3914.6,99.445268,2407.216754
3915.6,99.445268,2412.000584
3916.6,99.445268,2413.055708
3917.6,99.445268,2400.629567
3918.6,99.445268,2406.106296
3919.6,99.445268,2398.950614
3920.6,99.445268,2400.297624
3921.6,99.445268,2401.757914
3922.6,99.445268,2404.861758
3923.6,99.445268,2413.553812
3924.6,99.445268,2412.231153
3925.6,99.445268,2410.202839
3926.6,99.445268,2412.699833
3927.6,99.445268,2411.611883
3928.6,99.445268,2426.017971
3929.6,99.445268,2408.54131
3930.6,99.445268,2413.877996
3931.6,99.445268,2430.436292
3932.6,99.445268,2432.050871
3933.6,99.445268,2433.713179
3934.6,99.445268,2430.838783
3935.6,99.445268,2426.03957
3936.6,99.445268,2426.527358
3937.6,99.445268,2431.985647
3938.6,99.445268,2424.262118
3939.6,99.445268,2427.512231
3940.6,99.445268,2425.199511
3941.6,99.445268,2421.187632
3942.6,99.445268,2435.455778
3943.6,99.445268,2426.759475
3944.6,99.445268,2436.503723
3945.6,99.445268,2439.846051
3946.6,99.445268,2426.555898
3947.6,99.445268,2440.612729
3948.6,99.445268,2429.870913
3949.6,99.445268,2421.932545
3950.6,99.445268,2430.558905
3951.6,99.445268,2431.610537
3952.6,99.445268,2436.891255
3953.6,99.445268,2437.462414
3954.6,99.445268,2444.67796
3955.6,99.445268,2433.199413
3956.6,99.445268,2436.149293
3957.6,99.445268,2439.802167
3958.6,99.445268,2435.634038
3959.6,99.445268,2433.750963
3960.6,99.445268,2431.481368
3961.6,99.445268,2421.226105
3962.6,99.445268,2435.826959
3963.6,99.445268,2448.440142
3964.6,99.445268,2431.931895
3965.6,99.445268,2434.472839
3966.6,99.445268,2435.982405
3967.6,99.445268,2438.155669
3968.6,99.445268,2439.196406
3969.6,99.445268,2419.156688
3970.6,99.445268,2439.81644
3971.6,99.445268,2438.033903
3972.6,99.445268,2439.137702
3973.6,99.445268,2440.001656
3974.6,99.445268,2434.27569
3975.6,99.445268,2430.34785
3976.6,99.445268,2426.165013
3977.6,99.445268,2434.167429
3978.6,99.445268,2429.603801
3979.6,99.445268,2424.894368
3980.6,99.445268,2424.50928
3981.6,99.445268,2411.986965
3982.6,99.445268,2419.543002
3983.6,99.445268,2433.330781
3984.6,99.445268,2416.26943
3985.6,99.445268,2442.575215
3985.8,99.152708,2435.469161
3986,98.183008,2431.114253
3986.2,97.259421,2417.314512
3986.4,96.276992,2394.953927
3986.6,95.370977,2401.333936
3986.8,94.384383,2417.339013
3987,93.470179,2404.803763
3987.2,92.493198,2389.447654
3987.4,91.515309,2383.030207
3987.6,90.600479,2354.441727
3987.8,89.621055,2335.106998
3988,88.637919,2361.667571
3988.2,87.727194,2356.261914
3988.4,86.743214,2366.712559
3988.6,85.823248,2377.206401
3988.8,84.837397,2367.95281
3989,83.921364,2346.535429
3989.2,82.933011,2341.186798
3989.4,82.013075,2333.338655
3989.6,81.015434,2322.267332
3989.8,80.027131,2311.633646
3990,79.107353,2328.859273
3990.2,78.11357,2329.712032
3990.4,77.197579,2335.699928
3990.6,76.207069,2323.687774
3990.8,75.216433,2301.583792
3991,74.306036,2318.393956
3991.2,73.331833,2294.93361
3991.4,72.418113,2297.92671
3991.6,71.427057,2277.044418
3991.8,70.445899,2292.927446
3992,69.534053,2283.34347
3992.2,68.553658,2296.816636
3992.4,67.643985,2289.226205
3992.6,66.652102,2272.60205
3992.8,65.669579,2297.126277
3993,64.756618,2295.621979
3993.2,63.771475,2302.971797
3993.4,62.792661,2296.367048
3993.6,61.889762,2264.241259
3993.8,60.908296,2263.917122
3994,59.923148,2267.326458
3994.2,58.9966,2265.940653
3994.4,57.998558,2257.599499
3994.6,57.086997,2267.020908
3994.8,56.102743,2239.278777
3995,55.114996,2256.220689
3995.2,54.199473,2232.873066
3995.4,53.227469,2256.538037
3995.6,52.251364,2248.520563
3995.8,51.340506,2219.134635
3996,50.352754,2221.269492
3996.2,49.443637,2229.459789
3997.2,49.430268,2219.789423
3998.2,49.430268,2237.359969
3999.2,49.430268,2214.101493
4000.2,49.430268,2226.408617
4001.2,49.430268,2253.281334
4002.2,49.430268,2259.101392
4003.2,49.430268,2257.166575
4004.2,49.430268,2267.241404
4005.2,49.430268,2269.276032
4006.2,49.430268,2265.57098
4007.2,49.430268,2269.54288
4008.2,49.430268,2259.616884
4009.2,49.430268,2285.539762
4010.2,49.430268,2276.962451
4011.2,49.430268,2288.433948
4012.2,49.430268,2292.147024
4013.2,49.430268,2310.819982
4014.2,49.430268,2316.091131
4015.2,49.430268,2309.877348
4016.2,49.430268,2312.267962
4017.2,49.430268,2318.715414
4018.2,49.430268,2318.741147
4019.2,49.430268,2324.936393
4020.2,49.430268,2324.940058
4021.2,49.430268,2326.284653
4022.2,49.430268,2317.870171
4023.2,49.430268,2319.16425
4024.2,49.430268,2321.545166
4025.2,49.430268,2328.984114
4026.2,49.430268,2328.430489
4027.2,49.430268,2330.291752
4028.2,49.430268,2329.084133
4029.2,49.430268,2330.263483
4030.2,49.430268,2331.653634
4031.2,49.430268,2326.265521
4032.2,49.430268,2331.293355
4033.2,49.430268,2311.379868
4034.2,49.430268,2319.430868
4035.2,49.430268,2315.729558
4036.2,49.430268,2317.088669
4037.2,49.430268,2317.199587
4038.2,49.430268,2319.246042
4039.2,49.430268,2331.413879
4040.2,49.430268,2331.707141
4041.2,49.430268,2331.707366
4042.2,49.430268,2335.281607
4043.2,49.430268,2336.120382
4044.2,49.430268,2330.669504
4045.2,49.430268,2320.16078
4046.2,49.430268,2327.367781
4047.2,49.430268,2326.703017
4048.2,49.430268,2327.769958
4049.2,49.430268,2302.469747
4050.2,49.430268,2289.478654
4051.2,49.430268,2294.97969
4052.2,49.430268,2293.565155
4053.2,49.430268,2294.988317
4054.2,49.430268,2291.082189
4055.2,49.430268,2288.755228
4056.2,49.430268,2284.391767
4057.2,49.430268,2286.650206
4058.2,49.430268,2277.217758
4059.2,49.430268,2276.70167
4060.2,49.430268,2285.841377
4061.2,49.430268,2282.588595
4062.2,49.430268,2278.484148
4063.2,49.430268,2285.174687
4064.2,49.430268,2280.063925
4065.2,49.430268,2274.250743
4066.2,49.430268,2287.334785
4067.2,49.430268,2300.432896
4068.2,49.430268,2295.954547
4069.2,49.430268,2275.059694
4070.2,49.430268,2271.488101
4071.2,49.430268,2272.481135
4072.2,49.430268,2281.355508
4073.2,49.430268,2268.742334
4074.2,49.430268,2260.576011
4075.2,49.430268,2267.360238
4076.2,49.430268,2268.072907
4077.2,49.430268,2275.102002
4078.2,49.430268,2269.869753
4079.2,49.430268,2270.741454
4080.2,49.430268,2269.94209
4081.2,49.430268,2274.270528
4082.2,49.430268,2269.26007
4083.2,49.430268,2263.193888
4084.2,49.430268,2256.959532
4085.2,49.430268,2278.17149
4086.2,49.430268,2279.898586
4087.2,49.430268,2271.600163
4088.2,49.430268,2272.336888
4089.2,49.430268,2255.285149
4090.2,49.430268,2250.084074
4091.2,49.430268,2242.980612
4092.2,49.430268,2226.714589
4093.2,49.430268,2230.934756
4094.2,49.430268,2225.963503
4095.2,49.430268,2222.731037
4096.2,49.430268,2231.663752
4097.2,49.430268,2234.723199
4098.2,49.430268,2239.776114
4099.2,49.430268,2239.677709
4100.2,49.430268,2243.762546
4101.2,49.430268,2238.018341
4102.2,49.430268,2241.722182
4103.2,49.430268,2238.890217
4104.2,49.430268,2244.657574
4105.2,49.430268,2246.266455
4106.2,49.430268,2241.285976
4107.2,49.430268,2243.066431
4108.2,49.430268,2237.451735
4109.2,49.430268,2238.897633
4110.2,49.430268,2240.962515
4111.2,49.430268,2249.678208
4112.2,49.430268,2246.384744
4113.2,49.430268,2250.928435
4114.2,49.430268,2244.652477
4115.2,49.430268,2251.997826
4116.2,49.430268,2249.098807
4117.2,49.430268,2247.110152
4118.2,49.430268,2256.589073
4119.2,49.430268,2237.001358
4120.2,49.430268,2251.269118
4121.2,49.430268,2245.632322
4122.2,49.430268,2243.393433
4123.2,49.430268,2236.193057
4124.2,49.430268,2234.05697
4125.2,49.430268,2232.093196
4126.2,49.430268,2251.488246
4127.2,49.430268,2234.632806
4128.2,49.430268,2238.701161
4129.2,49.430268,2236.709536
4130.2,49.430268,2238.923237
4131.2,49.430268,2239.024121
4132.2,49.430268,2232.123521
4133.2,49.430268,2239.725195
4134.2,49.430268,2232.154435
4135.2,49.430268,2241.028419
4136.2,49.430268,2250.266975
4137.2,49.430268,2227.751729
4138.2,49.430268,2225.945999
4139.2,49.430268,2231.942521
4140.2,49.430268,2224.501025
4141.2,49.430268,2224.990671
4142.2,49.430268,2228.605267
4143.2,49.430268,2231.038759
4144.2,49.430268,2224.035014
4145.2,49.430268,2226.856321
4146.2,49.430268,2233.905893
4147.2,49.430268,2247.385977
4148.2,49.430268,2236.005274
4149.2,49.430268,2245.370529
4150.2,49.430268,2241.237593
4151.2,49.430268,2240.855551
4152.2,49.430268,2238.64196
4153.2,49.430268,2234.399039
4154.2,49.430268,2239.768469
4155.2,49.430268,2245.285627
4156.2,49.430268,2240.07031
4157.2,49.430268,2245.168829
4158.2,49.430268,2248.313529
4159.2,49.430268,2235.903919
4160.2,49.430268,2242.209719
4161.2,49.430268,2255.285024
4162.2,49.430268,2238.217322
4163.2,49.430268,2229.300397
4164.2,49.430268,2236.723108
4165.2,49.430268,2238.168987
4166.2,49.430268,2242.790233
4167.2,49.430268,2247.648227
4168.2,49.430268,2243.083368
4169.2,49.430268,2249.763917
4170.2,49.430268,2242.50104
4171.2,49.430268,2242.472317
4172.2,49.430268,2247.153631
4173.2,49.430268,2253.743183
4174.2,49.430268,2260.693656
4175.2,49.430268,2255.223865
4176.2,49.430268,2249.979666
4177.2,49.430268,2250.384005
4178.2,49.430268,2245.695357
4179.2,49.430268,2251.701417
4180.2,49.430268,2243.306351
4181.2,49.430268,2249.60582
4182.2,49.430268,2238.643413
4183.2,49.430268,2252.48619
4184.2,49.430268,2244.561532
4185.2,49.430268,2251.012935
4186.2,49.430268,2253.331963
4187.2,49.430268,2239.675922
4188.2,49.430268,2256.637605
4189.2,49.430268,2256.373058
4190.2,49.430268,2265.434081
4191.2,49.430268,2266.642603
4192.2,49.430268,2249.827104
4193.2,49.430268,2245.796228
4194.2,49.430268,2248.862285
4195.2,49.430268,2258.424176
4196.2,49.430268,2262.945523
4197.2,49.430268,2264.957285
4198.2,49.430268,2255.781759
4199.2,49.430268,2251.303458
4200.2,49.430268,2254.941797
4201.2,49.430268,2258.993333
4202.2,49.430268,2249.350861
4203.2,49.430268,2244.678945
4204.2,49.430268,2260.959607
4205.2,49.430268,2252.114604
4206.2,49.430268,2259.53219
4207.2,49.430268,2249.55918
4208.2,49.430268,2263.920913
4209.2,49.430268,2253.588744
4210.2,49.430268,2255.722535
4211.2,49.430268,2247.464416
4212.2,49.430268,2254.536326
4213.2,49.430268,2249.547347
4214.2,49.430268,2259.439283
4215.2,49.430268,2249.047423
4216.2,49.430268,2244.288264
4217.2,49.430268,2241.130305
4218.2,49.430268,2235.913234
4219.2,49.430268,2229.883851
4220.2,49.430268,2238.544897
4221.2,49.430268,2240.590136
4222.2,49.430268,2248.147792
4223.2,49.430268,2238.482588
4224.2,49.430268,2243.869085
4225.2,49.430268,2222.849315
4226.2,49.430268,2233.991027
4227.2,49.430268,2241.9768
4228.2,49.430268,2251.187016
4229.2,49.430268,2250.495424
4230.2,49.430268,2241.145704
4231.2,49.430268,2239.675858
4232.2,49.430268,2245.329221
4233.2,49.430268,2234.003484
4234.2,49.430268,2233.56019
4235.2,49.430268,2238.242723
4236.2,49.430268,2224.666603
4237.2,49.430268,2231.380116
4238.2,49.430268,2245.271982
4239.2,49.430268,2250.153032
4240.2,49.430268,2247.516509
4241.2,49.430268,2245.364287
4242.2,49.430268,2252.142982
4243.2,49.430268,2246.489214
4244.2,49.430268,2265.480541
4245.2,49.430268,2251.121757
4246.2,49.430268,2251.909768
4247.2,49.430268,2250.307624
4248.2,49.430268,2261.476083
4249.2,49.430268,2248.543648
4250.2,49.430268,2254.60104
4251.2,49.430268,2252.545782
4252.2,49.430268,2252.300471
4253.2,49.430268,2256.553433
4254.2,49.430268,2250.211483
4255.2,49.430268,2247.301944
4256.2,49.430268,2249.086572
4257.2,49.430268,2245.991375
4258.2,49.430268,2254.756584
4259.2,49.430268,2258.680167
4260.2,49.430268,2247.30133
4261.2,49.430268,2253.688113
4262.2,49.430268,2250.745272
4263.2,49.430268,2247.218305
4264.2,49.430268,2262.886511
4265.2,49.430268,2262.701273
4266.2,49.430268,2254.691563
4267.2,49.430268,2255.880966
4268.2,49.430268,2274.040742
4269.2,49.430268,2266.860468
4270.2,49.430268,2259.272243
4271.2,49.430268,2276.22707
4272.2,49.430268,2263.402828
4273.2,49.430268,2268.699962
4274.2,49.430268,2265.090203
4275.2,49.430268,2264.492315
4276.2,49.430268,2249.089933
4277.2,49.430268,2251.257236
4278.2,49.430268,2245.178135
4279.2,49.430268,2257.413758
4280.2,49.430268,2251.680716
4281.2,49.430268,2258.004481
4282.2,49.430268,2251.401519
4283.2,49.430268,2238.925194
4284.2,49.430268,2255.245498
4285.2,49.430268,2244.894332
4286.2,49.430268,2251.241599
4287.2,49.430268,2251.487233
4288.2,49.430268,2240.702129
4289.2,49.430268,2239.745127
4290.2,49.430268,2245.999007
4291.2,49.430268,2239.138436
4292.2,49.430268,2238.776656
4293.2,49.430268,2246.973938
4294.2,49.430268,2253.748054
4295.2,49.430268,2243.962351
4296.2,49.430268,2238.365563
4297.2,49.430268,2231.886359
4298.2,49.430268,2234.330529
4299.2,49.430268,2232.9119
4300.2,49.430268,2242.709181
4301.2,49.430268,2246.440406
4302.2,49.430268,2263.992372
4303.2,49.430268,2264.217148
4304.2,49.430268,2272.304567
4305.2,49.430268,2269.04196
4306.2,49.430268,2279.299332
4307.2,49.430268,2278.612429
4308.2,49.430268,2280.078445
4309.2,49.430268,2272.990635
4310.2,49.430268,2275.840294
4311.2,49.430268,2280.818885
4312.2,49.430268,2272.406801
4313.2,49.430268,2272.106594
4314.2,49.430268,2253.253069
4315.2,49.430268,2253.804141
4316.2,49.430268,2239.065119
4317.2,49.430268,2247.557548
4318.2,49.430268,2240.933358
4319.2,49.430268,2222.112957
4320.2,49.430268,2224.229718
4321.2,49.430268,2222.618204
4322.2,49.410227,2251.271362
4322.4,48.791179,2239.877522
4322.6,47.774272,2235.817668
4322.8,46.846789,2237.117687
4323,45.927182,2230.201523
4323.2,45.00996,2214.762499
4323.4,44.025677,2216.665679
4323.6,43.111365,2204.143457
4323.8,42.188851,2220.165504
4324,41.195283,2207.260639
4324.2,40.270437,2213.155454
4324.4,39.348369,2210.25197
4324.6,38.352354,2200.791955
4324.8,37.425311,2214.824133
4325,36.501065,2208.765124
4325.2,35.506918,2180.568003
4325.4,34.591925,2187.901171
4325.6,33.664111,2188.683717
4325.8,32.670532,2176.402894
4326,31.754822,2189.430422
4326.2,30.828134,2174.881515
4326.4,29.841753,2152.528669
4326.6,28.918212,2142.695231
4326.8,28.006767,2157.069959
4327,27.023277,2150.794033
4327.2,26.106777,2134.632312
4327.4,25.189342,2129.418993
4327.6,24.206246,2116.980237
4327.8,23.285968,2130.133051
4328,22.372149,2125.00335
4328.2,21.384669,2142.107735
4328.4,20.467441,2117.152374
4328.6,19.548865,2108.521608
4328.8,18.556123,2081.728748
4329,17.637653,2105.768619
4329.2,16.712937,2082.86557
4329.4,15.71955,2092.357652
4329.6,14.797502,2058.510267
4329.8,13.877089,2063.046105
4330,12.889286,2051.369429
4330.2,11.975027,2055.392887
4330.4,11.050338,2067.646616
4330.6,10.051487,2056.814888
4330.8,9.120382,2057.324717
4331,8.194235,2037.391104
4331.2,7.213875,2025.775518
4331.4,6.301509,2022.764616
4331.6,5.375633,2011.486039
4331.8,4.380659,2016.66344
4332,3.455939,1992.08903
4332.2,2.543222,2005.812768
4332.4,1.554914,2000.110561
4332.6,0.634685,1982.849534
