Wavenumber,0 mN,50 mN,100 mN,150 mN,200 mN,250 mN,300 mN
181.95710220416,2121.4109825059013,1854.552729949662,1968.9205524737645,1949.8592487197475,1819.793881927631,1779.4287680955947,1752.5186922075707
182.97657586254718,2253.049291145739,1917.7273707611816,2024.2677802479138,1948.0072766153055,1857.1675590529337,1770.8137534689508,1723.7116776958692
183.9959378395179,2236.6351055544046,1945.8276294808147,1996.354024937616,1949.1960558446015,1897.5468515998714,1716.7746367433156,1756.0729443208277
185.01518815342567,2136.6580473650974,1940.3888321582824,1984.995471978013,1962.6921520681478,1910.2793502799643,1831.1025645999425,1807.6840786945838
186.034326822617,2093.567228836687,1888.6180159084636,1955.83254272901,1948.11940030698,1867.6823436200968,1799.365939310689,1776.2265120445993
187.0533538654345,2165.270011126784,1896.7939916019911,2003.7478530386973,1919.712676195571,1869.509843276301,1768.0128115047328,1769.1041774377604
188.07226930021716,2213.7961693371767,1889.0917287641666,2004.1360173115575,1975.1061501080103,1878.3399260961862,1731.040229544854,1743.9423927464304
189.09107314529683,2139.861132168461,1979.4246719115408,1897.6127021116542,1911.4251125973494,1779.6759664261035,1741.4262143118708,1707.426434654775
190.1097654190089,2155.555437286341,1902.6511607334387,1901.5840540813167,1961.342026600146,1873.839281126146,1753.2562294363654,1672.1561238750971
191.1283461396743,2199.154819571197,1843.2222476174775,1921.612159297761,1929.0274212134636,1871.8239721494729,1748.9424889749744,1686.4424242569105
192.1468153256174,2120.895730500432,1910.2804643136958,1935.5542962561042,1900.8027773352926,1857.6266477670117,1760.743625321113,1720.7267247456334
193.1651729951627,2166.5529036412768,1895.2079283308644,1955.1562368296763,1940.4320908825998,1817.3802997534592,1736.3974970445377,1739.5526711760542
194.18341916661666,2121.726485491743,1850.890034164803,1950.2315896708235,1933.500380322441,1866.5755429289115,1731.6801675575784,1766.1882868386172
195.2015538582928,2101.662661430907,1879.4604417201504,1910.3218611244222,1904.1495772435678,1819.7950308718916,1700.4642091753742,1678.861215592384
196.219577088501,2131.3763618366656,1826.8940244314274,1939.3976677438714,1947.6548158768946,1840.3118901475905,1679.2975015536342,1672.0724969372388
197.23748887553668,2163.6151207952253,1830.0406832912174,1889.5708905996248,1888.5445077149973,1845.4364265606332,1670.9513361739214,1741.7717552132337
198.2552892377062,2112.628408717542,1797.3260647815741,1878.4624985631424,1924.6794545146686,1832.2455426116162,1786.02858666009,1697.7028486193954
199.27297819329758,2189.3763524629458,1848.2409673117427,1889.9918651959197,1904.2482693514924,1886.936921448297,1782.0505194465838,1692.4388361829842
200.29055576060642,2098.2796843051856,1874.4495572409694,1986.8756484604387,1907.1553292320878,1849.9202282476308,1699.6780881634309,1690.479589790929
201.3080219579169,2139.9109481450278,1891.03665293655,1890.016676316843,1921.635951527756,1828.8180791344303,1740.080113219932,1689.0812822345881
202.3253768035138,2187.453330921311,1959.9336980876112,1925.2446060860607,1899.7379207908027,1800.7719818452024,1678.339892427965,1678.339892427965
203.3426203156705,2138.2484693509005,1884.4716014441444,1977.2173644140835,1943.5842855348749,1841.6658646887881,1704.0759965465709,1745.8625490934664
204.3597525126643,2159.458836798161,1917.5830487182532,1956.5291501887468,1910.4087668684253,1867.3630757694586,1779.221898757289,1779.221898757289
205.37677341276867,2170.3660186961547,1897.4152476916643,1858.71327269849,1872.9718950643964,1822.0482437575884,1742.607347718968,1704.9238457519302
206.3936830342464,2165.442054145991,1889.4143981377294,1943.3976666559504,1949.5089800731073,1815.0600848956517,1691.8152643163173,1760.058264141238
207.41048139536358,2214.680238247667,1888.2418797772605,1892.3223592581405,1867.83948237286,1803.5719305489986,1747.4653376868973,1750.5256972975574
208.42716851437217,2160.936452836938,1875.1843854265005,1937.2159730138196,1951.4527308207453,1849.761603628419,1757.2226778834017,1723.664605909934
209.44374440953467,2212.498180848731,1841.6998746138975,1898.0366338484716,1900.0852432751833,1758.73119283207,1765.9013258255613,1741.3180127050198
210.4602090990957,2213.076578821066,1917.1777604828735,1935.6714366290107,1903.8212165995524,1841.148202993199,1758.9540867881456,1742.5152635471347
211.4765626013032,2203.7851249290097,1935.7572043295356,1947.05340021687,1940.8918388237785,1842.3068565343167,1727.291043863278,1704.6986520886096
212.4928049344017,2215.43205766476,1865.8428250577806,1959.1349663106696,1919.1526200594315,1898.6488527511042,1757.172858323646,1725.392018995739
213.50893611663201,2186.9515639752753,1906.4156423791958,1940.2028154181396,1937.1312542327812,1894.1293976377617,1740.551338369835,1734.408215999118
214.5249561662204,2174.79855980762,1931.0098375498767,1934.0571965780985,1847.7153574451477,1885.2994521265498,1745.1209368283473,1738.010432429163
215.54086510140408,2222.392509781682,1918.3618440031655,1978.7585082487294,1931.6695835826965,1863.0835411343442,1768.9056918022784,1759.6926413241415
216.55666294040932,2249.919146160682,1930.2585024438636,1931.2830557891098,1943.5776959320644,1920.0129689914015,1728.4214934303598,1719.200513323144
217.57234970145507,2261.4288549837056,1950.147399101719,1980.0386647327707,1931.5941997445145,1909.9488004944426,1766.6768721249186,1785.2300714821233
218.58792540276409,2236.775795529237,1910.2995131332837,1971.2555278844268,1997.0843476942332,1880.338082153908,1764.6249694059752,1723.2988577102851
219.603390062548,2196.3566253154945,1857.6612924036551,1983.6394345233027,1967.1177109666276,1923.7481866303556,1775.0526746202797,1739.944012062345
220.6187436990222,2301.236732896109,1931.0288627644265,1937.1819021571969,1948.4624743772758,1897.1871461041897,1757.718253201395,1791.559969861632
221.63398633038742,2289.8722883957066,1915.2405603524826,1927.5572199045885,2017.879389953366,1867.0003104400673,1773.5989755032635,1796.179518015458
222.64911797484817,2269.3696333176504,1934.0402749376813,1937.1166910696077,1950.4478276412883,1855.0789275515724,1791.4996608250951,1703.309065043207
223.6641386506053,2325.0037660647113,1992.1242375013683,1991.0936507256304,1922.0443367511907,1901.4326012364327,1746.8445848757472,1777.7621881478842
224.67904837585232,2311.9081981625877,1954.2478572074306,1996.5074363980975,1924.3569353408611,1879.0051918191698,1800.6703620998846,1812.0082979803074
225.693847168779,2329.463740412208,1955.3065113106013,1973.859762340433,1946.0298857956855,1866.6632008347385,1760.497375497368,1730.6060266159725
226.70853504757184,2360.118486081877,1935.2351318200938,1984.8565454565064,2015.8699289792644,1925.9311167632663,1767.762860797201,1752.256169035822
227.7231120304168,2339.3491899412766,1958.7407899905133,2031.9743845609853,1962.8666263043426,1850.4375867524911,1811.2421417711118,1756.5748106128722
228.7375781354895,2300.805674877335,1936.5457424504225,1994.168782608352,1971.5311596891654,1921.1109995509769,1769.8505191364115,1789.401193475709
229.75193338096508,2327.427247962636,1931.59925685709,1987.407903122624,2026.6806541983701,1928.4987765090048,1736.2689949277215,1836.51785951581
230.766177785019,2330.5048651046604,1932.0837402976915,2014.8725454523862,1992.1056240348453,1883.4453172693081,1841.0160546275272,1787.2033312769754
231.7803113658119,2358.3466092965996,2041.8316696278453,2039.762944531971,1988.0448171351159,1938.3954148341347,1845.3027855197954,1759.4506940410156
232.7943341415121,2400.523765800956,1991.6376564903144,2020.6219882895498,2082.7312707164824,1930.563528770497,1850.8566163225998,1843.610533372791
233.8082461302729,2336.9718391594492,1996.4446231468773,2054.5834161246335,1971.527997584982,1988.1390812929124,1781.5387276755287,1857.3267970929608
234.8220473502515,2434.854917625001,2033.5279388490874,2096.6231597391147,2027.3218515484289,1939.4022814557675,1859.7574944306505,1798.730969307509
235.8357378196051,2441.795033792163,2030.0007865678915,2072.4218019854675,1992.7530657134348,1983.4411354998206,1767.197422761447,1817.895709480013
236.8493175564727,2403.579299576479,2036.2514699751082,2091.8136626879204,2032.1357519963813,1905.5774241505308,1789.3083912514971,1764.6140833791362
237.8627865789968,2453.187007966896,2011.9219235149892,1963.5781963139643,2052.036931192435,1941.9778075645704,1839.1188135198367,1778.4320070334438
238.8761449053236,2441.149711972095,2049.702725330105,2041.4833660305355,1992.1672102331195,1936.6865349610264,1864.7671410897947,1807.231625992809
239.8893925535849,2446.8300097764086,1987.5379218208873,2009.019288963573,1983.446232841328,1952.758565494634,1802.388995495833,1838.191274066976
240.90252954191243,2428.364761168398,2032.0015546849863,2125.2032388968482,2002.2999190570304,1925.4853441571443,1826.1384939532916,1800.5336356533296
241.91555588843042,2487.574246290465,2003.4500658529832,2050.832432448992,2041.561969419338,1941.646978988624,1876.7537377810465,1801.5599820960758
242.928471611267,2507.325924962891,2031.3033270975957,2086.702508745712,2020.0183086137201,1911.2717668600105,1857.924406754417,1794.3179389362094
243.94127672853938,2523.6195373476185,2036.2646712282603,2039.3297961724074,2026.047588081104,1962.7016725687347,1816.597383564399,1822.7276334526928
244.953971258361,2546.7048438497245,2114.381158663945,2088.7087308025566,2071.2514798568122,2019.9066241340356,1869.9796454235277,1882.302410796994
245.96655521884534,2500.755731266761,2064.778764675244,2070.8905913097046,2042.3687336822222,1966.9895385238758,1848.827556924306,1831.5107147933345
246.97902862810218,2473.241011984027,2012.7972065614688,2033.0364947119108,2061.37149812253,1986.486131965894,1867.0743318782854,1820.5239691322686
247.9913915042271,2566.926128036337,2008.5919800457084,2089.2178497916475,2007.5841566738843,1971.3025152882117,1809.0429524245092,1807.0273056808608
249.003643865326,2571.2768882498663,2008.1211551257725,2088.285672296462,2018.1417197721087,1918.9381297733803,1828.7530479563545,1791.6769587649108
250.015785729498,2548.762520013744,2027.811059469546,2075.806587504328,2044.8094756485314,1941.8190717405614,1814.8309038152001,1839.8285746666493
251.0278171148275,2548.8632867308224,2058.774522379112,2025.6332739700824,2041.7017580471877,1913.1538854303456,1832.8114650448192,1832.8114650448192
252.0397380394061,2624.305783622288,2066.477476494609,2138.844392013875,2062.4570922990943,2004.1615214641295,1843.3461536435373,1797.1117353951172
253.05154852131818,2539.2168237047235,2080.8452777954017,2073.7778751051696,2065.7008434591908,1968.7764637074397,1845.6017311062562,1845.6017311062562
254.0632485786409,2612.2863016962183,2084.756640771157,2184.1756922531877,2048.235356553268,1982.2941489376353,1906.2081401503667,1866.6434155809873
255.07483822945142,2615.3270259345545,2116.1569818827793,2042.2433648122326,2079.706430998674,1965.292201834677,1888.3410388571212,1859.990610391706
256.0863174918195,2711.8230550039016,2112.569882714872,2175.329505488385,2066.006291624846,2079.1655673676796,1872.6661634032168,1858.4946356801654
257.0976863838187,2651.517724151795,2110.51524979117,2076.197928656354,2090.3285903001015,2023.712613979577,1822.8553520434493,1895.5273262112946
258.1089449235078,2665.3757913991553,2158.934214078044,2157.925366314456,2097.394500499184,1959.1823568876455,1887.5541656729067,1821.979061039695
259.1200931289495,2670.8692059910018,2127.812655415356,2061.1923350845145,2111.6622747290917,2028.8915737119855,1914.829510115242,1845.1809934057262
260.1311310181991,2754.8350866565434,2179.349125192433,2168.2041505866137,2130.716508730677,2006.0954290474276,1890.5929649507577,1926.0542477874546
261.1420586093082,2719.858134093974,2142.5202178978184,2144.542417254022,2157.686713069346,2035.343652019022,1904.9117935438837,1847.2791118920784
262.1528759203247,2731.913826906531,2199.4735211447924,2171.1844726413224,2138.8541314944996,2059.0386017882806,1925.6759445576363,1883.2423718024313
263.1635829692968,2817.6983340213646,2178.1848720509365,2165.0511042695534,2135.7526992187754,2073.114729799871,1918.5403859112841,1903.3860384712266
264.1741797742616,2828.5403750202668,2175.1817240738656,2121.9078648428513,2107.835524668621,2023.40148362324,1870.6160760173123,1942.9881111990674
265.184666353256,2794.406635034927,2165.4661103404565,2204.2773136048304,2163.475792224335,1993.3035932959258,1914.6860277091168,1849.0055298770994
266.1950427243137,2754.4649871384127,2138.269169632566,2163.1559150891835,2150.2148074517427,2059.627053989655,1904.3337623403627,1839.6282241531576
267.2053089054607,2762.1636479604913,2154.0716867386404,2198.638687153923,2131.2929976374962,2015.4187965577626,1882.7081730989223,1879.7370397379034
268.2154649147269,2816.046327356156,2184.863529845293,2200.7174148691142,2090.731087516358,2037.2242255609629,1885.6214500206772,1871.7493006248342
269.2255107701276,2805.2041916464777,2152.277287471245,2165.1770591342815,2144.338966447838,2063.9634660858414,1904.2047554897738,1905.1970456176996
270.2354464896816,2828.000876461974,2233.2071527959897,2256.045643020226,2182.565283168335,2078.3026104055166,1933.327846373407,1878.7140654024067
271.24527209140433,2800.565930039094,2276.141371812304,2175.023593099388,2233.513288629408,2028.3036788884906,1978.7361403037278,1887.5318693077645
272.25498759330003,2905.8758746828694,2222.0230959410346,2243.9542346178864,2168.192119188762,2046.5739865262199,1958.8494318188125,1931.933943442676
273.26459301337667,2911.1384055090707,2183.353804131803,2238.111879474826,2197.292223310027,2066.868443856645,1890.647001389099,1978.2599219379356
274.2740883696315,2910.9866543654307,2207.854585818673,2210.8381730968063,2127.297729309073,2121.330554752806,1961.2113708263169,1967.1785453825835
275.2834736800687,2977.4095364371447,2257.6946936273634,2270.6356244109415,2169.0990905705576,2122.312648506851,1914.262299755476,1948.107811035604
276.29274896267816,2943.79921739611,2218.3273424649333,2287.182307210808,2205.3546679475944,2032.718307063009,1962.8654442773386,1938.9158913222516
277.30191423544966,2928.614537964193,2277.3660091661345,2292.3948213691665,2194.2065816426903,2078.9856880861103,2001.8377854438788,1990.8166564949886
278.3109695163657,3002.592640889982,2322.3806351119565,2299.2373272230593,2262.006788445268,2191.570634000798,2000.3867862229504,1994.3494015562815
279.3199148234089,2989.1044700166426,2295.817916707583,2323.0649864882885,2309.9460269642454,2176.7381302585745,1966.8347778738812,1974.9079837348309
280.3287501745617,3090.662356453569,2334.490449866407,2283.7406574780066,2300.995586890063,2191.3760353311186,2003.601803494038,2023.901720449398
281.3374755877921,3105.7351062098915,2308.098326656636,2389.8813382310836,2218.2379806056992,2156.6483052224735,2037.5076216942655,2067.797625981098
282.3460910810718,3123.901424465532,2327.3967315694135,2340.421336610482,2263.275599059537,2147.0560463853867,2021.8194594520346,2020.8175667565677
283.35459667236864,3088.864614663476,2369.390028193858,2283.80937198862,2262.911769891992,2121.604174762413,1960.3941014455695,1981.2917035421974
284.3629923796398,3028.900558082092,2377.8655757420356,2349.0850658520026,2287.554320569863,2181.3641633893967,2043.4162021923419,1982.877888285721
285.3712782208495,3078.3754017267183,2364.621156695596,2307.0443191270215,2302.0807986469717,2141.262735093367,2009.2330903240497,1985.4081920198118
286.37945421394403,3086.737351853883,2340.6350823842126,2393.2894369539763,2321.7589930101462,2178.6981051224866,2042.5915659515879,1982.982862665063
287.3875203768803,3144.3160360710835,2355.7478598303305,2387.6092002845025,2296.0078464787584,2186.484488667543,2056.052126183277,1964.4507723775325
288.39547672760466,3152.9885032409597,2353.5552781997326,2382.390556217389,2328.6972799086498,2141.765132759706,2067.191137886457,2029.4069804840112
289.403323284052,3225.0581751708205,2364.2456131233726,2359.2640589448574,2359.2640589448574,2181.920730189712,2027.4925506557367,2017.5294422987063
290.4110600641689,3241.7754963142725,2374.5680432737067,2358.5642148438924,2360.564693397619,2255.539569326962,2069.4950638303703,2080.4976958758675
291.41868708588663,3276.6318401939875,2490.520594915173,2392.3818662052067,2312.2686182787033,2246.175188739338,2045.8920689230797,2113.9883296606076
292.426204367137,3227.503502425004,2473.883444262254,2426.656587284055,2364.357329142601,2257.845694255599,2102.0975489019643,2063.914132621718
293.4336119258442,3223.256682783735,2441.31290379847,2368.9479268229697,2388.0442401915043,2246.3294936144835,2070.4423967990315,2078.4829497963096
294.4409097799362,3280.7040774483658,2469.5190254118024,2401.587272285588,2397.591286807575,2286.702689792725,2095.894383217622,2096.8933795871253
295.4480979473265,3297.603637811001,2540.500761782965,2449.4504812671753,2349.493108092232,2299.019583023696,2128.795145537654,2073.3732356584774
296.455176445932,3337.0024781338584,2469.95394775264,2387.0960677162097,2344.6807243642274,2228.285130979718,2136.5496209393846,2043.8277075652836
297.4621452936626,3314.0239671813847,2481.0874620609297,2369.8323496748644,2426.9367436429334,2293.0367853729786,2051.8199487837214,2083.3258213178283
298.469004508428,3296.3553976208527,2499.7279298679896,2444.3103668938775,2341.3920356562408,2299.8288634256564,2064.3042207856797,2124.669780453909
299.4757541081308,3387.5365456590434,2520.2635369054656,2524.241853459381,2449.6484180734656,2341.2392919792683,2089.6107699441136,2085.632453390198
300.48239411066965,3422.2389628036217,2510.5728561284513,2504.588177091196,2454.7158517807384,2344.9967360977307,2121.5687187068793,2109.5993606323696
301.48892453394,3409.631423754406,2592.281470233961,2479.0945281410563,2471.0812933026205,2312.8199052435148,2159.566788958431,2158.5651346036266
302.49534539583334,3429.3606405555765,2509.1171246157874,2485.0584706042896,2478.0413631842694,2308.6283411866393,2154.2519779461954,2132.198211768989
303.50165671424116,3387.115776083774,2566.268813858525,2515.402234182355,2468.5251901670617,2325.8992902907426,2234.139970090593,2217.18444353187
304.5078585070405,3298.548095989829,2545.6726196994678,2492.037691309389,2490.051212480127,2280.477695992968,2145.397135603141,2167.248402725025
305.5139507921194,3407.2286665642932,2523.8362414813464,2456.1890737948147,2475.0904882954633,2354.7183222650165,2182.615969180163,2181.6211578906555
306.5199335873476,3402.7421677090647,2572.6117640583525,2532.987401115598,2447.795020788675,2282.363305502674,2171.415089262961,2156.5559531594276
307.5258069105985,3482.357374356276,2543.350417204968,2539.384178737592,2486.8315190448575,2324.215741882435,2184.4058359074247,2176.4733589726725
308.5315707797417,3480.48344444997,2575.4189657308525,2533.7840170931713,2433.661878702557,2293.887408276056,2159.06947935404,2207.643586098002
309.5372252126399,3558.584329345441,2621.4340810246676,2583.629718565868,2483.149702556953,2388.6387964099536,2155.843511795239,2196.632429184997
310.54277022715536,3461.6506725483246,2565.21518149265,2518.5568558230857,2490.760406488026,2263.4251601405736,2158.1957448007047,2207.8322614704543
311.5482058411435,3460.371948370598,2604.2488194390476,2591.2923576507937,2522.5234450823687,2323.1932637246155,2164.7257695452013,2210.571711257485
312.55353207245935,3508.455472445957,2579.80497027594,2595.6623961401024,2429.159424566396,2307.2554632356464,2215.0841754002017,2160.574273992143
313.5587489389509,3571.580470371505,2626.162110567283,2592.4679551864197,2448.772292532738,2427.961196562205,2208.949186586594,2176.246035775756
314.5638564584588,3511.000696263036,2652.251580224565,2596.9757750542726,2534.7904942376936,2361.0665351310604,2169.575352933976,2186.3555080749575
315.5688546488309,3541.8665169412798,2698.564965288594,2554.707641771371,2535.8573717932522,2323.543804671282,2242.190007923611,2256.0796805390673
316.5737435279007,3625.41394410241,2607.9622557220446,2580.249563820634,2503.0499220952756,2428.819497359354,2175.4463142607415,2159.6104903170785
317.5785231135014,3647.311863689642,2715.6830733172333,2625.589322069742,2606.778538842244,2436.4914485722607,2249.373657519779,2176.110607054786
318.5831934234629,3551.291902835166,2672.131822066382,2585.0078500983045,2501.8440586742304,2423.6304929301605,2154.3382159379207,2205.8205630099665
319.5877544756113,3707.296883206856,2679.30610080709,2620.9312633079694,2522.980264792496,2419.09284212457,2271.671642338655,2262.7670061099757
320.5922062877653,3653.72886427744,2670.7910127705304,2610.6513849451326,2536.709219586037,2353.33264949548,2207.420109853532,2193.617572319834
321.5965488777474,3572.355473591431,2694.1184156436484,2680.2567258902445,2564.4126043796578,2424.8055861489506,2218.8604812412404,2200.0481880044786
322.6007822633728,3670.3997920862143,2722.7186753541196,2653.1093593297264,2537.7567784893035,2456.2144368607287,2263.297189593125,2296.113010004625
323.60490646244216,3639.673196922406,2779.6955288241097,2612.89382084221,2576.9365664269503,2445.0933002376646,2241.3355252178594,2233.3450242366903
324.6089214927742,3688.505796050863,2774.700422459919,2712.1662798963002,2644.5890613194865,2472.115861668216,2298.6340468143057,2292.582355598472
325.6128273721588,3705.561384571538,2839.116906395485,2749.4499778400564,2562.056172095003,2448.2093976369865,2313.2052580142063,2322.2727002276765
326.6166241184037,3775.768693793951,2766.9524977696215,2700.5697769943417,2631.1696598201856,2425.986704696593,2232.873335168506,2281.151677550528
327.62031174930235,3808.0916481268086,2847.227982069872,2821.9686848549154,2673.4440172309723,2473.390383288519,2326.8864594417723,2346.083525325139
328.6238902826408,3759.788879020118,2925.733492156945,2779.8492568189954,2642.013806879002,2472.9893135219295,2369.361201523248,2298.9343292911344
329.6273597362088,3751.9341188649273,2821.950448677192,2726.952116776294,2615.9540658184033,2507.955962183699,2316.959315940841,2299.959614442786
330.6307201277887,3813.141445812726,2794.4320824296783,2687.1467459316605,2697.173412894092,2588.885409699831,2301.120067878045,2309.1414014479906
331.6339714751593,3717.154523461028,2828.7905261784513,2751.932067986588,2688.0497131258185,2506.384266490505,2343.6838939544828,2243.86771448453
332.637113796096,3793.9616684109897,2797.537590532953,2736.937521988027,2699.1866596157784,2466.7208229024577,2330.6190296130353,2279.953398534491
333.64014710837364,3765.889793689281,2870.9954558731174,2688.647107968163,2690.6291552279995,2424.043798779995,2272.4171834025055,2257.551828953732
334.6430714297567,3752.8283946825386,2858.3050127754045,2741.1532269096533,2683.5701457214027,2494.9359142426506,2283.4670126375236,2293.3951300837734
335.64588677800566,3808.4637440012984,2858.3293187938984,2781.050397869835,2763.2168007335126,2503.638886860375,2313.4138507396024,2254.9592823483235
336.64859317088485,3808.9767596313204,2835.604729435794,2718.2830751323495,2685.4727819796913,2481.651263910148,2338.479075607639,2380.237630529204
337.6511906261512,3821.5477658694945,2899.6179546480603,2792.555137861055,2708.292735760171,2557.611734356238,2362.3212259577185,2336.5468441386247
338.6536791615508,3791.6930900476877,2922.266608446082,2743.4131608023235,2759.311245037324,2574.49601580544,2320.1266680454273,2318.1394075160524
339.6560587948407,3873.7995734431356,2899.396094672347,2767.42495141724,2719.7962681372014,2532.2583277220497,2414.1788837569543,2316.9369887268754
340.6583295437558,3986.999414566068,2962.3684461373755,2838.894937794171,2727.3704786454696,2561.07954402196,2392.797101199366,2468.4744127645563
341.66049142604237,3859.8831992411033,2844.22907214934,2817.3967224120825,2642.489553754401,2583.8559006248374,2344.352334451535,2374.166056381822
342.6625444594392,3872.7543350209103,2998.5815015201615,2854.7051554842833,2800.1313690568813,2556.037706127047,2367.510080286931,2392.316346844841
343.66448866167053,3925.34766852998,2944.0107513974854,2786.242733375173,2805.0955154029966,2516.350274871595,2384.380800676831,2359.5745085349577
344.6663240504748,3912.9533330245386,2852.6181527913977,2837.78137321724,2746.782458495739,2554.893442669965,2435.210087438426,2338.276460887262
345.66805064356964,3958.1667888872294,2961.4848306006215,2789.1337014502697,2729.0570221464327,2536.0237574980383,2437.5373979835513,2394.203399797177
346.66966845868234,3921.4421761855297,3008.675690787539,2887.3024175940764,2729.4184849846943,2560.680032008417,2348.52349756456,2375.1664111923933
347.6711775135264,4068.52066193273,2943.3328083036736,2880.8774472652326,2775.7938239307127,2649.8917469167122,2414.94062681972,2376.2777842721134
348.6725778258151,4031.16638760967,2906.6988442872985,2928.5911327413623,2779.325529645472,2635.035446652779,2409.146833967665,2421.0880822153363
349.67386941326185,4056.92125785294,3063.205715413875,2889.080333355066,2766.992421796591,2649.90811317084,2432.7517458906013,2421.7438194386077
350.675052293569,4079.4326775117556,3074.803724371774,2916.020420644878,2809.16624769659,2660.369315273272,2402.7209356409508,2408.712758423098
351.676126484439,4033.848803874972,3009.125118643523,2940.076354697263,2844.008509206815,2648.8706980543416,2388.6869498510437,2443.7258196632797
352.67709200357064,4015.2365575157355,3043.695391966825,2998.6703122040017,2825.5738944491495,2669.4869512713635,2426.3515205521203,2473.3777149710686
353.6779488686625,4089.0620203384156,3096.716481256288,3031.889888250923,2825.442122833837,2587.0797270141097,2409.554595399418,2514.2744764080844
354.67869709739534,4047.4717453499657,3114.1279415966214,2902.4109765279713,2811.9591276019287,2631.0554297498425,2476.989093667022,2431.2661810230884
355.6793367074679,3979.05619915052,3091.726666739954,2870.8890476871,2888.7948005832777,2692.8262827751146,2376.491314942648,2433.192865780543
356.67986771655336,4155.386474719273,3083.9593180822944,2966.5698988778718,2877.0355960948373,2631.313676234732,2452.245070668663,2439.312338044447
357.6802901423325,4140.2918791341535,3068.0217494398507,3037.272097246952,2914.2734884753577,2620.6639062463905,2521.471479817685,2470.8833423390456
358.68060400248584,4097.93132522111,3098.7750205258994,3000.44850545152,2849.4825429130788,2695.5369890087472,2506.829535835696,2419.428189102914
359.68080931467557,4096.474371963229,3075.580177545655,3058.7140927010496,2874.1792820483106,2634.0856036721657,2444.590179829837,2467.40900050195
360.68090609657884,4135.028155330306,3153.2449488566444,3011.0007760848775,2895.6138946756123,2721.5388580668073,2530.5536750445754,2535.5272475191123
361.68089436585433,4257.344109720165,3139.2337125689783,3011.364704384135,2889.4430919288197,2698.135195962349,2600.0031664251437,2520.704556698109
362.6807741401643,4207.336350517975,3292.4377416906136,3117.8387705403534,2951.221466642677,2728.7324919769176,2607.012066375022,2536.1747695083454
363.6805454371606,4282.397838634823,3214.540310071867,3110.8454613598715,2941.344266349878,2709.027922600888,2574.4240324458933,2536.535530031895
364.680208274498,4302.503288423364,3160.3516163054173,3076.633692694678,2941.0903878010995,2726.812369035516,2486.6216596285135,2560.373163761784
365.67976266982436,4318.133874373608,3122.4949755195885,3028.622499989727,2926.844973888931,2687.717194118127,2571.1176981968256,2465.387646810561
366.67920864078417,4228.739984216512,3294.942592743865,3034.3479718677777,2980.057425851926,2736.24351919892,2588.178393701143,2490.45541087261
367.6785462050175,4226.29740757036,3219.380575240893,3157.431590439373,2950.9349744343067,2704.1223524472985,2540.891694081389,2542.8583285195323
368.67777538016156,4261.298070375697,3221.5256168569035,3072.1443191869066,2976.815464752764,2771.4161804565183,2495.257334106064,2525.7232566571815
369.6768961838534,4222.804948131304,3228.510251177167,3125.3472638449693,3024.1492857952894,2725.467874852545,2580.0571879462086,2557.459581197251
370.6759086337152,4267.610519651157,3189.8312178856886,3105.784208114987,3039.535388648669,2802.2261845902176,2614.356398043943,2593.5918426888284
371.6748127473766,4309.329364223418,3318.4511475705285,3143.065703222967,3039.023490474414,2835.893456060571,2589.1647801140016,2590.1556583306547
372.67360854246004,4391.460655407201,3284.4363007859492,3155.712538620687,3062.6353567473443,2872.5202618571116,2629.925479314887,2603.190544095948
373.6722960365805,4343.112589122724,3303.295920083783,3120.4384260037414,3030.492307294099,2824.901178814917,2560.993336007505,2573.842781537454
374.6708752473533,4440.9835548789815,3323.312927714833,3155.0188563083625,3077.80157648657,2805.561166858456,2673.8958051110408,2619.447723185418
375.66934619238236,4446.675766101752,3285.046940775193,3278.155922319866,3076.347524699574,2831.224153931512,2614.649288192662,2588.0696455792577
376.66770888928664,4313.6059761326915,3299.561094972385,3256.4935517570825,3087.1598022969156,2820.924080602318,2604.6075567254575,2583.073785117806
377.6659633556592,4334.970462258947,3383.462987990042,3183.402442118119,3096.5468880566495,2877.944145250255,2629.088344287619,2596.883475927748
378.6641096091007,4360.199864217886,3329.962270320939,3277.2297299698157,3106.337238091175,2974.505887213367,2638.5800746062105,2656.1575880565847
379.6621476672081,4459.782857170454,3340.445671793099,3256.5197799513794,3146.245061601213,2897.395033465881,2636.83441577124,2555.8361713193476
380.6600775475708,4387.652664276378,3343.855240144881,3317.5410193684565,3099.2304470010845,2877.996072325221,2726.9329530531554,2609.980860713492
381.6578992677751,4527.828180281777,3440.367070892288,3211.5308302473773,3168.5017935449155,2947.4890141186343,2614.991912326884,2673.6678714666045
382.65561284540314,4403.43786488665,3454.674042376643,3324.5858069190854,3123.0957580148984,2917.6932809766495,2646.757632692864,2635.998455324194
383.6532182980408,4468.384117475002,3466.917326233894,3311.111827400884,3115.130067862507,2938.7464842779673,2681.0304704850014,2685.9300144734607
384.6507156432563,4436.718110226608,3379.328111396323,3306.6755023773435,3182.969708642324,2936.539913186055,2739.199718418286,2712.691334046496
385.64810489862435,4610.099777295406,3516.0434243001077,3350.5475810481016,3176.132800135808,3021.5378806908197,2708.384069507383,2743.068827075169
386.64538608171637,4554.4369804541175,3502.116066634035,3369.2122000441286,3191.676437957611,3006.2061166716967,2742.3820232917324,2737.422923792109
387.64255921009317,4591.953116116124,3556.054621421818,3459.6226118389504,3278.688325817488,2988.3981526401967,2778.6336781867435,2787.5809780449476
388.63962430131517,4568.209629330652,3503.973901277632,3369.585731347074,3289.545718373727,3052.3901243786254,2784.6019328258226,2671.953025678149
389.636581372939,4568.391233919132,3569.819739628523,3385.9495722175197,3201.1013720011388,3016.253171784758,2757.074478359673,2724.7993957822096
390.63343044251815,4583.0663209069,3468.266405010627,3382.4375400947283,3160.0627537217183,2965.972479650539,2797.2407338499656,2728.96777312141
391.63017152760216,4458.050732674015,3570.132151356942,3355.4384900100345,3187.3751261502384,2998.9110071398313,2809.4754235984424,2717.186293155202
392.62680464574083,4499.489315158782,3525.422981814746,3406.32739632636,3230.104660075252,3062.5962349574406,2748.881034158765,2732.4206686847606
393.6233298144653,4573.821989009208,3574.785090964106,3377.6961791048684,3290.3168585761423,3000.994219492138,2797.1091382584436,2756.332122011705
394.61974705132167,4539.8879913815845,3574.1619253163135,3493.197012706801,3294.1989142448665,3050.3286955415156,2799.6301107144704,2798.654629839657
395.61605637384133,4603.975371266712,3627.8743757989955,3412.472366858804,3294.0982898736534,2989.4305835348237,2772.088015955531,2840.00756832406
396.61225779955566,4646.2735467280045,3665.404355719023,3469.424556921976,3393.749189069651,3041.567669449216,2764.0913206573573,2765.061517681105
397.60835134598534,4683.688082122664,3633.677809816337,3524.6869381774964,3367.039427414174,2980.7057127657845,2847.3865215647033,2772.4552973130003
398.6043370306616,4697.749026139604,3678.370749330469,3560.9759381816243,3364.3396295073094,3122.7019765592704,2869.324842496347,2888.890644354488
399.6002148710977,4763.859827116689,3753.016016693375,3520.728636693471,3472.4994772867108,3163.439149659719,2871.1113875411947,2848.4732106767974
400.59598488480697,4667.3559157565305,3755.446156416094,3643.682812809294,3506.2040096115493,3197.6184945202085,2889.0329794288673,2884.0876987383012
401.5916470893062,4824.493817509442,3803.9658885286794,3556.505187999882,3483.2568206433575,3225.897692093408,2993.284633596338,2962.599506730767
402.5872015020977,4823.573127116589,3787.420025759231,3549.291772645764,3437.115653410495,3219.6514222614196,2880.171061417841,2936.259121035476
403.5826481406912,4794.365066174747,3716.318955628504,3569.3126678267436,3475.2286436336167,3214.5374932651616,2889.163576263932,2895.043827776002
404.5779870225779,4738.391288658809,3745.093464519058,3609.599453179092,3497.50009127912,3144.630795559209,2904.8356387992694,2899.961753499271
405.5732181652602,4756.0169761381585,3663.9450731781267,3609.390187749258,3403.835173008342,3170.0285211703335,2948.8863963068834,2843.67340297978
406.56834158622945,4731.263970872706,3757.7808804629262,3570.086338555746,3455.3300901358116,3215.1199769178143,2936.0094405066184,2865.988678758862
407.56335730296996,4650.842489474255,3793.136992772967,3628.0068291951425,3559.040702053816,3210.3246507335866,2938.345557781876,2952.9158663328603
408.55826533296926,4792.110124037408,3836.3938682049825,3643.124655700953,3466.2833262597665,3257.5525767554145,2988.908371374814,2897.1054954354
409.5530656937117,4770.281436080855,3851.3959498112795,3725.7859464305807,3565.3916344213803,3313.205396864746,2957.6324642178442,2966.3285413749695
410.5477584026703,4712.332412660712,3817.0275970738317,3636.816349396815,3407.718007935076,3248.5953105181356,2894.882808428672,2940.8941908142933
411.54234347731835,4717.582050935005,3853.812954439981,3668.3764298309266,3478.135850180187,3229.2857990208863,2936.2384414780804,3020.7898102117424
412.5368209351254,4842.615041949492,3807.670200448324,3707.265103884778,3534.452485760982,3271.8545409024773,2999.602259835939,2988.982490007102
413.5311907935575,4872.0146126972995,3853.214899616348,3750.462502293245,3564.344952424984,3305.525234639433,2973.033986697695,2969.1565377421066
414.5254530700768,4896.0050434579525,3930.390570070309,3741.149542622479,3565.4950504785966,3348.1104856154484,2979.3330987940367,3003.594768979656
415.51960778214203,4863.938959098746,3929.992413380949,3788.4853609994643,3591.3513983714656,3344.4459897334273,3091.6851168589137,3034.1063852002408
416.5136549472045,4911.95328570267,3959.86522594657,3790.7571824785973,3681.2768306380603,3289.29807092328,3071.314870383639,3092.8199394951735
417.5075945827193,4901.280495575024,4006.0783131423436,3786.646975582923,3618.675199486552,3321.569052171584,3094.370233636609,3030.2885155882827
418.5014267061306,4921.743900437026,3932.1664331447496,3847.9264726218257,3621.3500270774102,3329.8991291762604,3101.386132815226,3052.9723623997525
419.49515133488603,4848.929261106675,3980.8394531972262,3839.702357479209,3662.7976416134748,3377.623372868166,3111.782952851353,3044.1144823016184
420.48876848641515,4932.857729064321,3994.7839227733975,3830.5485498903313,3602.551208711487,3374.5538675326425,3065.4049303409893,3030.625674906928
421.4822781781622,4854.350235935562,3952.7866804844152,3815.7181313687165,3753.9407571193874,3359.1447248072686,3098.5214271929117,3169.951516168698
422.4756804275567,5021.509230023594,4070.289696095513,3898.837702709291,3722.5424326737407,3429.039867724445,3145.2238560738056,3158.785030691925
423.4689752520244,4911.546275019806,4095.066255486658,3912.8684468318866,3785.2325487903086,3425.7085306426575,3209.4095278546397,3193.8204105365844
424.46216266899137,4942.443638197024,4154.503690345384,3946.534410429152,3813.746513393436,3520.8320346381797,3152.7361730024077,3196.673344815696
425.4552426958799,4970.890724618312,4118.209018278178,4002.2443062159196,3754.722988032612,3468.221934702327,3171.975947585298,3207.0577092175777
426.4482153501012,4958.6317175123295,4149.990327401176,4016.996485330074,3826.727922950979,3496.670212701529,3182.1446299932295,3196.705999563058
427.4410806490741,5022.327147968541,4177.167912572596,4022.5300317579176,3823.1541476886787,3513.878386059322,3204.602624429966,3202.6574938536805
428.4338386102027,5002.597035897288,4091.974870232305,4066.733744105131,3920.141050058849,3509.487344220589,3298.8210223130186,3225.039269018201
429.42648925089446,4948.799485866597,4178.36248395973,3940.2626064859996,3870.574837469298,3558.915648255716,3179.5044613870077,3216.2841172569333
430.4190325885539,4936.638674966871,4096.421609557315,4004.356302505518,3902.599910500901,3582.794107057817,3197.088925935553,3237.7914827373997
431.4114686405737,4941.732460152055,4252.165777560477,4035.2780903701782,3872.855472608833,3592.7494012599273,3275.6848899413735,3286.383385722061
432.4037974243511,4941.238567735175,4129.888560165476,4104.533872428922,3909.4978129169754,3590.613855614942,3261.978095337312,3343.8932403323292
433.3960189572754,5012.299045523417,4228.944406840018,4085.5407556738164,3991.8893916469096,3670.938362846364,3230.9720589282906,3310.9659323679402
434.3881332567325,4975.425245092673,4231.802199611762,4188.75033908392,3991.1031612060992,3632.9899577245023,3294.4457817555617,3298.3595872580927
435.3801403401085,5032.921473616549,4296.5874370096135,4180.066492386974,4035.149687310077,3626.836797329902,3314.482332333077,3372.2532208434613
436.37204022477823,5062.20983831589,4260.954488520535,4161.042452237984,3913.2214210665597,3732.008414083503,3343.1350963955365,3448.924311282943
437.36383292812036,5012.9463302955355,4404.725737236151,4120.109690484003,4044.08211635158,3704.882170222308,3425.139685914546,3334.491424448965
438.35551846750604,5068.347479342076,4276.326967116227,4174.162159028126,4021.4014459821083,3745.069965058102,3363.6546815291913,3296.517807642725
439.3470968602996,5022.5469304691605,4286.282789035165,4139.419003887829,4016.870414956939,3740.6497859381084,3346.7436072316773,3375.9218426914126
440.3385681238688,5057.456694793557,4334.823752845393,4226.7209812062465,4095.244637320799,3699.8417068208596,3364.820504623867,3487.5317589169517
441.32993227557023,4945.657268017235,4382.1049663571175,4292.71391161103,4048.8317948581175,3751.5093736374347,3441.5556077243705,3529.00337867163
442.3211893327643,4984.378079742682,4297.813939575791,4241.569984590368,4128.112351257703,3779.0119410033526,3379.4859159344837,3507.4893996944124
443.3123393128044,4910.719924163669,4408.498222146535,4246.585047944101,4020.682236032919,3787.9926443647487,3471.9226156821514,3452.5318163764705
444.3033822330326,4973.786999333267,4326.665050920497,4241.922891009301,4100.364964794007,3730.580994272425,3445.5391836620383,3383.9085219084413
445.2943181108022,4967.6918465438985,4319.606806648821,4237.996097921293,4152.544885253646,3808.8197826129967,3448.7725382268422,3468.935183912467
446.2851469634516,4914.175606063599,4331.918219204219,4241.749859459933,4118.008174278944,3788.0303471296415,3463.807947198059,3464.767185067679
447.2758688083195,4908.091425063035,4454.725851184884,4332.480781370606,4099.541357000091,3843.5005021134925,3476.7652926706573,3542.2193457995622
448.26648366273736,4947.951873428509,4369.519841541613,4282.899404154224,4130.8324140741415,3819.961288783846,3463.8550461912478,3594.748151576635
449.25699154403634,4967.739258007729,4473.6778263415945,4423.302935269753,4331.27188427312,3892.429083204964,3459.3987695681753,3580.49225772164
450.24739246954414,4952.736303710159,4421.326829063146,4449.346601362716,4179.777067859958,3855.134188802874,3523.7279164321008,3664.7929769747625
451.23768645658487,4966.660749015618,4473.867314074302,4419.650354630857,4288.948755972551,3945.25195950071,3551.21084354567,3630.599962730715
452.22787352247184,5008.669775168789,4499.591863594256,4505.387817046718,4259.059795317105,3930.622433010955,3576.1032801687284,3594.4571327681897
453.2179536845288,4916.678190143841,4551.190607867662,4497.044299382302,4298.830134391252,3944.9453325047925,3565.9211731072733,3658.7434162250333
454.20792696006174,4803.007069364842,4533.381521607741,4439.640739771043,4319.80716299011,3887.826446691098,3629.797696686991,3646.226493503732
455.19779336637663,4860.219490388287,4565.483288360724,4501.070740897747,4437.634141123603,4012.1209487924198,3589.535599527735,3783.7491896055
456.18755292078635,4839.704053586047,4497.699599628185,4511.340802919951,4453.852874761792,4043.6424043450966,3645.124393892773,3717.2278970063962
457.1772056405825,4832.7242737601055,4499.934788536312,4478.589690358693,4518.3691915078925,4010.937993921758,3610.232287223721,3733.4517176127056
458.16675154306364,4742.731363918696,4489.258828110807,4523.954688525576,4309.996882634507,4062.30699022908,3644.029117451044,3738.4789596912456
459.15619064552453,4774.011448539012,4513.750514611417,4659.7271269988505,4428.2773665687755,4011.4757233046575,3683.9887178828503,3693.592442382024
460.1455229652565,4711.612905238402,4427.67748647985,5137.5160333762315,4384.801332640471,4067.517794229068,3611.124956694347,3678.7739994187
461.13474851954015,4672.834775964676,4461.649400609217,4498.917408024887,4386.157795844144,4059.346038506737,3613.085539452442,3660.865036139197
462.12386732565943,4560.21746229199,4519.861555546044,4560.21746229199,4480.466503722619,4056.7294828901777,3722.3519698523323,3754.0601822955764
463.112879400891,4704.621011411033,4519.559090863826,4553.29433679691,4419.317217234088,4141.724336413278,3771.6004953188635,3840.998715524066
464.10178476251167,4577.331415068738,4600.502888167589,4548.367073695175,4607.261234488087,4139.969860327938,3694.8844812208526,3722.8833445486302
465.090583427791,4581.251635678546,4528.160856082609,4580.286348776802,4487.618806209347,4074.4760122627777,3756.8966215888963,3785.855228641226
466.0792754139948,4548.153596732302,4512.523344121864,4582.820869542456,4496.152687517068,4105.182888602541,3779.695716107195,3821.103847519325
467.06786073838515,4480.399736589485,4559.944801431608,4544.610813028306,4459.315502534945,4027.0887044169012,3739.5764218550094,3812.4128667706887
468.05633941822816,4493.394163219976,4508.720171877302,4627.496738971585,4469.447274692903,4151.432595053374,3740.503987928801,3784.5662628186155
469.04471147077135,4454.093647309967,4549.55214810958,4575.325943325476,4513.277917805727,4205.901545230971,3823.1129570245216,3891.8430776002433
470.0329769132695,4388.861776188559,4553.885268316492,4566.28587755154,4558.6547334068955,4212.39156784366,3769.7852074542893,3815.5720723221552
471.0211357629705,4418.261348251802,4459.197620170532,4583.910448574105,4514.4139869446335,4210.723969687076,3843.249528742194,3818.4973643262174
472.0091880371183,4409.472989533772,4491.7857043373115,4759.780589744182,4500.399825653961,4236.233438610045,3840.9409826349092,3938.5676908902697
472.99713375295687,4334.827300348011,4562.121615722064,4556.3915069311215,4561.166597590241,4277.526212438586,3830.57772674507,3858.273252567959
473.98497292771935,4386.562141697314,4545.37769579148,4580.776343390782,4730.024695431083,4230.616748219307,3883.32731366399,3904.375158182494
474.9727055786425,4363.957606302051,4546.02874051316,4696.476993519182,4577.651621718248,4368.748951939186,3894.405733862876,3962.442841910185
475.9603317229521,4425.328707122107,4535.31634518544,4648.1732259808605,4617.567970171933,4384.202894628861,3949.990827839702,3937.557442667325
476.94785137787767,4427.103360116508,4532.011022678511,4749.455995988843,4624.520506937731,4282.1400445762865,3971.2318809834424,3985.5374713328065
477.93526456064143,4470.817791262407,4630.1491124619,4727.465248763386,4649.230707815132,4403.078127758431,3931.7627225335846,3935.5790416042314
478.9225712884581,4440.218762447588,4658.481279088525,4756.224927845119,4664.175083870463,4330.138536663463,3940.112909100745,4016.9792736569016
479.9097715785465,4509.84045394445,4575.365615309404,4792.833179839469,4682.674937544763,4378.790131214541,4017.9269236974033,4028.3729639150047
480.89686544811053,4536.729773059753,4621.164936130082,4788.1378428759035,4729.317841635899,4314.731703863604,4068.0671825345503,4012.0933103868033
481.8838529143686,4517.158679875803,4722.137387383886,4722.137387383886,4720.230608709392,4509.531565177827,4111.968211545871,4103.387707510649
482.870733994514,4591.682869689859,4684.924668535612,4837.15617685521,4787.680936651341,4498.4410708441055,3973.242367141494,4071.2414006222352
483.8575087057543,4626.450521259234,4753.958618718868,4837.695279737134,4805.342478889168,4531.295224647568,4105.951048793418,4163.044226760418
484.84417706528257,4607.483594992132,4728.932915453209,4920.595124305847,4856.0751728109,4449.03018470307,4121.686313147821,4171.025099585134
485.8307390902883,4681.830747554145,4655.288682170158,4947.2514013940245,4807.905558128088,4543.43283519478,4088.4260000407025,4209.7611560817895
486.8171947979645,4591.114246196525,4700.7189493368405,4815.047993129757,4839.614564523276,4495.682565014008,4102.617422717701,4211.277257727497
487.80354420549696,4654.540217596038,4749.665381897374,4896.59137824399,4856.09254591768,4592.3792191417,4120.520730874679,4220.355061725586
488.7897873300608,4690.11964383153,4763.816124939278,5000.0227951564175,4971.67799473036,4652.326576596787,4114.720195182577,4238.492490376359
489.77592418884166,4486.560067267286,4796.921350305751,4960.120444426281,4861.068971116133,4615.798656252909,4173.3687421342465,4229.969584025759
490.7619547990071,4512.029898275374,4904.95525680218,5050.413202026046,4923.845899039045,4627.262815920254,4258.895292301373,4277.7859345382385
491.74787917773216,4323.015407755101,4797.824566931155,4911.365887603689,4875.708282764381,4623.28997482296,4195.39871675126,4254.515272142745
492.73369734218073,4253.984699362654,4849.145783217523,5038.085809838116,5099.491318489809,4593.132047146619,4208.639092973712,4315.390208014347
493.71940930951683,4278.280655046281,4861.296629647957,4962.2395249268875,4951.862217935596,4703.750241689251,4299.978660573527,4320.733274556112
494.7050150968971,4096.580696277166,4813.8588420867245,5092.486573267341,4988.0011740746095,4693.371174549161,4263.192549043953,4330.025552131196
495.69051472147834,3941.7385162655814,4711.822611394611,4944.354116892007,5043.203542305881,4661.927187138084,4158.265829076922,4391.738757673498
496.6759082004173,3821.9765747780375,4662.2092388048195,4961.418630921859,4989.6459320649765,4674.44106930017,4236.917901581857,4291.490683791883
497.66119555085237,3628.614815311683,4727.400936842741,5027.83564298539,4879.02219041006,4660.94964669904,4304.358920716644,4327.757262316539
498.6463767899368,3661.3532613732523,4623.392511172857,4864.369332967321,4954.0351271234,4583.229707540446,4178.7996151489615,4241.378867320393
499.63145193480887,3350.4384847399783,4572.001082850017,4917.955070559044,4925.414994822311,4516.051650875512,4265.211697523145,4318.363657898925
500.6164210026,3295.66155171239,4416.837244622163,4845.412696057821,4870.513644406548,4656.6907510655465,4203.944016034818,4231.833958644514
501.6012840104486,3137.0534328465756,4394.290783155052,4814.299121912946,4915.584318648811,4585.710512765951,4204.729497520958,4338.5374638509065
502.58604097548965,3132.7036717300693,4396.956743411923,4694.86615647392,4922.0220839336935,4529.154045458184,4184.696286605249,4298.274250335136
503.5706919148361,3009.256753894274,4405.447638781812,4720.986778766395,4865.259836871442,4574.852132814834,4235.112350825532,4236.043144748791
504.5552368456192,2861.7237840756065,4314.025300554367,4740.021316620345,4839.762178150017,4577.825896936581,4190.98049941496,4367.158282864566
505.5396757849594,2736.624708438196,4227.058246400987,4706.291376546688,4827.487399807474,4583.245032320089,4228.9085673668,4199.303431913783
506.52400874996596,2728.010764532569,4067.9563503681047,4728.6753754278925,4749.033664715449,4539.898511125096,4209.5389985952015,4291.897532531226
507.5082357577485,2598.7151635364226,4170.052641523677,4637.87640905053,4698.418308377535,4587.424826278027,4163.631530988995,4254.444379979502
508.4923568254235,2437.054086268982,4062.970633925463,4540.003260449537,4710.242003121297,4420.745103818519,4120.323793221297,4286.9210654615745
509.4763719700859,2442.9281189235144,3992.8111129300282,4658.733876474445,4649.648982019542,4445.238856784216,4070.941205242197,4084.5685469245523
510.4602812088415,2315.940780273289,3969.404197859366,4568.181814134346,4573.641792398252,4475.362183647951,4164.143422605332,4249.683082073187
511.4440845587815,2255.478424945965,3992.1334305848086,4423.128103517077,4662.167165815646,4462.06249623995,4143.343746508524,4213.063473012274
512.4277820370044,2194.833592018349,3929.8404769485564,4386.946315947419,4646.335740458679,4465.851490536509,4103.0690786326495,4183.788165281258
513.4113736605941,2090.9159041550165,3941.652911647233,4514.456921801533,4689.379665408779,4557.9610238385685,4185.4571501464525,4243.462619529166
514.3948594466418,2035.9030008147877,3777.621166779184,4430.765479015832,4520.730260315646,4442.460900584808,4158.172191677397,4217.548947335274
515.3782394122245,1972.1209684796463,3814.142964971327,4374.017161664366,4548.97784813094,4410.803767536825,4148.811354981749,4168.550509352337
516.3615135744221,1917.5560602284754,3793.9128776869793,4411.005883524167,4564.159590342976,4485.343647652595,4028.5694343333407,4238.148191032763
517.3446819503079,1871.368517117389,3806.0372556332222,4314.222131648902,4511.255215156736,4389.11253443016,4122.538362625444,4136.803201250445
518.3277445569512,1810.4387271860526,3712.0249125028936,4316.10022325204,4555.585701478033,4315.206620721347,4058.742694412167,4163.294190503366
519.3107014114248,1801.0677970561776,3716.047750599474,4447.955779682064,4594.157996275768,4403.108473978474,4050.608651148256,4190.532244943457
520.2935525307877,1665.8382613223844,3680.0457407920353,4363.211350405507,4545.087227931742,4500.749327440271,4119.805325258455,4224.768518258671
521.2762979321013,1711.745601430608,3710.4522802697534,4447.441206058664,4606.864026841185,4470.215894741881,4228.804194699778,4208.762468658547
522.2589376324177,1657.922614470896,3658.072752570815,4411.340304580004,4672.827822634352,4429.690305846976,4140.677785892171,4260.870294190836
523.2414716487947,1688.9624322686539,3679.164493566192,4438.692460660362,4555.33097555874,4505.73664638935,4183.373506788319,4232.049422454572
524.2238999982801,1648.5873544785366,3732.7546454246462,4419.206570617214,4618.617638578107,4478.0190514904725,4150.874626632971,4258.391193229397
525.2062226979142,1545.7196036856446,3713.944314668177,4301.61113908247,4506.056851788222,4448.298645956553,4196.179493516724,4268.606450035802
526.1884397647445,1536.5569844158429,3571.01314597771,4282.297684757744,4594.168597915143,4432.7617218073665,4196.578778802202,4213.904940644279
527.1705512158043,1528.5408231909753,3488.3256801811976,4340.763569025896,4488.775292490891,4505.221039542557,4104.127542004699,4248.484655013768
528.1525570681297,1481.9990700889316,3655.9643108130786,4212.286781774106,4579.807886972413,4357.095596291145,4139.882374515587,4152.7135352955775
529.1344573387505,1421.627147910841,3542.566032010833,4230.836003944367,4505.959963313519,4331.132029266232,4140.661595856818,4208.752475433131
530.116252044696,1460.6175667418954,3481.9504989416614,4259.598366445528,4519.733527797293,4383.691111259975,4108.848661633903,4180.546691971139
531.0979412029847,1442.7775513721292,3515.552502989709,4312.559523329683,4514.826729888605,4405.342645604418,4139.055084675928,4180.807489699559
532.0795248306387,1391.3018662846748,3537.429259488698,4199.066449751336,4441.356125058781,4423.650341094007,4149.67663132328,4189.747616085665
533.0610029446725,1439.5836768582838,3578.4469894961744,4162.112392160219,4503.360854420667,4410.1235696500535,4175.165612028106,4186.354086200579
534.0423755621014,1358.4194128523625,3490.681044419523,4222.567962119663,4437.006167305692,4364.283645546952,4133.995659977609,4259.861563021582
535.0236426999289,1343.151759520716,3491.447341507953,4224.669964055771,4489.937766353325,4470.322893648225,4077.0913979888214,4283.514582171074
536.0048043751631,1348.1482933272016,3527.934399688887,4272.865579750045,4474.248727300996,4416.444305318779,4138.610148049411,4202.008546352487
536.9858606048039,1262.6783649404217,3446.6956686945136,4198.7524530876,4411.511444982323,4252.404720608878,4017.4447904294884,4081.272487997905
537.9668114058513,1289.9340893361164,3425.3167239442173,4128.159490495626,4421.70515188798,4292.989546419409,4077.2288552382774,4115.195328793756
538.9476567952952,1330.20664770178,3429.555128013248,4241.427062434586,4339.8920796527345,4308.308960922385,4035.207875430539,4159.682519838388
539.9283967901283,1259.6476381620319,3441.487495554127,4035.520588384782,4410.161177446996,4289.309374523701,4054.1131734499045,4115.468704164808
540.9090314073328,1271.789710238315,3431.240506443547,4062.5073058485914,4319.827203553286,4221.712422414086,4037.51580499238,3963.466913566568
541.889560663898,1256.979792407202,3358.44933448044,4041.2875809100733,4338.577701804607,4244.74550739727,4106.319794855753,4102.603668344571
542.8699845768024,1196.8093123888257,3375.616009301816,4073.9872553033765,4203.246380728432,4251.602312542122,4079.566785897264,4060.038428818658
543.8503031630171,1192.1610545361787,3349.3169208386676,3982.796768562772,4221.044291467756,4214.580211388939,4012.34684892308,4091.7626898914077
544.8305164395169,1197.1301209122853,3308.029570816986,3990.1260699335467,4197.800917431822,4219.029901842758,3986.434072644688,3976.281080100328
545.8106244232658,1157.1311694394478,3262.518393068092,3916.870524029058,4214.471351951983,4205.229090215246,3992.6570702702993,4068.443616511541
546.7906271312349,1172.0228051072168,3299.267358882845,3983.951037123346,4294.328617922491,4231.3266015214695,3984.877537364537,3965.4210322995164
547.7705245803845,1170.1458342400736,3238.911950023629,3875.24224188741,4094.1250853877236,4091.3544164826562,3811.516857070863,3983.2983291850333
548.7503167876674,1161.215691033887,3183.8591178068564,3896.3181473654963,4108.20531329917,4071.1944546207988,3910.1972193698853,3900.9445047002923
549.7300037700406,1125.215240842318,3177.132893557246,3849.6646739452763,4094.5590050107107,4088.9932247592233,3851.519934029105,3842.24363360996
550.7095855444531,1106.8295712613146,3093.1850717394996,3835.401045762175,4068.2713076117893,4027.449429040542,3879.006234236007,3864.1619147555534
551.6890621278508,1102.075261925847,3146.6660677209366,3818.3011600057116,4050.219354855427,3985.2822602975066,3803.45839553533,3879.5275634460363
552.6684335371792,1068.8065813513379,3156.40626451071,3851.0379248343697,4014.9709966707537,4042.7562630837,3812.1385518562447,3884.3802445299057
553.6476997893733,1112.6983309883985,3163.389209678184,3865.9493649286255,4006.0876937684743,4050.9319589972256,3846.3299988910467,3854.7382986214375
554.6268609013714,1106.9649737359775,3104.7199431719505,3831.5151279480974,4005.759614554687,3977.8059536017577,3799.834312201445,3852.9462680120096
555.6059168901047,1070.8698778641167,3068.9563572935053,3682.7476287522063,3952.3307251831557,3922.4806937444346,3872.108765691593,3808.6774488843107
556.5848677725007,1033.315751512474,3002.113030994762,3682.2938232437305,4035.428782507236,3815.534718163734,3810.875945614084,3733.540321289886
557.5637135654833,1061.0534262606202,3053.694873986135,3802.342649544026,3955.2619320201366,3928.9935890181055,3836.1162334037804,3820.1675965811187
558.5424542859764,1052.78428613505,2974.934440554066,3708.6081119584032,3967.826998411211,3933.2020930005474,3742.297209114725,3793.7666631035495
559.5210899508966,1038.3872016020473,2993.219115006443,3661.088751447868,3844.9405052997213,3905.9117501995706,3784.9072795521774,3817.7379498828655
560.4996205771569,992.5745146659372,3047.2131505117936,3710.1815586046523,3822.867407005705,3931.7970604600555,3669.8024629276088,3747.74350807167
561.4780461816663,1032.793597316955,2982.2623162013347,3597.784642938679,3839.4621209214397,3821.525120602407,3719.5674345784296,3721.45553987517
562.4563667813309,995.8481764765589,3008.2717384008065,3607.4765068389256,3810.037867238604,3719.5918644554918,3633.856590984,3653.6416540928058
563.4345823930563,1002.3026723927632,2913.910862007827,3546.1036441262236,3809.1259011739967,3828.8525704525796,3634.403973277976,3585.55698268339
564.4126930337408,1012.6997139127557,2928.9233361491597,3568.9194378784105,3807.976805289042,3761.859439135023,3633.860218789173,3679.977584943192
565.390698720279,1026.2951826978356,2939.9671393857884,3581.6378843690577,3664.799924955991,3797.103171344294,3605.263464081255,3747.016942354436
566.3685994695626,1001.0839605041972,2983.4564359658984,3501.9085812364337,3746.0524096456493,3788.4712215314207,3586.7462050079757,3567.893399725411
567.3463952984785,1003.8034116353116,2901.9730208554683,3550.1054868267647,3675.5809132811787,3697.2796712394606,3616.145184960667,3618.0320334787784
568.3240862239145,979.960158458625,2876.6876643876863,3561.4336461402963,3780.250543890442,3630.2855148289195,3519.933889670441,3574.638114107978
569.3016722627543,997.6750695157868,2844.1747260322572,3402.8350812946387,3645.894729958541,3681.694213095085,3578.0641303314055,3515.886080673198
570.2791534318676,979.5226265179654,2802.392634256576,3404.3811324330054,3548.0694947122465,3595.9656154719937,3568.7305664125297,3551.8260532032073
571.2565297481307,963.4681723673791,2823.6667217479094,3456.2658241901004,3625.460234947299,3662.119023944692,3517.363805852422,3491.044675290191
572.2338012284199,1008.188437703624,2722.296526387812,3388.7898138827586,3621.5931030359234,3616.8994883352543,3408.502995625567,3541.801653124556
573.2109678895939,965.2180331132882,2770.6550746036746,3359.936191217143,3525.3484344770636,3616.51313672827,3421.965782439613,3441.702470555854
574.1880297485186,936.1472189918101,2710.9848894327392,3387.559756411805,3510.317800143464,3503.758210020398,3407.2385267810023,3356.635974403067
575.164986822052,952.8953096739045,2713.741107628725,3344.017298718236,3469.3244346321744,3500.183654670682,3407.60599455516,3391.708820595929
576.1418391270563,925.7620153997633,2790.3776302554484,3365.472215579544,3524.44145054718,3568.391768449997,3464.594209147599,3370.147781313886
577.1185866803752,915.6326855341882,2728.2116752651323,3322.438601795483,3510.2367342366783,3524.251520239753,3422.4107419507463,3396.2498080783407
578.0952294988601,937.740109941165,2679.790642538334,3228.438587459135,3441.1796273263844,3455.1757483702822,3416.919684183628,3328.2775842389406
579.0717675993582,974.1192780677306,2692.8239813251635,3285.319902372107,3384.2247332870297,3439.275535400053,3349.7013489110664,3313.3118356499153
580.0482009987098,958.0584428603761,2701.4259992154657,3251.4225127093855,3431.642083344914,3467.12572937678,3341.9991881065166,3355.072110328783
581.024529713748,949.2441810657588,2650.282337565434,3164.7652677329106,3330.697600165304,3383.5363875879098,3320.5006411890117,3310.303682212719
582.0007537613127,964.5405127954813,2626.7745953652156,3149.3498587817876,3448.6261177951787,3403.22507540615,3305.0105755441705,3280.920226521421
582.9768731582335,965.162671976818,2631.2503968013543,3148.599840569908,3372.042879903638,3424.8904037294583,3334.9568982714836,3308.9967111289757
583.9528879213358,937.116605725565,2660.4110753454033,3219.717824217183,3401.214716235178,3410.4747617463004,3219.717824217183,3243.793942546101
584.9287980674418,930.1989862976815,2591.796976732009,3183.573667816021,3398.0927183339754,3347.236908943943,3265.8676139198915,3220.559711008772
585.9046036133733,972.2995862608522,2609.4668896029348,3202.106637419073,3329.894583041928,3394.714555459318,3297.484596833233,3249.3326173231717
586.8803045759452,968.0072480938513,2618.607393459989,3185.741410950089,3300.276619694018,3394.491065596282,3264.253449201976,3250.3983836281136
587.855900971972,982.198980760318,2657.7693437915864,3206.7269268178525,3345.58634916851,3315.0372762513653,3230.7958933586333,3208.578385782528
588.8313928182579,961.9870749059387,2638.513682328716,3156.5780126489663,3354.906754488919,3350.2729053805087,3252.0353042822144,3292.8131764362233
589.8067801316101,1023.0465020252419,2650.283510681333,3121.9598417781162,3359.188016160781,3295.247609784203,3294.320937228021,3245.20729175036
590.7820629288326,1012.8337979919172,2685.0791320501976,3179.8702987459733,3343.560609532546,3296.1276217478003,3306.358266171961,3201.2616461783095
591.7572412267217,1029.0011846538837,2651.8723815036565,3205.5908048246665,3413.818812245552,3316.707992641193,3279.357677408747,3328.8468450917376
592.7323150420708,1050.4528208197764,2692.133954950507,3172.73936058221,3362.378630889497,3334.4905029031315,3254.544536008883,3250.826118944034
593.7072843916723,1065.8925794898616,2699.1450834900334,3133.5009601233364,3328.8215898727876,3298.128348055017,3268.365204474148,3253.4836326837135
594.6821492923118,1083.8115887678953,2690.0092091717743,3257.0118413745327,3348.1040675316967,3326.7252797601177,3266.3069664926106,3308.1350295239613
595.6569097607752,1052.9878243614307,2624.583749003073,3167.3131562730614,3355.64489930863,3303.691315022956,3216.483512829146,3236.8938495128036
596.6315658138374,1132.6500691736642,2646.2654987848523,3252.643126278319,3433.34552218267,3386.772739733095,3288.038440939996,3209.79616642471
597.6061174682836,1099.1134020356185,2708.0958928660098,3207.6928937912908,3425.274391390525,3396.3257801219575,3313.2152509960697,3314.1490771660233
598.5805647408779,1132.061416209392,2777.93324455336,3215.278223303117,3429.754438894682,3454.9320815945616,3321.583825813719,3303.8662253952853
599.5549076483949,1121.3884566983195,2740.7557606115856,3287.409231990399,3368.8456224184074,3419.392347511654,3382.8863793887535,3303.322089890125
600.5291462075984,1158.3935593885874,2764.0505447769688,3241.2562921826066,3344.183022015195,3425.5887083373336,3351.668602366656,3236.5778044629437
601.5032804352522,1110.5201505932505,2766.509896566057,3271.885145618569,3498.4648236993075,3376.3169314006377,3329.695598462214,3339.9522917086674
602.4773103481131,1102.1591143098917,2734.39983482471,3257.0155029140747,3396.0686003164233,3421.2661414564463,3374.6040282341814,3312.076796516347
603.4512359629333,1089.7851586197016,2711.3779975606813,3274.028654069309,3472.171410181982,3451.609426057082,3360.949768779114,3285.2442817738
604.4250572964665,1051.0490898592873,2771.6276711236005,3279.3853720075804,3447.702841913872,3451.4432301340116,3431.8061919782776,3315.854157153943
605.3987743654652,1087.4883603439541,2802.0138991994822,3298.964260079551,3531.9974801532553,3451.5121109711727,3381.32138203331,3339.2069446705923
606.3723871866641,1056.280449867642,2770.7409844972544,3349.1132130470032,3474.9279510756824,3479.622530852872,3405.4481703732777,3368.8304481111995
607.3458957768125,1027.626352599724,2746.8704411453114,3286.3509423284545,3473.9557532935264,3502.889828616498,3402.08724362034,3383.420098250681
608.3193001526415,1036.254859897148,2709.5592871298063,3261.73109366366,3468.795521113855,3530.3552157612107,3340.0797959421125,3374.590533850478
609.2926003308858,987.7310351766677,2790.480211855444,3327.2905570601547,3513.073615661437,3494.401951480404,3348.762970868343,3331.0248898963614
610.2657963282762,980.404182718432,2759.828472604922,3292.818602299098,3492.8061727777153,3474.202677849472,3458.389707160465,3402.5792223757344
611.2388881615408,933.1360683067463,2729.97843793313,3344.663308325669,3476.1170004879286,3557.5812604194703,3360.4007221760803,3364.1036430820595
612.2118758473989,919.7619574350189,2749.0559617572453,3285.6612695833383,3480.0295699917497,3586.0486429417924,3461.429732632093,3399.1202774772437
613.1847594025676,914.7630241009533,2743.361320757119,3338.9778131230537,3558.8549294637496,3545.866407823371,3359.3883471293634,3376.0878749527074
614.1575388437668,897.3437424273042,2677.2449246260558,3284.4074774321716,3510.8227368499774,3561.650652229485,3433.19464790673,3456.298245806506
615.1302141877095,873.5791308974646,2672.6148384296766,3339.610569337603,3506.3595020645844,3458.187588165679,3465.5986518424334,3416.5003549839334
616.1027854510976,886.7255134438693,2727.0291444865384,3288.7767210661623,3486.5490083578316,3495.8340922682387,3367.699934304622,3474.4783992743023
617.075252650644,872.6019918548063,2799.17393993721,3374.7396227937206,3482.0798466061888,3495.9600479612495,3417.3055736159063,3377.5156630647325
618.0476158030432,857.3311467095489,2760.8655286046164,3336.740229742132,3445.0639275445265,3492.281949663519,3420.99199469955,3376.5515032934395
619.0198749249939,838.8679672241313,2751.523927774852,3289.8052474269407,3489.579757813283,3472.9318819477544,3368.420216791936,3369.345098784466
619.9920300331905,802.5464240976953,2709.0564776569668,3269.359626278169,3569.8522389875593,3466.297861684631,3397.878005252339,3340.553260673932
620.9640811443278,770.3234003701501,2689.212828837111,3318.3871510556046,3412.486536490042,3528.7269537914062,3439.240283329245,3438.3177403347895
621.936028275086,754.7542813257339,2759.425995495676,3336.808401650613,3501.2469109235394,3504.018346473083,3457.827753980688,3379.3037467436166
622.9078714421521,774.691369408073,2708.1957503682934,3299.577271367084,3391.6927730802913,3506.8371502218006,3353.9254173778763,3341.9504021551593
623.8796106622032,761.2336435976099,2718.5602465194834,3158.9357480693084,3432.9063106201393,3472.438975686199,3431.986946316277,3377.7444523884283
624.8512459519226,725.884408822162,2710.52256983848,3290.4912832485534,3439.1775298393527,3445.6421492563436,3405.930915694826,3391.1546427417034
625.8227773279723,733.8454433423309,2671.0495355911034,3315.2438353513107,3382.713252686311,3441.86452267864,3391.0314000289823,3452.0311472085714
626.794204807029,739.0438108550865,2615.644471295337,3218.47597330042,3468.81210848421,3395.183833430154,3367.5732302848833,3413.590902193668
627.7655284057511,719.0734433304067,2639.3789708858685,3198.3498328827354,3348.2724812991137,3429.711944636406,3396.395800543877,3415.8302179311854
628.7367481408146,695.908363473428,2696.179729072185,3306.4950852734805,3464.6560769719867,3437.675672505771,3359.525535431215,3306.4950852734805
629.7078640288601,693.6083732678588,2628.3133291030067,3167.478237923222,3416.2524411352942,3437.5230979155085,3308.9743460698655,3296.0269897688654
630.6788760865529,731.4095707050279,2642.3328035343666,3204.3145876077233,3326.524794358437,3422.811623919605,3310.7856010647843,3312.637270864038
631.6497843305443,707.5177294458512,2607.23068803668,3152.2607499588776,3335.1754385426475,3350.031453859096,3354.673958645486,3332.3899356708134
632.6205887774777,668.0575339372806,2576.000241663974,3171.8853550373933,3397.6554911602416,3446.6957256459423,3288.471572871323,3316.230196165116
633.5912894440007,656.1523981154869,2587.7987987387787,3087.5053235307973,3279.841720734355,3370.028165356119,3286.2836096359097,3286.2836096359097
634.5618863467535,686.4354201882331,2597.1985320294034,3142.471829517637,3326.997480105872,3328.8427366117544,3322.384338841166,3311.312799805872
635.5323795023688,639.0393955030204,2563.513431168951,3091.2956081743228,3277.950280529881,3321.1658943264883,3240.2515536009264,3225.5398552871875
636.502768927483,641.965002592814,2519.8280965081967,3073.118796584593,3188.5801279861785,3257.8569268271294,3232.917279244387,3256.9332361759166
637.4730546387291,635.4050463688611,2518.464024893489,3101.999271558769,3277.0598455583536,3379.8731985422364,3243.7149743203377,3206.6651173892087
638.4432366527291,619.6722742655877,2531.5653240580673,3016.727898071394,3238.4369902113276,3256.0623992098995,3217.100968792003,3241.2199495268915
639.4133149861045,628.209037964592,2470.2770712304277,3019.8443297738263,3198.407428930183,3200.2578237400935,3268.7224317067794,3112.364070269348
640.3832896554813,614.6532435929236,2418.8086227534777,3018.650944814042,3227.8552114586214,3243.5918155867535,3136.212634477146,3134.3612692856013
641.3531606774667,650.2004718149863,2509.497140154011,2992.7667106945114,3189.210257498188,3185.521176807039,3081.304647282084,3155.086261105061
642.3229280686793,627.9392669972649,2387.092654688132,2967.9364766606022,3107.3759315379357,3092.6008899615294,3155.3948166612563,3102.758731045309
643.2925918457258,612.8587947839676,2415.4389547434384,2885.235832070305,3115.057880114293,3161.2068857456156,3092.906357411258,3141.82430338046
644.2621520252069,569.3943614291933,2354.1734457145417,2842.357590278631,2976.169879431359,3089.6796143678107,3142.2816866554344,3085.0653975004752
645.2316086237332,587.6218195842057,2273.9211699765574,2944.566480553822,3058.031918244336,3080.171515842485,3060.7993679441047,3018.365139214319
646.2009616578944,604.4995312805563,2386.475143429681,2830.5783266864087,2946.4716417325276,3103.15940367488,2956.670253456586,3066.0735428601224
647.1702111442863,605.0185603779562,2343.2905404241023,2797.5170131237605,3010.291124571666,3081.5241966650947,3039.894479207896,2987.163503762111
648.1393570995024,588.8308903376485,2332.141242833364,2833.8066155462266,3054.5022878302584,3042.4474822012985,2971.0459411682295,2990.5190887227027
649.1083995401277,591.2260432411563,2334.3235155556,2792.1066901028275,2970.957201616218,2968.177141851761,3077.5261592537304,2911.649259974472
650.077338482748,559.4697992369497,2309.439287547874,2776.9032560132987,2980.4313059018236,3024.1108417226487,2920.9527890394234,2959.0562139043986
651.0461739439415,592.7957051340544,2281.3372214768374,2844.493141354189,2938.969956859929,2934.338740413569,2995.4707975055185,2939.896200149201
652.0149059402867,582.9720283067078,2269.889500692626,2739.968533041527,2937.9939521806305,2963.903820105373,2927.81507549591,2938.9193046065143
652.9835344883542,560.1066272019206,2233.032361913927,2670.2112970071757,2885.565825287782,2881.8687518409047,2942.870463714381,2896.657045628414
653.9520596047188,578.8168999271998,2223.4360723165028,2735.4664068674874,2853.2704874616447,2976.640115170487,2850.4877139043024,2912.636323351614
654.9204813059368,588.5204239515303,2253.0600797262523,2661.7805631319607,2803.581547170676,2859.189776205466,2918.5052205092425,2810.995977708648
655.8887996085797,576.6744761490864,2199.6671218230754,2684.9963609501465,2778.186956295839,2785.568389590547,2908.284718115073,2819.7075185785734
656.8570145292033,533.9706745652928,2176.4607806115564,2654.1754773729062,2822.9434107847346,2928.9997623823315,2804.498827898196,2764.842974692138
657.8251260843645,564.2003879663446,2089.5630003834976,2568.3063263288814,2760.354992591041,2742.8960229308445,2821.920832971733,2775.057282831206
658.7931342906122,523.586911240832,2131.026237694735,2506.9818131916545,2669.2845860281295,2729.804264034951,2795.8257309514834,2729.804264034951
659.7610391644957,552.7418763347733,2061.800409573252,2592.5790325437297,2759.133703889638,2732.5947727411144,2782.0120928107794,2641.996352613395
660.7288407225607,541.6098683535326,2070.051276503756,2532.7146216735537,2662.150200381771,2726.4089983220206,2771.3901568801953,2639.2006296888244
661.6965389813487,553.4463579753227,2079.7834944810634,2480.871485252566,2684.627855850446,2727.7654658418887,2740.614966690404,2797.5198990195413
662.664133957398,533.1362842028873,2075.3575077102014,2483.0499603359385,2648.1561798382168,2658.302372098133,2762.5314380409122,2664.759039899898
663.6316256672399,553.2675691483732,1989.9190237036494,2469.4175836322393,2581.9153226924086,2638.1641922224935,2685.191935600105,2667.6717959104067
664.5990141274087,529.4305608577998,2061.4587169288898,2385.2045825405407,2654.5316274368433,2611.1810414432603,2684.969272921699,2613.948100123702
665.5662993544282,509.6976406875887,1986.0632206102596,2363.4799854025214,2600.2905044878617,2579.0145594137884,2696.4947778662813,2642.842394636009
666.533481364826,534.0013851747597,1964.4946791411733,2427.1104624783347,2568.0274946772297,2632.9234963477734,2629.215153395171,2618.0901245373634
667.5005601751183,545.8336582716264,1992.755423588277,2375.764126172096,2546.9153580030297,2582.995887956578,2643.130104545825,2592.247305893385
668.4675358018212,523.2880342994085,1996.6593081778851,2360.3630483292472,2557.9877846870027,2601.59512087862,2601.59512087862,2518.0917111499907
669.4344082614516,550.7250493947633,2003.227540547225,2347.778962681217,2534.4496792551586,2587.386151119411,2579.0277608250553,2538.164519385983
670.4011775705185,563.9544995063924,1972.4471210083543,2327.357530911883,2460.2166634150362,2592.14671107551,2575.4231839072813,2547.5506386268994
671.3678437455237,552.8321725614752,1902.8576292536156,2309.816438635004,2411.091576129459,2520.72888093997,2575.547533345226,2479.8471740614746
672.3344068029727,543.8870414117092,1914.2964414815542,2288.974181120732,2421.9243467991496,2432.1512826205662,2493.512897549067,2561.3825625457416
673.3008667593676,530.774498903113,1944.6239084156082,2292.27655743446,2441.0049634318293,2542.3261900175376,2461.4551192564677,2493.059905530909
674.2672236311993,550.8076601967598,1906.4992413544414,2232.903780730299,2342.3234842710694,2435.979332216983,2535.198893902258,2394.251479171774
675.2334774349582,511.67362009652203,1840.1811634462306,2209.8768781466006,2308.5238643634075,2455.1114420126814,2470.7843276732956,2432.9850151976966
676.1996281871398,527.4247215502671,1785.8416010386238,2153.18829306574,2343.8014380470645,2371.5606339181313,2477.97088475722,2369.71002086006
677.1656759042235,552.3798668108631,1807.2831212771525,2130.7404593929095,2281.810792094538,2377.2724133722545,2456.051421222797,2355.0289288026893
678.1316206026895,539.7488008296358,1773.8571224521136,2145.1080129026864,2259.908787007103,2332.1221771695587,2383.041875361034,2350.6384310573676
679.0974622990216,541.5084353516701,1749.4887911361648,2137.338422610267,2277.112394812151,2385.414081882485,2359.4957294212086,2267.8558403616953
680.0632010096887,518.0512149795829,1781.2065030246126,2106.494475221095,2277.015805375376,2356.715992295312,2411.394027507826,2388.225368519473
681.0288367511639,545.1675530117831,1708.6236041761485,2072.377166712024,2175.1167225427675,2330.614428664974,2335.242336585278,2335.242336585278
681.9943695399123,552.2067631222826,1718.5932426820789,2064.5318179044134,2184.777846725011,2219.001716466258,2366.0718594083733,2242.125952777911
682.9597993924035,535.1665136601381,1778.9417213174088,2046.0612290021916,2213.938419595753,2283.500791388665,2301.1232589095366,2289.9932794226706
683.9251263250918,559.9919619147694,1711.6033387428167,2059.5053217264112,2232.52609401237,2218.572805924792,2278.1068350984556,2252.060697334978
684.8903503544353,519.1935034784075,1733.1351483020221,2073.0388088526342,2234.5864277407,2199.1019796612404,2319.562342878353,2314.8933365521084
685.8554714968886,521.6675641063557,1759.1115533818972,2006.413708101368,2146.3960598293706,2244.3837060389724,2276.1130390973194,2252.7826471426524
686.8204897689029,535.2499512862628,1707.5687800197004,2001.81613543885,2129.7903820814645,2208.256343526571,2272.7105261421943,2282.9858306171486
687.7854051869217,530.6063349758722,1751.2806627147415,1978.8165954636218,2135.480680307113,2186.7695176070656,2276.291851803346,2217.542819987037
688.7502177673888,519.0236423166251,1660.6889562612878,1993.94694242502,2085.429526862123,2147.9737427527957,2232.9218568729625,2205.8504798456565
689.7149275267402,529.0478064663171,1653.3910283215412,1940.7750219575653,2115.2581609508657,2170.3089909006235,2237.489664737616,2202.966262904717
690.67953448142,503.5511941769715,1653.3264208810563,1918.1570489296857,2063.6273939141442,2169.9326460181715,2202.5702234185305,2205.367730052847
691.6440386478497,527.3708027966745,1647.3349458383755,1922.2013536564302,1985.5603900348294,2087.121198347263,2224.088526988802,2213.8392711040615
692.6084400424661,533.3748356817129,1644.104537355736,1920.1494084541664,2067.061424598077,2120.398908166248,2261.696452355614,2150.3427585904847
693.5727386816942,539.3485680356446,1596.5837368667608,1936.2426966677551,1985.6985342211965,2084.6102093280792,2224.579560894423,2124.734756777098
694.536934581949,514.4893804393364,1620.9683565203047,1890.818503429503,2048.620146431768,2128.9215742317365,2177.475925924741,2124.252886568948
695.5010277596558,505.82815018759567,1584.6793339825415,1944.9185700940025,2023.3126007503827,2061.576353808854,2164.2352034779233,2139.037122195515
696.4650182312289,554.3906739669567,1613.7061873549967,1879.701712743183,2046.7655690396227,2063.5652864325607,2117.697709143139,2088.764862521968
697.4289060130759,504.94109744927914,1559.4589694704255,1851.4506906473569,2048.591597938788,1997.4465512358224,2101.5964645218614,2096.9469148215917
698.392691121604,498.83070760790423,1583.0429732109048,1919.939831707288,1940.4142264225377,2084.665643734525,2140.5049020488427,2123.7531245545474
699.3563735732205,519.6543831130674,1562.7016700810227,1844.9599860884803,1987.0237742776642,2070.205860783173,2172.0805509977854,2097.3101361613726
700.3199533843252,548.6831734157747,1547.903467080959,1804.0179296293786,1944.2265770099002,2044.2420788080058,2130.236715868059,2049.8504247032265
701.283430571315,516.7949011157733,1570.9443558329385,1886.815380384713,1947.5598081831313,2026.0602994918563,2109.2334390927676,2055.965248561847
702.2468051505858,526.0795621220849,1567.0256228751978,1833.3358807877983,1932.384608292134,1990.3187696625946,2080.9576995486377,2027.6956479661173
703.2100771385268,513.2623659214186,1577.3887362932971,1871.621557783048,1949.6449577308094,2029.548439605023,2156.4539696405386,2075.610446803099
704.1732465515233,515.413057291169,1569.7097118230138,1834.4574024534504,1962.1371397787673,2011.8946844717216,2085.122769114183,2080.4286611242815
705.1363134059575,527.8314066806245,1541.154802393695,1859.170872728902,1925.97306501825,2016.2971560010308,2101.916867245125,2051.109566067311
706.0992777182146,540.8270013429927,1593.2725771271791,1811.8646752309671,1920.218516963448,2011.6126269464976,2048.3587124036,2085.104797860702
707.0621395046655,529.7399319129593,1582.621611533556,1830.524818104923,1928.554983441129,1991.7090322634926,2131.2134983188625,2088.7965998560812
708.0248987816849,528.0991827881231,1519.4597483423402,1802.3029049601782,1880.2962006388514,1976.1433832801122,2087.0254181003943,2012.7908354664764
708.9875555656436,522.395467973106,1565.3072835309256,1732.5489980978552,1892.274231111215,1958.9830048991475,2036.0269408232386,2055.75770490136
709.9501098729053,536.7229604355501,1576.3891145659513,1789.3893104031365,1863.5171318618925,1882.2836689400585,2036.1692729810206,2036.1692729810206
710.9125617198332,552.4913741885105,1523.59396021951,1779.0976503305787,1848.8661856376602,2049.686429156692,2107.1983298828,1996.888618654036
711.8749111227879,535.9108611560412,1505.834039445496,1845.4958528542545,1826.6257521093237,1970.0385177707994,2002.1176890371821,2060.6150013464685
712.8371580981219,515.7733825178486,1479.181278670454,1747.0048883081627,1835.0175939488229,1954.2606144942338,2086.75285954469,2045.1124396716898
713.799302662188,523.1582069522307,1538.2554150168664,1753.005709733243,1931.8066159067903,1947.8892370970036,2076.5502066187096,2014.111794939058
714.761344831335,539.2504829208314,1511.7934591359447,1773.8502727658924,1908.1898667566961,1964.0070220063963,2093.6163486031573,2033.0689259594149
715.7232846219123,561.3576541827601,1535.0065602610937,1751.058497753282,1852.0085296819464,1932.2024802794836,2059.569342993219,2014.2833473616686
716.6851220502541,535.8501149372428,1555.5719386008848,1756.8701299265158,1861.7720042793094,1901.4646053857716,2065.905381398259,2026.2127802917964
717.6468571327022,548.2525694296243,1490.0013892071888,1795.7394830027108,1829.7103823133243,1968.424887831663,2015.6066924297374,2031.6485059930828
718.6084898855879,525.8656805265691,1519.1675215211994,1732.1525462505986,1905.5562831984278,1902.729048356887,2057.284553027778,2066.708669166247
719.5700203252492,538.8031747305466,1540.110473224552,1738.864791175855,1894.2887838865897,1973.4137256302363,2013.918160094246,2032.7574319379714
720.5314484680057,551.4590644585423,1527.6267394520514,1748.9670843633703,1870.9880437375589,1913.5534946820433,2096.1119842883877,1974.091024914199
721.4927743301887,541.2627615430808,1527.269400577854,1724.092222957156,1778.975509966769,1946.4641617030022,2008.9175572656654,2046.7681000309158
722.4539979281108,535.8704784034014,1496.2862301897792,1709.5023008221185,1810.449732493182,1906.6799944599898,2058.57285893701,1968.0032006153087
723.4151192780993,535.7410958375675,1533.5234542228784,1705.4897318991345,1840.6060929304788,1946.4314945774056,1988.9506291676887,1969.10836635889
724.3761383964592,550.7407418269717,1515.486593027322,1727.2369127297611,1817.4444480290065,1895.3077942873026,2023.4974497125459,1980.7675645707982
725.337055299504,518.5654291748762,1465.6346499165604,1741.5076661686428,1806.9208555892396,1938.6952516684128,1991.784216995274,1949.123441286189
726.2978700035419,553.0099169274752,1476.271336455366,1693.119403195763,1775.5027298613286,1937.4285788246818,1998.979340126541,1991.4038618124662
727.2585825248717,558.2027345863331,1491.7158402085283,1723.1889878270931,1829.8761998982013,1933.705718788833,1964.1877793805784,1953.709571052166
728.2191928797985,559.9640497969565,1520.58380813688,1712.3261829395856,1812.4901100753275,1924.1013431694398,1996.600947572453,2001.3706583884405
729.1797010846167,561.9927299928802,1513.2775378076535,1760.4016754445906,1820.5129521670888,1926.4232968686333,2051.4165865614473,1990.3511625893855
730.1401071556212,536.2361011213089,1547.6422704960198,1748.01519084384,1836.7517698550173,1956.0213653001483,2049.528728129131,2032.3539063850321
731.1004111090953,548.9749637983863,1564.0067979047776,1759.3885124510784,1859.462073560159,1912.8346394850023,2020.5328528690607,2006.2366298534778
732.0606129613298,553.3637318226575,1549.9879486559173,1715.1428188740003,1812.9069087157393,1933.450980656524,2022.6725772111206,1984.7059403793774
733.0207127286048,571.3331101658908,1485.087720133193,1684.6759423931317,1825.6173884439888,1888.0478276343015,2027.097442194543,1978.855739183847
733.980710427204,545.0721233303807,1500.3628861914112,1752.1522580412584,1849.2844876312743,1841.7402367893312,1989.7961595624624,1948.302779931776
734.9406060734,562.5497448096048,1571.0001234649499,1662.2498312350697,1869.2079313322486,1904.0145208940469,1970.8055441072274,1969.8648254704221
735.9003996834617,575.9957180877955,1525.916525294881,1757.2590678055528,1847.9075742587142,1924.392251578569,2068.8633087382946,2005.5982052761926
736.860091273662,544.429671590762,1542.2345749243539,1707.2707471487313,1839.10998817855,1873.2554031215245,2011.7340303902552,1989.9189041766879
737.8196808602661,582.0481931671517,1503.22757580649,1716.6134927777534,1789.0122860358606,1988.1089674956556,2044.313293840765,1981.4406575903035
738.7791684595359,545.7515572916752,1518.1989220295468,1766.7873277069068,1824.8865336315005,1982.0401234275328,2035.3770993583073,2047.758897342237
739.7385540877257,587.2426673593543,1569.4873243268735,1783.72569157198,1860.239394159518,1972.1406841937924,1981.7048970172345,1959.7072075233175
740.6978377610941,574.2698516863314,1516.416397048599,1776.3188923209489,1888.1151862432462,1961.6905249784336,2068.709199502342,2021.888529398132
741.6570194958913,573.8402247399938,1510.256113867944,1753.8765077874107,1848.0890819984543,1946.1082248644898,2069.821706151719,2065.0634953329795
742.6160993083648,573.0173908106194,1552.0802174936646,1757.949048298142,1858.5117029768269,1957.1769490766687,2078.611098122628,2033.0732922303932
743.5750772147585,578.4998353275807,1512.9995693182882,1714.669724677985,1835.8611795420281,1893.6164822506735,2063.095157412109,1976.9356074697032
744.5339532313154,580.3246761897485,1578.6718427080475,1775.8878708765963,1846.6591728509559,1923.0921789832641,2063.691165572325,2027.8337059053163
745.4927273742724,587.9200679694148,1576.8654858157308,1713.0450542751,1823.867047917897,1940.3240581865991,2041.754357452888,1950.654922000758
746.4513996598653,574.6194623349191,1521.990438635464,1737.0032766660138,1862.8186491380386,1965.16100435782,2055.297390606435,2013.9848802424863
747.4099701043233,585.0714751699306,1557.6822554363425,1711.0048445885914,1840.8116992082864,1882.1993919855806,2020.4719110369952,1986.609253310118
748.3684387238718,576.7326303587998,1554.9164053791174,1748.102989077735,1846.1098412955703,1897.9403881415408,1995.947240359376,2000.6591082544642
749.3268055347362,611.1350264917156,1537.7249587996482,1722.2896201130168,1833.405079475147,2001.0199249536145,2082.944034822304,2028.327961576511
750.2850705531309,600.8659081839082,1574.3252759167076,1752.6041717514936,1855.421101095365,1931.826342167416,2036.5298206735602,1976.1602474808283
751.2432337952887,599.8890725194032,1558.2024336510285,1740.2442433935516,1935.491158505999,2011.8921252891305,2039.245557841116,1994.9141326706567
752.2012952774057,595.5604486085956,1599.1032517758354,1774.4887697125398,1862.650473916017,1944.246944827746,2029.5949776204736,2011.7750586857283
753.1592550157076,599.758509241003,1591.5588521356412,1716.0017253478932,1867.5787588846208,1903.1338655166928,2040.6759885407605,1995.7642749002487
754.1171130263829,589.6410188198366,1590.44217754574,1767.054146732664,1857.6962684846835,1944.600570783011,2080.096525979329,1975.437581275966
755.0748693256463,601.8721590210297,1515.8606853362464,1788.8460453875805,1908.102448413419,1950.0285276021905,1995.6813693855195,2066.489858682111
756.0325239296982,642.4045760340615,1561.0523896700718,1737.180628409569,1886.4261359730378,1898.4770154657404,2075.5322449354458,2001.3729865188152
756.9900768547342,630.1259523179308,1576.2415366070593,1750.4528293067226,1884.817922080399,1949.6838289366567,1982.1167823647854,2014.5497357929141
757.9475281169433,604.3782354426004,1561.928415215923,1791.8146152002248,1807.5729434249554,1953.1057393827593,2023.5547361521421,2024.48169663595
758.9048777325153,656.6067520395801,1561.9842312603532,1811.6797566838557,1857.919668799319,1982.76743151107,2008.6617822957296,1966.1210631495032
759.8621257176383,612.8298298720547,1567.6612239261008,1762.6945483650202,1901.3438311415032,1958.6522013557828,2035.37147115877,2097.3014841322656
760.8192720884946,624.4222786758344,1560.5917871214763,1798.1134859937104,1974.3991218754468,1949.3480051975157,2101.510343537541,2040.274280547043
761.7763168612619,646.6566859602655,1627.7590218226167,1798.224394625896,1923.2940974978671,1959.4253449942144,2078.936394405209,2016.8647640909714
762.7332600521148,649.7172844826423,1583.4538390391253,1763.5183435957435,1925.019497167143,1955.6490262927534,2022.4770898395395,2071.669969950368
763.6901016772317,689.4653776149089,1621.0754320865285,1847.5084314372693,1888.1739496880145,2027.7306145939815,2041.5938594521901,2029.5790472417425
764.6468417527722,717.7210009204206,1717.1728966680334,1828.0178388951254,1930.5494104551854,1972.1162637903449,2040.470644830385,2018.3016563849665
765.6034802949107,691.1450906981046,1614.8249782665994,1837.2094467021711,1887.0383317458263,1971.0092306156894,2042.9842867898578,2091.890414703075
766.5600173198036,729.2781507147155,1655.4336729151526,1817.1873818822949,1904.9965381787435,1966.0007941320657,2058.431484970433,2095.4037613057794
767.5164528436072,788.201421419141,1645.5433184013646,1862.1834751656897,1931.3239507287724,1982.9488391492073,2078.823631930015,2029.9643625321035
768.4727868824813,821.3286405110093,1687.1034757734599,1832.4795711062993,1950.0767947194877,1960.2623810166929,2085.2673037551217,2093.600965271017
769.4290194525785,803.5304185615569,1643.3313074054063,1874.904309976966,1937.2151178978274,1979.065660531242,2134.3776743041353,2063.696757856591
770.3851505700441,874.4535035362072,1708.8628104248564,1899.771189791121,1937.952865664374,2041.3227686383027,2120.479901546266,2085.092006834471
771.3411802510201,864.8406566762175,1747.4264240185776,1894.9910285054484,1982.7826286432069,1996.7919265375301,2116.3379352357547,2083.649573482334
772.2971085116515,952.0282024637738,1750.834986670375,1841.459849907849,1997.4840989867992,2016.1696377986495,2132.0199784321217,2077.8319158777554
773.2529353680803,956.7432811453887,1743.2741701417444,1906.9399318235069,1960.2482084855667,2074.3466252008525,2142.618628645245,2162.258520047056
774.2086608364298,1017.6051788210804,1776.3704728547968,1889.4377149460279,2037.0792376767265,2006.2427171063907,2137.064319525997,2153.8842398370894
775.1642849328418,987.0637521881123,1790.4005381569748,1946.9434124356214,2048.180720352351,2066.92836996656,2152.230175711212,2130.670378654871
776.1198076734399,1052.952315825753,1778.382030739574,1931.3510391884133,2060.8585432739337,2088.073888335384,2182.858365963192,2184.735286312258
777.0752290743477,1074.9291527795249,1769.8614208483932,1915.0711485045747,2016.9065419257927,2062.1667167796677,2127.2282181321125,2093.2830869917066
778.0305491516847,1093.2173495447032,1827.0725945677914,2010.5364058235632,2047.418306024466,2069.169170245511,2192.108837581853,2150.498488637245
778.9857679215712,1083.5241785193423,1833.7293503250219,2036.949485472383,2110.070749053443,2120.516643850737,2182.242385834749,2127.1640314490155
779.9408854001193,1158.9559741656713,1839.6881132162216,2000.3637158692145,2074.5216863244423,2090.684320910838,2172.448237053781,2142.975197513883
780.8959016034387,1105.9067445522812,1795.1917241309875,2008.746129975566,2114.5699650146207,2103.129550415804,2164.1450949428263,2179.398981074582
781.8508165476414,1145.5084157647182,1874.5549532522468,1962.231138152708,2033.7062888867792,2091.8394114838243,2183.3276044234353,2197.62263457025
782.8056302488257,1178.229976186765,1808.6022028599773,2042.7130450338948,2094.5244609248434,2135.7816995046733,2220.2151179936272,2192.3904687188583
783.7603427230932,1184.1245708816493,1894.02216089843,2109.4924321230355,2162.398079075506,2138.350057733474,2232.6183013942386,2173.941129319681
784.7149539865422,1203.3223979127633,1940.0306399172791,2014.5727353632024,2078.4659600311365,2098.7956224254795,2249.815971640597,2145.263422183977
785.6694640552669,1176.17074510834,1891.3834836766955,2088.3823791032573,2148.549529430582,2175.721790868728,2227.1550000195057,2229.095875836516
786.6238729453543,1202.3419980902431,1893.9804775741939,2051.5689918869925,2129.390480436523,2172.1922991387646,2315.1892843485266,2250.986556295164
787.5781806728955,1230.999627705356,1922.8895370322398,2124.3258397476616,2154.492629043208,2166.1700958672905,2269.321052813352,2291.7028642261766
788.5323872539667,1155.491148952603,1895.3938846684716,2114.8401028729154,2148.825136665639,2198.346185906465,2219.7082071476057,2242.0412293542527
789.4864927046547,1175.8953874876559,1899.1529108318243,2099.469242197453,2162.068095749212,2190.959874311562,2229.4822457280293,2235.260601440499
790.4404970410324,1196.1430180308967,1914.5962020767197,2122.746189977846,2144.808170262297,2139.0528710576577,2224.423142593143,2219.62705992261
791.3944002791723,1207.0800896539035,1846.5736717024768,2120.779315579376,2175.4286921562407,2179.263736126547,2307.7377091318076,2269.3872694287447
792.348202435147,1168.28996593153,1905.152591502724,2034.0081024510544,2129.4566290794473,2169.5450102633727,2244.949346299803,2201.997509317026
793.3019035250181,1209.9418350900132,1950.7809256061207,2077.591220379148,2200.5876717003553,2212.9826629187714,2275.9110798738075,2233.005341040828
794.2555035648547,1188.8546393466,1934.9897340248033,2108.642658873183,2181.1570670516276,2175.432245353329,2334.7731159559635,2252.7173382803553
795.2090025707112,1189.9318631455344,1962.8627445792815,2114.5862138977577,2200.467422945952,2200.467422945952,2260.5842692796878,2243.408027470049
796.1624005586455,1157.692381521382,1957.7082343229285,2099.4470715017997,2196.476342590691,2183.1585995000587,2287.798009497883,2285.89547477065
797.1156975447084,1146.0299944121793,1962.315040183375,2106.756631518907,2154.270312879279,2206.5353623756887,2284.4577998066993,2267.352874516965
798.0688935449507,1199.043708218915,1957.2345791845999,2112.1031405472645,2162.4591758369656,2237.5181718348217,2270.7721574034917,2209.014755633104
799.0219885754194,1184.274084322863,1943.0832209499422,2098.8337821600057,2162.4635846055808,2213.747305979626,2273.578314249346,2287.823792408803
799.9749826521547,1170.9416911208773,1943.365636112499,2098.607703488266,2249.116781005016,2226.398429681733,2281.3011120463334,2285.0875039335474
800.9278757911961,1165.0826527078495,1933.2794261599358,2173.873730052451,2144.5098583175377,2231.6542518534093,2232.6014735222775,2287.5403303166313
801.8806680085762,1128.5858859197333,1969.6039395875714,2114.8021237409876,2169.48715413643,2180.8012983561766,2286.3999777404792,2285.4571323888335
802.8333593203353,1132.8583665275855,1930.6459485892653,2120.2378210321585,2179.3679594673185,2123.9921155359784,2320.154003360556,2276.97961656663
803.7859497424942,1159.269797510599,1973.663858979241,2041.139546465711,2160.159161893234,2218.263226117694,2211.7030898342873,2176.0909214386506
804.7384392910826,1135.1306605863117,1905.6322320164918,2131.533544321447,2150.2805411932277,2160.5913894727073,2294.632417105938,2194.335983841912
805.6908279821218,1089.9175700027286,1874.1721508194435,2042.4270072521115,2102.250956205949,2200.399622458339,2239.659088959295,2258.354073007369
806.64311583163,1096.2652138724372,1881.7191117707935,2072.69955893559,2192.5304277448745,2218.7434302969054,2244.9564328489364,2339.5104777687625
807.5953028556213,1117.949654006558,1915.1452965447916,2101.7828646213898,2143.9873398145905,2189.943323913853,2325.935521758611,2291.2340643775347
808.5473890701068,1079.807680569701,1900.3869196900266,2062.637814697909,2187.5896533821406,2162.412790363676,2269.647577294173,2198.779370279236
809.4993744910971,1093.4560392331653,1864.6499067672885,2050.9286187320527,2148.7249425135537,2201.8143754235116,2240.0015113762884,2264.2177439317074
810.4512591345994,1109.221866339094,1937.639879214717,2049.5882593330443,2146.610188768928,2168.0669616249406,2301.4721145992808,2201.6514756604392
811.4030430166132,1069.2813933276457,1861.2382825546488,2093.89306787398,2137.632167514014,2187.88560114299,2213.0123179574775,2247.445226184738
812.3547261531313,1079.4082194883767,1879.385220252057,2001.8116070511714,2183.1148058223794,2140.1253875570414,2259.7481166431994,2232.6460920846166
813.3063085601572,1085.992636253573,1908.9714309144838,2128.6209832122986,2170.0998686247613,2172.9279744483383,2226.6619850963016,2267.198168567572
814.2577902536797,1068.0121992960617,1903.1068444903228,2083.9493356831845,2137.9180372433575,2250.58953699179,2264.791826876046,2208.9294866646383
815.209171249684,1078.7094089941038,1970.8466023851888,2054.1885058017656,2182.989629263748,2157.4188179882076,2272.9610022702805,2297.5847464615417
816.1604515641558,1034.9781979783709,1902.6871922430655,2090.8650464209513,2185.9043667128126,2199.209871553673,2263.836609352139,2304.7035170776394
817.1116312130797,1061.5416091306479,1938.9189711256406,2107.027873639213,2085.3059367975716,2199.582213225337,2244.9149509818058,2171.249252127544
818.0627102124307,1034.5219185512956,1851.2001149646244,2043.5815838656858,2118.082250744038,2228.418681437294,2205.7855674489338,2265.197491668379
819.0136885781868,985.380699757369,1867.1362781253397,2040.4728448130604,2122.4308953664936,2176.1275491773636,2158.2286645737404,2204.3889459199268
819.9645663263145,1029.0262250079752,1854.1353265281314,2075.045543639935,2146.794161163427,2149.6263434340913,2188.332834466501,2198.71750279227
820.9153434727814,1021.8349611474695,1839.114399629809,2005.0211829895459,2158.673488032938,2166.214705458381,2246.3401406037083,2207.691401298315
821.866020033558,1016.5464272744716,1871.391050768539,2024.582233297343,2145.6221799867685,2175.882166659125,2255.3146316740604,2222.2177712511707
822.8165960245971,998.2610247176854,1843.379733143453,2070.257238761109,2185.586637450084,2177.0787309894217,2172.352116289054,2159.117595128024
823.7670714618653,976.4987293201601,1830.1079767316844,2013.4968958876486,2026.7311477855017,2193.104600215655,2268.7288967748154,2194.0499039226443
824.717446361312,920.7478638397862,1856.57450538831,2040.3471087135486,2084.641018232965,2126.1076569319935,2242.0257605679135,2200.559121868885
825.6677207388858,977.5206393153909,1828.2380204814474,2005.1948061077574,2104.555568090445,2141.4609939697284,2212.432966814505,2171.7423690501664
826.6178946105392,930.9041705748365,1842.8489894068045,1995.471770936895,2153.782357989846,2168.9498393841404,2204.9726076955903,2201.1807373470165
827.567967992214,941.6933462175417,1820.7968023541591,2030.378100958466,2112.882956065139,2127.1079310835307,2192.5428161681334,2193.491147836026
828.5179408998482,955.1298492054714,1825.7601391869994,2018.4950888775668,2106.792381100339,2124.8316128447764,2206.482872319598,2232.117570061693
829.467813349387,940.4698176302885,1778.446456346277,2009.0561089034518,2035.6284145478999,2134.325549798707,2205.5013684891933,2125.7844515558486
830.4175853567576,891.0683159864315,1776.4429047141637,1972.8764951392875,2033.609585898746,2093.393722115088,2193.982903685441,2158.871585590129
831.3672569378941,843.5147983289394,1745.7253514237532,1958.7341388805562,2072.3388255241844,2085.5927056326077,2160.382457672996,2160.382457672996
832.3168281087237,845.9791730723867,1747.851706963666,1879.5326756725817,2072.7910757921413,2135.315852301411,2123.947711117907,2141.9472679917876
833.2662988851663,873.1954030453995,1790.8547106879105,1937.4909918060437,2044.3935709437794,2145.6199069414583,2153.188231128201,2126.699096474603
834.2156692831486,838.285454236549,1807.5826782178815,1982.2650378775927,2036.37859494609,2051.5683653512824,2158.846118837953,2124.6691354262703
835.1649393185835,823.0342172834949,1740.8880448531065,1930.5272654253404,2022.502287402874,2062.326523723043,2135.337623643353,2130.596643129047
836.1141090073834,837.5581338122932,1712.151151092477,1961.8992114015848,2040.7170403204286,2076.8023113917066,2091.996109737508,2111.937970066372
837.0631783654643,836.4539295789479,1725.2457045809244,1910.8071565352984,2003.1120839177308,2104.932983195259,2128.7229129329994,2145.8516623441724
838.0121474087317,825.3848219547851,1733.881310009184,1927.8085309082828,1955.512419608154,2101.6743151626474,2066.327974407639,2145.6184144796844
838.9610161530873,784.8490308380659,1717.5128852240057,1915.8708419850236,2023.6326165715382,2115.1824427689307,2126.626171043605,2172.4010841423014
839.9097846144322,780.8552198026175,1695.1899643578192,1875.387322773808,1979.3106670454629,2048.910704952167,2091.814837908355,2111.836766621243
840.8584528086649,796.2944974614437,1710.3104170235574,1871.1006520878875,1984.9937352584545,2022.3200398269596,2104.629326824176,2122.813936742166
841.8070207516757,742.3111300197545,1655.6308730041628,1854.34479197985,2038.7283802601753,2032.9962479820304,2086.4961492447155,2124.7103644323474
842.7554884593593,742.9134310413806,1653.8895405702715,1887.8404282375443,1988.1050943806613,2023.436452926331,2046.3540909019005,2074.0462367890473
843.7038559476023,721.9942931325766,1643.1594257500017,1883.5050060898911,1987.8781863968552,2002.2414680904742,2030.010479364804,2053.9492821875024
844.6521232322847,739.7048168014195,1638.6716304757776,1889.0775412217833,1988.8561416722991,1981.1808647145672,2008.044334066629,2058.8930439116034
845.6002903292865,669.1576794821051,1641.7817171842778,1822.7127635678512,1942.3761540331777,1993.113431590476,1995.985352961644,2092.6733724576275
846.5483572544908,638.9496169549822,1641.3735669083073,1795.3719027312898,1948.4137271516447,1951.2832613595263,1980.93511484097,2041.195333206485
847.4963240237668,637.2728871989252,1621.4522182565136,1771.9061179410717,1902.2356106614534,1959.7339162733865,1973.1501875828376,2046.9396797848185
848.4441906529828,636.6793807442546,1610.8179527838872,1787.673336323958,1890.9186413095129,1961.660794725541,2012.327472172156,2034.3148982338944
849.3919571580083,630.0951788318579,1604.8333266914442,1781.4509146973437,1890.2855364955738,2021.0780205864291,2044.945262208848,2001.9842272884941
850.3396235547079,595.2018627445564,1567.1741353995292,1757.9439632022716,1898.1597866372872,1947.7599418660002,1976.3754160364115,1990.6831531216174
851.2871898589401,584.9448229481249,1580.209831651052,1787.2783905087078,1894.152485402982,1928.5048730475698,2010.5689101985304,1989.5757844157265
852.2346560865626,553.5426971822146,1558.509007756132,1773.245398904405,1829.5540525832853,1934.5362882557743,1996.5712456986087,1987.9817900526778
853.1820222534261,555.7219403862152,1520.5702058498682,1743.8171232808822,1841.5475334867338,1853.0452288050692,1986.2268662424553,2007.3059743260703
854.1292883753848,508.6814787477284,1538.5215291181296,1697.8444073674182,1842.7706399917708,1815.896901491891,1932.0298428663723,1946.426488491308
855.0764544682825,532.5595431323381,1515.9682301799592,1741.8734515447595,1809.1643685470406,1885.1069748781863,1983.1594539386529,1965.8560752809235
856.0235205479657,518.6901533342565,1508.8291635095006,1727.6817003252556,1808.666780028002,1868.4414817133625,1946.5342371410106,1985.0985608089852
856.9704866302709,514.9986673910082,1463.3264373815402,1705.452676528059,1805.3777910964636,1856.3011667899775,1911.0678161207377,1970.638557498056
857.9173527310339,478.4838558034402,1452.711506096617,1664.6251977450345,1785.4447685491095,1848.7312103988631,1898.5932554926085,1937.9075602780613
858.8641188660948,487.68903520513277,1467.8671945445828,1703.0715520746173,1801.9533840158156,1834.5939887342693,1835.5540065201062,1950.756140820531
859.8107850512752,465.7954039094096,1453.0895796184261,1675.903051179216,1820.9238882726609,1836.2903345871982,1938.0930414210072,1890.0728966880783
860.7573513024072,443.65220402934244,1444.9838524325019,1629.9187884533724,1731.489271449291,1727.6564230343506,1917.3824195738966,1888.6360564618442
861.7038176353163,443.60339440857894,1398.8357577462748,1648.901602110506,1738.005523665577,1778.246004367867,1825.1932318538722,1885.5539529073073
862.6501840658128,441.9874387832103,1418.7605448387465,1554.6094978846684,1725.855713343964,1815.7838935292925,1845.4410593350924,1860.7479836219568
863.5964506097263,439.6251850015442,1388.64216045053,1635.2145468209612,1730.7852392126013,1764.2349815496752,1824.4445177564085,1828.267345452074
864.5426172828592,446.33631838083556,1395.3983401199569,1584.6372930951293,1652.4957055256202,1800.6373101273964,1884.7435114496952,1777.699255221315
865.4886841010266,436.2843824345308,1373.0972212005452,1562.9528425676597,1712.536059402356,1736.5077287668908,1782.5333339467973,1850.6128749420757
866.4346510800351,437.7670881030592,1327.7014974704625,1608.026036343474,2045.7931244465333,1809.6293006014619,1790.4289897197486,1827.8695959390893
867.3805182356847,419.85969980083996,1352.9882527985783,1547.510407293463,1669.8089895749004,1682.3277420918978,1773.8109335622644,1803.6633434104892
868.326285583782,404.7665420522357,1317.1737829253277,1528.6907407673511,1636.3721011232903,1756.552190806258,1788.2797344825617,1826.7373631811113
869.2719531401162,415.9660724364128,1331.47569606667,1546.6636873501723,1638.8871121859588,1701.3300560851894,1743.5991258015918,1777.222249439639
870.217520920487,423.154885112624,1285.776748414776,1510.3079119439233,1636.9665170116475,1713.7293079617834,1756.9083778712347,1822.1567501788502
871.1629889406759,417.8987197906691,1289.241567722018,1542.8628597329068,1603.3861225991418,1688.8872399816005,1680.2410595721383,1781.1131643491965
872.1083572164789,404.4711908343496,1255.686096010677,1530.4574988102588,1569.847804806003,1629.4136333849333,1751.4275080546777,1780.249683173515
873.0536257636742,411.15822849926616,1315.1299411576995,1480.3617526106755,1569.7022088032732,1648.4755142634128,1731.091419989901,1803.1401749839313
873.9987945980465,422.09535184057984,1283.6324398439551,1460.9510351377146,1557.3198369278014,1659.4707668252934,1697.0545995234272,1782.8228331166044
874.9438637353633,418.3314998598609,1277.164141277225,1499.8244557187638,1527.7774822070955,1654.0480501371458,1709.9541031138092,1737.907129602141
875.888833191406,384.6541651531974,1253.0109429865406,1454.9543796919693,1557.8493688704496,1574.1971708894605,1684.7852433710048,1728.0588369507395
876.8337029819451,383.09036747970765,1252.004609507616,1432.5083415531924,1515.0791977017009,1582.2880341016496,1630.2943458158986,1694.6228035129925
877.7784731227404,408.35014573432335,1254.0114404465392,1453.8423628271653,1523.348770611731,1615.0586142163663,1666.223053280005,1677.8074545774325
878.7231436295624,405.91165295016566,1261.0193768191166,1414.9195295964305,1527.4590163148414,1619.7991079812298,1639.9985030332523,1731.3767187447825
879.6677145181676,380.7921742765825,1191.4179392138528,1432.778635535626,1500.09038351381,1611.6355658776572,1652.9842110642558,1655.869000263321
880.6121858043117,375.57807190239464,1196.071705904549,1387.7128246444888,1514.8315566729916,1563.9456122294587,1626.5419575465244,1679.5080958917338
881.5565575037508,385.7580044678981,1218.1831720038888,1413.4792043410202,1515.9612807159506,1559.4678225732323,1623.2774172972454,1689.0206361038047
882.5008296322338,384.53039243207127,1209.487825820174,1388.7425952245983,1499.5721569531402,1590.163276974731,1578.5984531421873,1645.0961901793125
883.4450022055063,375.0511972456509,1164.6834094415071,1358.475930383347,1405.718883249766,1582.1568500774115,1589.8699852392758,1627.4715191533642
884.3890752393128,388.67984580945034,1145.7353663786037,1303.334408336167,1494.7737353766424,1521.8459634429723,1564.3880361186334,1664.9420260792874
885.333048749395,373.5972089355218,1180.9553331805976,1347.861099250493,1423.5509233984687,1478.8627179681434,1517.6780124030029,1621.5089250162519
886.2769227514873,363.0331438943707,1189.7806235898177,1311.7597599383262,1431.8027195193981,1505.3774366819907,1572.1755351585548,1556.6861210190616
887.220697261324,371.11934930814084,1126.9237682646678,1290.6813923719155,1397.2691950452718,1502.8880176943248,1507.7329178158411,1572.6545794441581
888.1643722946354,367.1309434619667,1118.8752562650413,1313.1244326999442,1373.3416773947642,1466.5812820835176,1558.8496408900967,1576.3320667692378
889.1079478671454,390.2977182033876,1112.7843131903037,1314.2282967791489,1404.2970009799305,1447.878632044825,1511.7983576066702,1597.0246583557969
890.0514239945842,376.5570420942292,1121.927022589233,1307.785511232143,1407.490846285371,1407.490846285371,1504.2921424535532,1585.6052312348263
890.9948006926642,373.48312568082224,1142.646048594557,1239.1533162123403,1353.9969646775028,1405.1458165149281,1481.386557932977,1539.2909185036472
891.9380779771091,382.25695894141916,1103.3325860354598,1260.6757282259935,1326.315812084621,1445.0471402406679,1502.964861292398,1515.5137008536062
892.8812558636273,351.1369485513358,1091.2405169067756,1254.1991007648542,1363.8081482408236,1418.1276761935164,1454.9873558757008,1501.5469512637233
893.8243343679352,375.3679027339124,1101.8551356737066,1248.316513743011,1291.9639442934658,1368.5894334820423,1467.5236093964068,1507.2912683423767
894.7673135057303,371.0010101991135,1019.0419392414293,1233.118240165722,1305.7685685336946,1397.7923177997932,1423.9464360122633,1505.3148037843928
895.7101932927252,362.920845368061,1016.5686044987085,1199.0046208530832,1356.0752017785076,1387.2941992295237,1418.5131966805395,1434.1226954060476
896.6529737446181,372.8120851561215,1080.3742886592315,1244.333530298573,1337.048577654153,1399.5092411358069,1425.8598335421295,1471.729383286469
897.5956548771028,355.45894017661465,976.0552865505402,1181.9495360517487,1265.4726750003522,1378.1317926519569,1386.872586262857,1452.9141379896598
898.5382367058737,362.87690514607647,969.288845563985,1170.1324802303964,1288.504090999972,1356.4222283267777,1400.0838880368672,1431.1321793862642
899.4807192466251,345.0590408366297,991.3136851154023,1161.8937194272955,1251.570080322691,1353.9181009098268,1368.5392467079892,1440.6702326455897
900.4231025150402,357.1291799708936,969.2116164877657,1194.971752055197,1219.299352870653,1351.6415013067335,1368.1842698612436,1435.328448111902
901.3653865268024,361.6491311065359,999.1653891757393,1178.527761476555,1269.1837431285976,1281.8560846498508,1414.4282728721928,1423.2014323869066
902.3075712975952,363.6886835180045,968.8588316299529,1172.2116439195897,1200.563718709972,1305.1730981089677,1324.7262531368174,1390.229322480114
903.249656843098,358.6989235131871,996.7125825489378,1141.7602346799533,1221.1444226705767,1315.2293862150193,1301.508662364788,1396.5736776128185
904.1916431789759,358.04101260213895,968.4715914648021,1125.9705068444316,1186.6222630775808,1309.8822838094648,1327.4908581997338,1427.2727797445923
905.1335303209088,346.2175439039208,920.6460885783133,1099.118794309067,1181.040692021544,1243.4573759929551,1289.29462828446,1455.0889450835207
906.0753182845584,369.3224748565784,985.5078671172909,1087.5574983276613,1168.225302046335,1223.6236732748218,1313.0385882400985,1356.7741444731146
907.0170070855893,342.0969050827584,911.935375872169,1050.5185413872807,1157.1209763989052,1201.7001764946754,1274.383654911692,1335.437776781986
907.9585967396632,330.6943495712363,929.0474688834145,1032.8137310655914,1152.0964436675329,1171.4920066922386,1275.2582688744155,1343.1427394608863
908.9000872624383,324.87605617797647,902.1111917084881,1051.9796104810666,1134.1655175499,1202.8149222779844,1252.1264665192843,1317.875192174351
909.8414786695683,336.371539799924,879.2189815519628,1027.5326576020734,1111.8678851599793,1188.448149264285,1256.3040794832898,1278.5995994123912
910.7827709767045,331.7273037430028,871.0266630444927,1016.5210945107219,1125.156936672173,1201.7840039110538,1230.8828902042997,1294.9004400494407
911.7239641994928,361.6288780976782,858.9897747842972,983.0876203513288,1100.3988649889136,1153.7221580059975,1293.332234268908,1306.9054361278022
912.6650583535776,327.64809684422454,853.4314734910038,974.2456684925615,1045.7676719334836,1145.3185686147672,1215.874058495677,1262.266709376275
913.6060534546015,330.47926407930714,827.1644738359266,996.2693604262154,1026.2250831936378,1170.205815204798,1234.948828927937,1228.1846334643255
914.5469495182007,339.6711134460317,872.3371777136723,982.3442996819894,1054.7174062400927,1151.2148816508973,1248.6773318158096,1267.0118521438626
915.4877465600113,330.5044943162703,839.7906595346168,971.2193473328997,1064.9589261302044,1102.6480351311827,1177.0598657228575,1236.97588516031
916.4284445956582,318.95061527634545,838.3294117535364,946.2522785539917,1016.5948613792884,1130.299310329768,1171.733982404943,1217.986639605138
917.3690436407777,318.1352921392872,834.5007815082214,922.4956495467477,1057.8723696060188,1138.1314250697296,1172.9425816563992,1206.7867616712172
918.3095437109914,353.4794395649956,783.4653879673463,970.3736943674672,1042.0380191011923,1087.554549675315,1130.1657697872597,1250.2519355572856
919.2499448219168,328.1223927894818,784.9771697707073,960.16936179105,1002.7575189672659,1125.6824271804346,1185.6930122923752,1213.762479522154
920.1902469891755,320.30354648653525,758.308998609689,929.0732387546188,1008.1843556579198,1120.0976429845405,1126.851031012871,1177.9838260845167
921.130450228382,347.1927950716445,825.5473127259104,925.8474535243854,1033.862989768897,1098.4794266294532,1120.6611885368081,1178.5266543820824
922.0705545551464,312.2373084507554,816.8437326343291,894.1780505168691,997.6127006847664,1034.3465016789728,1116.5142144291717,1168.7148789998862
923.0105599850797,323.19128723947745,801.7073423761366,867.3103499351947,1040.0006198333035,1094.9913761695727,1142.2641316165411,1169.2771347290945
923.9504665337809,319.81936846826574,789.4030937721242,912.1132442116099,970.0865436318393,1056.0802711051797,1130.479338694474,1188.4526381147036
924.890274216854,330.1981179963693,765.3279994376489,899.140064748131,1018.5119791258272,1063.7577853818896,1076.2725828569705,1145.5853073343426
925.8299830499018,329.05905773427827,759.4412857386421,881.9940726367458,1003.5818769608486,1066.3057442709016,1096.220204064927,1140.6094024689646
926.7695930485132,319.6502666968349,733.0901326041183,863.2471274267816,976.1774611699748,1034.5567014948458,1110.162602899187,1113.990749805736
927.7091042282808,291.2864927293243,749.7045796476053,892.0051941284884,978.9136231067457,1028.5755825228928,1082.057692663359,1111.6638607768314
928.6485166047933,311.3467782657745,753.6870181189786,857.1528682133975,949.2279825176053,1046.9984647169185,1052.6938326120242,1099.2060037553867
929.5878301936392,299.8972477512337,750.2191467554671,853.0410602701759,939.6780429538655,1010.1300948065364,1083.4383109235046,1106.2876250378843
930.5270450103965,297.6625610623514,773.161859883999,911.0566565422768,942.4396102645055,996.6465303301734,1096.5013830827193,1085.0893999109999
931.4661610706462,307.1211445122752,762.5732442688691,869.0672634186363,939.4293832140182,1006.9389846393171,1032.6116499700645,1080.1536228047821
932.4051783899632,300.31601724516224,728.9315988197451,857.2311631491657,899.9976845923059,994.0840317672144,1062.5104660762386,1093.872581801208
933.344096983914,302.23441136827205,745.6378738145144,848.9091930594725,924.7046567254969,1026.0810893788043,1071.558367578419,1134.0896251028892
934.2829168680763,301.5001844941254,710.7465164250228,878.0365874452742,932.8548028078425,992.3987263913218,1062.3392080608055,1118.1025650675558
935.2216380580104,288.6194480151469,737.5830338164865,837.5623197302302,965.8376299591844,975.2696380642545,1036.5776907472107,1095.9993418091526
936.1602605692752,284.02320760180476,735.0633844578269,842.6336358418991,921.8959263354261,1021.9173881486862,1038.9021646830133,1077.5897112334253
937.0987844174381,276.1127560992361,711.4850882420589,850.0126484693207,925.4017968923202,1004.5604027364699,1030.0042403292323,1103.5086600416569
938.0372096180472,287.2082298522266,694.4014767808769,835.1712999650275,875.7961482664938,967.4382479232897,1043.9641249562844,1126.1585854732045
938.9755361866593,270.46676145619716,719.6685505879931,867.1958750186461,903.1320181491898,1044.9852147171252,1031.7455830374513,1094.160989527343
939.9137641388223,294.65393573440537,706.7904696394418,852.696277044903,920.9119792084952,1050.711301380886,1026.0778533773666,1120.8218841601335
940.8518934900823,302.8945737047335,723.1607947200513,829.173895516708,892.5924468861365,1004.284820939757,1024.1622773391302,1087.5808287085588
941.7899242559796,274.985636645327,712.1179762780711,837.2838522683578,900.815016596761,990.896518256437,1025.9808925870477,1046.8418719187623
942.7278564520531,292.0082618942823,716.7475519223294,846.634343738942,926.2729606192008,963.2480327421781,1029.6135468090604,1104.5117698273991
943.6656900938432,286.82471933447295,715.6418739830414,818.8230436446174,899.2854236559383,958.9222464878584,1018.5590693197785,1096.1816006248173
944.6034251968813,286.5201523172139,729.4953878076433,809.607930396338,902.9154799996412,981.143021586249,991.5105270977272,1057.4855621707698
945.5410617766937,287.38112879861376,743.4220020396926,832.9341569113919,880.0458173701811,945.0599088033101,995.9405020988024,1081.6837241337987
946.4785998488113,284.93930242066733,716.1222865473062,802.9249879469797,887.8406740988343,952.9427001485893,978.4174059941457,1053.8980159069051
947.41603942875,311.26077528679525,687.6033490426477,809.2780157456676,889.4512457437816,990.3751940943486,970.5676902124616,1097.9016437388777
948.3533805320368,281.1337650474124,689.6267860726795,832.0804723886502,919.81684872895,968.8737473278273,985.8549814582079,1046.2327028106724
949.2906231741873,272.85109337073936,707.1469513310858,792.117880062458,868.5917159206929,960.1714946645051,974.3333161197337,1079.130794888426
950.2277673707068,291.3618223209452,681.7300891198815,781.6794521167106,917.4597188293841,958.0052151394185,966.4914818089607,1088.127970739064
951.1648131371147,267.66826423118783,672.4578147001071,818.9709698582309,862.1735668920367,927.9166493347846,979.5719283969437,1082.8824865212619
952.1017604889166,272.0606081079606,695.6843923591103,819.0059828855561,888.6685607401896,963.038069530947,924.4412358547312,1044.9386678195026
953.03860944161,283.8357898103366,662.5967940936666,835.5298580840704,853.3870766482969,934.2144869916377,972.7484849460212,1077.0722355054495
953.9753600106959,278.2438702769839,677.217284267371,808.3220231436447,875.2891919221731,930.9379659775699,982.8139417919228,1040.3491149678416
954.9120122116764,296.6696085915119,704.8326975360429,808.5701096905913,936.545234965361,948.1793372630674,1051.9167494176156,1055.794783516851
955.8485660600418,275.2393683482642,689.0675735761121,839.2862429211154,902.2811687754717,983.689996033409,1011.7954244915064,1119.3713747966378
956.785021571286,115.99357657921846,134.35922620426138,150.79164955298398,203.95537215179246,227.15408746763615,212.65489039523385,291.91716772436644
957.7213787608888,289.90306924953165,677.406838479739,775.0075384604147,898.6995146735482,952.8147542667941,1005.9636502958749,1006.92999386004
958.6576376443409,292.11193151970855,673.8819806345751,838.7372291159948,889.8327154874289,987.2033593273318,992.0236882302972,1054.6879639688486
959.5937982371181,278.8377732045758,667.5207297927724,789.5709335523511,870.3118375779185,906.926898705792,965.1354574218988,994.2397367799522
960.5298605547032,272.7422717099712,679.0342074986179,773.0832667089528,855.8464388140475,943.3120638796589,955.5384415770025,1011.9678771032034
961.4658246125656,274.412087789642,673.7289879525003,789.1713145398669,874.3336866125145,927.3236070132729,924.484861277518,1021.0022162931851
962.4016904261772,271.28365430308656,654.4955296123417,766.4237506185103,876.4548831330488,887.8374140828288,941.904436094283,1009.2510775471472
963.3374580110068,280.66643161485695,632.688735674169,763.9835409719666,819.1654156623453,919.0636370845824,959.0229256534773,1047.5042074846017
964.2731273825156,275.94174403996243,661.3086624405996,761.2186042481721,884.9166274385001,923.9290809062189,904.8986158000147,997.1963715651056
965.2086985561692,264.7240379679381,648.4786685473591,759.8913032317072,850.3545536164343,919.8684197015402,918.9161749606484,1051.2781939446174
966.1441715474248,276.78352904508364,687.6786649470635,778.0375489995822,851.2758023895184,904.5399866731084,935.9278095545096,1011.0683552402884
967.0795463717333,264.01335677880587,643.3538477461875,763.4465659921425,840.649027721685,908.3203213364692,921.6639566971309,1023.6474555250451
968.014823044552,272.4164756312247,659.1335704084179,768.6716637566376,846.777086839716,907.7374170508991,960.1252008261347,1015.3705000800194
968.9500015813246,295.8283230831525,655.8006514950144,749.6232264534253,841.5310549841134,925.7798978039109,912.3766728098523,1011.9434870514311
969.885081997494,260.6740646291852,646.8933589143383,773.3969491020312,832.8153020689778,919.0677499242229,936.3182394952719,1002.4451161842932
970.8200643085074,268.73085559775325,649.3532062308699,771.7644144746863,834.8826937254041,924.7784247794568,913.302374006599,998.4164172386277
971.7549485298005,263.6692397411688,635.6825670850724,767.9965855733681,843.7415671717401,903.186995767931,910.8573736513104,976.0555856600358
972.6897346768093,247.66451910207084,625.8808777308147,795.7902571147936,841.867376947737,880.2649768085231,933.0616766171041,963.7797565057331
973.624422764966,255.45814258904258,670.3375320569613,783.6610689949576,867.2131682628025,898.9053438471574,899.865712804259,979.5763362436971
974.5590128096956,268.31814355124794,642.4248024811241,757.8304556214457,856.8869745668885,867.4658261047514,954.0200659599926,973.2543414833796
975.4935048264307,267.47914929463695,659.524400607354,799.5405617904671,812.0937348620566,937.6254655779512,894.1721741762954,1006.1851031227859
976.427898830585,267.77931558819864,616.7624669504359,760.80260421629,850.7068509661184,898.075755167641,928.0438374175837,1017.9480841674122
977.3621948375841,266.4072019379332,648.0960658053721,814.7216611992794,810.8466473529095,866.065594663681,913.5345142817129,965.847201207707
978.2963928628417,251.8913661896756,647.5827843420395,739.267381231002,853.1493015772921,898.5090495118313,909.1251607305534,994.054050480329
979.230492921768,277.14034695767975,672.0894825175787,763.8258342979954,791.8295627362278,866.184289968776,949.2298294752585,958.8862875574076
980.1644950297776,256.3430991694052,633.1481810312,746.8642926928159,830.705832646719,919.3658519083178,909.7288932929267,999.3526084160645
981.0983992022702,263.1451342041498,653.5252783531633,737.3847167259144,828.9553678225966,895.4645775665026,903.1757902904337,1046.797127273651
982.032205454656,277.2601018169073,627.6860638354985,763.4279886833594,797.1227927236085,923.2376307028269,854.8853139354643,974.2611911066327
982.9659138023272,239.88784149490778,659.6915641109964,753.5186634053756,827.0326793473635,891.8410881383265,871.5280047859351,997.2756636340722
983.8995242606834,263.06429965116763,671.2008233746703,748.5726762132491,831.7474180147212,893.6449002855842,919.7579006186045,960.3781233588583
984.8330368451207,249.49351862845953,619.3652330153975,801.8741104556715,830.997867494013,879.5374625579157,923.223098115428,995.0616988100039
985.766451571024,248.41071427426672,671.4852120226273,758.8171037596742,851.0007672598903,895.6370674810476,896.6074218336814,994.6132114497008
986.6997684537855,251.3324628372904,647.2538714767285,761.7605533871542,842.3033889682165,890.8231694387358,898.5863343140189,1001.44826891152
987.6329875087796,246.04344554903835,684.853212610906,769.127936086364,824.3424100875261,911.5231585104137,885.3689339835474,965.7689575290993
988.566108751398,262.0615679448347,659.0363134612694,735.7135870451284,825.0086398263313,895.8623230114163,864.8031742179544,960.8924157977272
989.4991321970084,255.69793768040566,678.9555087650165,769.9994714239489,816.4900055476589,906.5654154123473,895.9113346756637,998.5779308655236
990.4320578609912,252.30810715614538,642.4152574514163,754.9834898749274,850.084237956859,896.6641962010706,907.338769965369,993.7057758765111
991.3648857587103,260.054614548757,676.9211876830941,760.6840972381244,822.0452984237862,892.1723854931139,896.0683347747432,973.9873204073295
992.2976159055361,253.17482657404818,610.540831776647,799.4482023742061,801.3957010401602,893.9018876729855,850.0831676890157,933.825610325047
993.2302483168423,267.89420653152297,613.7212731449434,768.6128325577149,852.3906571457549,896.2278909418222,860.1839431539446,992.6698052931705
994.1627830079706,256.81169095322866,686.4586263882879,767.505661936265,832.9291725593309,886.6350394887133,887.6115097965203,972.5644265757252
995.0952199942984,266.3600679233928,655.6555518114285,781.5180014895152,821.5207955732483,897.623672122789,889.8182488869387,964.9454475319982
996.0275592911639,269.92451767427673,648.0137337667654,767.8719130950544,828.2882311304521,859.4708468906573,892.6023761358755,962.7632615963373
996.9598009139264,274.86329513810966,673.953061744333,786.4415989004989,829.4806913776406,902.8427808273141,885.2358793593924,941.9692285338065
997.8919448779344,256.41543339588736,667.4630747175388,784.9052579522964,835.796870687358,866.1361013563371,865.1574164960474,922.8998232531366
998.8239911985327,247.1834519965935,673.869172704999,787.6520315605737,833.7537071313669,884.7598162735212,883.7789295592489,940.6703589870364
999.7559398910597,260.9909211735433,664.2513294529655,749.6130217164929,825.1630252140975,884.0331578096336,880.1084823032645,959.5831613072382
1000.687790970856,271.8802276353988,640.9306449311026,764.6017954078544,846.0677119917465,882.3838434809514,906.9217701628467,984.4616184776354
1001.6195444532569,264.69535524241803,646.0527374250129,770.5575897057058,865.6518469594633,901.9249141593502,873.4946722999795,980.3531675645112
1002.5512003535949,250.44885671251436,646.2562655562135,775.9003796191621,848.5796556847545,930.0983031637297,865.2762461322554,986.0809887818212
1003.482758687198,262.3734035555508,655.933508888877,762.645079737963,836.0704725240313,887.9577500928528,844.8815196583595,991.7323052304961
1004.4142194693891,277.993719581048,672.4707230710563,773.2923889754505,820.2772429891488,912.2892487659745,849.6427767477102,982.7665297865219
1005.345582715494,250.59104746470857,688.1465092487896,772.3294392564651,818.3363893769389,900.5615768262965,880.984151243116,992.575477067244
1006.2768484408299,265.548002976746,645.7421917405004,776.0664884043647,815.2617655965043,890.7126741913731,858.3765705078579,976.9422840140803
1007.208016660716,264.95066127897627,649.1780040193368,775.298429498997,815.3832158917572,874.0438789055528,881.8653006407255,982.5661054810744
1008.139087390464,273.6482880900091,632.6277627887307,818.0024095593819,828.7914101650813,873.9090490616419,914.1225967737937,964.1443268547631
1009.070060645379,280.0465222827545,676.0421309843338,792.9738367795891,872.5660062704773,896.1488713048145,874.5312450233387,984.5846151835791
1010.000936440771,287.14907420796305,670.6700979788726,772.9423709844484,815.2280223232923,868.3309333069567,904.7162612031711,1004.0383724874324
1010.931714791943,278.217498556991,667.5253763964555,774.6833528724696,824.821488654825,931.9794651308391,875.942725138795,983.1007016148092
1011.862395714194,290.94783997840295,644.8033210332173,759.806352376032,818.7822658851677,896.4338853388631,903.3144085815956,942.6316842543528
1012.792979222824,283.3701099192003,696.6181868847007,760.5732464150758,839.2871658370758,870.7727336058758,856.0138737142508,992.779308709976
1013.7234653331219,295.06463972005037,658.9776953747792,750.4477336879947,837.0000280058762,913.7168343330893,898.9636023470867,991.4171894593693
1014.6538540603799,290.1155017523452,684.4758956597705,792.6545573301364,826.0915982100677,896.8994494852163,885.0981409393582,991.3099178520813
1015.584145419885,302.6619448724369,690.8160624848153,801.857620181521,818.5629872686361,884.401786964913,880.47111235618,972.8419656614043
1016.514339426922,291.41578876468213,711.2520946121056,809.0492576212702,850.5389631403096,884.1258676081035,898.943619579189,945.372575755257
1017.4444360967681,305.2360533536083,654.9239591373538,791.242973256441,847.5486530012814,905.8299706319057,908.7934274605815,989.7945807777203
1018.374435444704,301.97643324259906,661.3778931346104,767.3171664361123,868.3060064057684,928.7012930542882,878.2068730694601,977.2155397063779
1019.304337486006,319.728504326262,686.1254549361709,766.5540538505411,838.0461417744258,896.6299360453869,866.8415660771016,971.1008609661001
1020.2341422359419,301.4531041121529,685.7559024008247,793.5603237389455,833.4878871975088,908.352068682315,913.3430141146355,975.2307374754085
1021.1638497097811,327.52014359211563,716.7614084690676,787.4420473597673,840.2036510387404,895.9517605863346,899.9337684111628,981.5649288201399
1022.0934599227879,320.6420291766943,671.0650517753726,813.0211204201629,873.5758070448637,926.1888954237021,904.3495002475804,1002.6267785401276
1023.02297289022,358.2192666397099,691.6311048417667,814.6759498925259,870.2445895928686,921.844040743187,883.1444523804482,956.5744405559012
1023.9523886273421,328.67556349650084,704.0210710544383,766.5786556474279,858.9255662370791,871.8342741689659,862.8974763699674,989.0056230891686
1024.881707149409,339.6160972299739,659.4295065748181,787.1568434339044,895.0814924078612,894.0913580136047,881.2196108882705,955.4796904575068
1025.810928471667,343.99481588413175,676.0591757260394,797.3521454886522,869.929086412183,901.7436358581142,862.9696537208855,972.3321674412742
1026.740052609366,335.7775548235493,720.6688415466625,812.8823789907417,869.012358304529,911.1098427898695,892.0657426655489,1007.3326644706478
1027.669079577758,351.64864626910776,698.259346316595,820.1776448798101,855.4432684311532,901.7923736700615,903.8075521587097,1010.6120120570633
1028.598009392081,381.79006320978505,701.1237044696844,770.6316579300411,856.2573977000457,904.6107566289894,893.5297785411065,999.302751198171
1029.526842067571,385.2053916870876,691.7562793124139,784.5282584621837,883.3505840782427,878.3086286896684,911.5855342542596,973.0973899948679
1030.455577619472,359.2088751368674,732.5043728281217,763.6961799128356,819.0364828050701,910.5995294085853,878.4015349985581,969.9645816020733
1031.384216063008,381.891574587644,736.7199667241952,779.8205906277875,866.0218384349722,869.0288587073159,868.0265186165346,984.297969147156
1032.312757413412,386.2270175096053,692.4069847581525,780.4587400453163,820.4822651758453,871.5122597172699,852.5010852802686,942.5540168239589
1033.241201685916,384.8236418966752,716.6715616621198,797.6344577494723,843.6133863916724,922.5771986250162,868.6019345667812,962.5588757051902
1034.169548895734,412.216877879293,682.7030132431875,780.5171876552231,827.428067220179,908.274476683188,871.3446353235419,981.1360555819492
1035.097799058094,391.5990739795077,707.0817039118476,797.2195981782305,873.3360422253982,910.3927320904667,860.3161241646985,966.4785329673272
1036.025952188207,403.15290254890033,670.2542052301817,775.2940433632699,852.3232579942012,882.3346403179407,878.3331226747754,1004.3809284344812
1036.954008301291,389.77045864930915,667.6068368659961,752.5568086228968,839.5056032446658,873.4855919474261,873.4855919474261,979.4232037854434
1037.881967412555,412.86824459770725,678.7833851860611,761.7569064974647,873.7211762188767,885.7173479747423,886.7170289543978,970.690231245457
1038.809829537204,413.93057648524484,658.6632530933093,813.7613279807247,841.9609779602547,902.388799344962,888.288974355197,944.6882743142571
1039.737594690447,434.6947035114708,709.3976064249697,803.9839539482989,823.1024710008868,876.4330712002107,881.4642598982601,974.0381319423697
1040.66526288748,425.1941152581673,696.2301745104113,783.888676945152,858.4487824643567,884.6455762954287,880.6153003214175,961.2208198016389
1041.592834143507,430.2403988385658,708.3348955117372,815.1393036543319,845.3669663361984,876.602217774127,862.495975189256,1013.6342885985882
1042.520308473715,417.01135221657916,716.6117411877137,790.4996749542436,835.0348679094122,854.265973958235,871.4727530545501,970.6647737274258
1043.447685893301,434.50191037849254,700.2554044006869,783.1139082403064,866.9828816389456,906.3911944407158,862.9410034028666,993.2915765164144
1044.37496641745,432.23962197857514,735.9208552187919,792.6080187569657,862.4547024022155,869.5405978444873,858.405619292346,966.7185924813566
1045.30215006135,454.00734888627426,697.2255715039212,796.5396790727937,830.9955939436269,872.5453736408083,876.5990106844357,958.6851608178915
1046.229236840183,434.6784564432498,677.9762341714388,819.4757785405529,842.8893722131402,907.0222592293574,851.0332308818662,932.4718175691261
1047.156226769126,459.89472268562776,695.4505562563152,772.9494452232946,830.0538897252793,883.0794453342653,888.178056450514,949.3613898454977
1048.083119863353,467.57143597473447,702.8851651907773,798.6405355211151,830.2194342470776,896.4332541563537,885.2278384793993,953.4790066935763
1049.009916138042,447.6515093280788,689.7902802828123,759.9901760638065,827.1379024630183,871.9030533958263,870.8856636018988,957.3637960857322
1049.936615608356,469.9492945178082,709.5112993153894,786.9866710797135,860.3843916985469,888.9279497169821,872.617345135019,943.9762401811071
1050.863218289465,427.26945718786635,711.439167431578,744.930597567444,854.5389143757327,920.5068828251658,883.9707772224028,966.1770148286195
1051.7897241965331,454.92566877238113,687.9610893016632,774.0828751494414,827.7823416192324,862.2310559583437,839.9407113859776,974.6959763007363
1052.716133344715,458.2627627717444,680.2971544686736,782.6965771234218,801.9598348505526,895.2345564766599,888.137566787717,949.9827626485055
1053.64244574917,434.4183936351132,680.4875536661913,755.4221949925278,817.1926425723458,893.139914186876,874.9125689993888,945.7966891729503
1054.5686614250549,454.92527025538425,698.5630261032678,774.3839044791653,801.6794206944883,872.4455738453258,854.2485630351105,914.9052657358284
1055.494780387515,453.6175716443652,650.0501807939341,763.4545737050254,820.1567701605711,871.7962705040145,862.6834175022303,878.8840450609576
1056.420802651697,436.81215527492554,697.2778719933847,734.7768273186102,805.7207968528209,828.0174729921442,839.1658110618059,909.0962953169565
1057.346728232751,489.82506587005787,680.0876947617332,774.2069739475088,831.8929837710486,881.4827115140916,810.6402433097445,932.0844745171969
1058.27255714581,456.34117132305005,669.30038460714,763.610893347237,824.456382856977,827.4986573324641,848.7945786608731,911.668251154271
1059.19828940602,468.3415631032115,677.6221748152757,761.9439746798452,797.5013601649047,867.6002058354504,849.3135504431341,909.2531431179486
1060.123925028511,446.16657315481933,680.4040240610996,695.6142481459229,824.3941453974276,847.7164889941567,836.5623246652863,927.8236691742267
1061.049464028412,439.5361833155161,679.0986296491461,715.6420536661406,802.9402332622939,834.4081817213724,857.7553692877855,920.6912662059425
1061.974906420852,462.34875809293015,654.82434240915,704.7254198244663,801.4724066500794,856.4654307404279,827.9505293602472,926.7342948558733
1062.900252220959,455.5199235128778,675.1456009208725,740.2198757084265,805.2941504959805,862.2341409350902,835.7977168026464,940.526627788866
1063.825501443855,478.0340570186386,668.2305860877565,730.2733041263458,763.8373974914842,830.9655842217611,850.2903652501742,922.5040206721387
1064.750654104657,462.8104144735005,655.4781861375789,744.1665254750118,790.0398044426495,838.9713020081298,862.417644591589,900.13567396498
1065.675710218478,454.66109418194327,648.3507979814258,732.9626159569892,792.0889465905154,865.4871501355825,828.788048363049,898.1085739333902
1066.600669800435,457.4337807079424,645.9087237613262,729.4489687903937,790.5759773482479,855.778119809959,812.989213819461,911.811210987992
1067.5255328656351,484.89724287964015,648.9066044418714,732.4393227530699,787.4486738360542,840.4206415455948,801.7103574501614,908.6729845559644
1068.4502994291831,442.42604696544157,683.007952688585,726.8427914432255,809.4153946787111,835.9201809024472,786.9882678740113,875.6773602380514
1069.374969506182,457.56856321275995,648.5625840180861,752.7411408209913,764.9974416213331,857.941056023925,814.0226448227003,910.0303344253775
1070.299543111734,439.42470807039723,635.2883770255627,701.2528251192713,786.4991888096024,818.9739940249666,793.6030524504633,873.7752278258938
1071.224020260936,453.9285476173221,658.601687391204,726.4883228607589,761.9514906433621,827.8116593824826,796.4014250607482,878.4733276433444
1072.1484009688788,431.91315384087477,628.0525389968485,700.2074423443829,767.28101447026,778.4599431579061,823.1756579084907,861.7937751930866
1073.072685250652,451.05031211820665,649.715168691619,702.4221714559937,775.4010983605126,848.3800252650315,772.360309739491,901.0870280294062
1073.996873121349,422.4276916217738,607.3661307767609,711.4571648366716,745.8173120020791,815.5481988965824,815.5481988965824,859.003679135186
1074.920964596047,417.1606740330831,623.2035373632921,701.3577269023368,764.2870743233859,772.4069901196502,793.7217690848444,860.7110744040256
1075.844959689828,427.13252779178947,642.2206415491752,679.759604799285,731.5025000899767,827.8863246510693,797.4493274212507,825.8571915024148
1076.76885841777,426.2017979887399,647.4208264686097,698.1591357529834,731.6464198806701,789.4880924648562,782.384729165044,904.156671447541
1077.692660794954,414.9985818172584,625.0345388739148,676.7825282936708,752.8825127344883,753.8971791936992,803.6158356950334,913.1998132898107
1078.616366836443,423.8958469006998,640.418185965086,677.0135108773767,801.0310008579171,803.0640744641555,761.3860655362689,859.9901354388298
1079.539976557306,417.49042203472504,635.8856549725982,690.7384111523431,727.3069152721731,817.7123837906415,808.5702577606841,828.8860933828119
1080.463489972612,370.8882096557966,617.4677336577273,683.6977710962624,756.0413504522007,810.0443040559294,778.4576708160126,852.839097477752
1081.386907097422,404.33986376790057,590.2549267566588,687.7841401278108,710.1345848586998,841.1894653261851,789.3770707227607,835.0938894904881
1082.310227946797,361.17963766223187,630.7926066213627,690.8196449933956,705.063349013878,804.7692771572547,777.2992765463243,853.6048337989085
1083.2334525357871,387.22770509396366,611.8401009621158,681.967953065747,736.8506199294584,804.945780667767,775.4717558705887,820.1909659076869
1084.156580879448,392.857448005731,599.4638261020092,662.5652814811681,690.0449475333825,780.6260689647556,758.2352299592477,819.3011545197239
1085.079612992828,382.19511524649454,647.8055136406101,667.0673364249162,729.9217055105466,805.9552165012286,759.321329760277,905.3056708623863
1086.002548890974,390.7160438171772,612.39172670827,683.246967815012,688.3080564654936,792.5664826654139,738.9189429703092,829.0063209488811
1086.92538858893,402.15324015904065,604.7493309192627,659.4502754245226,729.3459267367992,797.2156171414736,719.2161221987881,832.6699330245125
1087.848132101739,360.54911552717317,603.6159349836944,649.1909636317922,691.7276570366834,735.2771288559768,743.3793561711941,815.2866235937483
1088.770779444432,352.4468800598032,602.6031426309854,649.1909486159019,733.2515550669469,782.8776962247928,759.5837932323345,819.3377182999449
1089.6933306320461,357.0507901159497,604.2397986577611,635.7741989244118,690.705089711481,743.6015030619922,760.8945612727362,813.7909746232472
1090.615785679609,383.29611705718185,581.0606029856215,676.8846322499169,739.0683108150448,774.7474706474952,765.5728295477222,831.8341263794159
1091.5381446021531,354.39741241101274,622.2322384572666,638.5263723612212,723.0521919879858,776.0081271758382,752.5853096889035,826.9272956256964
1092.460407414699,352.7558098721135,593.6870114274187,680.0969360358615,716.6940805759078,810.220116622693,761.4239239026311,807.1703545776891
1093.382574132269,351.44414808326127,608.4249846874957,653.1173040969278,692.7309508461971,765.8638371525404,713.045641486848,862.3586176956325
1094.30464476988,347.11855072263154,571.4261522129871,652.6234740194506,689.1622688323591,782.5391889097922,718.5962979872022,783.554155432373
1095.226619342549,349.6187271428565,587.4407682807299,658.5841139202647,703.3027883222579,768.3481329069755,695.1721202491683,797.8218046719255
1096.148497865284,328.4877442947637,591.888133682825,650.873549067024,704.774014849137,762.7424403129188,768.8443798354222,824.7788254583695
1097.070280353102,309.581899491848,560.0988313174881,664.9900670005813,700.6327199026033,729.1468422242209,738.312095827598,840.1482469762321
1097.991966820999,321.39096275173716,599.0483451290291,656.0037056166788,706.8567060520802,774.9997266355181,768.8973665832699,853.3133473060363
1098.9135572839841,328.11494004938095,581.8435738142749,647.058965625332,670.4957470574307,790.7366257090672,735.7111388684878,816.2113881352614
1099.835051757054,311.52164101426195,576.2132314185368,630.1695940778696,700.4146699928503,753.3529880737053,740.1184085534916,809.3454398899942
1100.756450255205,314.7527828599383,597.9284256918569,621.3566263578069,681.4550541530703,773.1306219763533,740.5348645280749,808.7822316854077
1101.677752793432,304.09382890692063,563.2878978410074,631.65798689055,692.8849323080508,741.8664886420514,737.7846922808847,825.5433140459692
1102.59895938672,299.8244996691473,598.6257075305501,644.673838879054,681.5123439578571,750.0728950767406,717.3275572289156,817.6101543878796
1103.5200700500611,300.88970228580405,591.5797536466655,627.2785318839643,699.6960534510562,741.5146222433204,700.7160185435504,810.8722485329295
1104.441084798436,293.6901615962546,588.4000806980517,651.6250460416899,685.2770437245941,751.5612815848599,753.600796595945,826.0035794894661
1105.362003646831,293.86668714554236,582.6491755515424,633.491162946965,701.6194260568312,726.023580006634,712.8046632838242,821.6065163100284
1106.282826610215,295.14062501604303,584.1958763204151,619.6938896384959,682.5760846590961,738.3586770160802,739.3729059680253,795.1554983250094
1107.203553703566,274.7245782468581,566.6828016235928,644.7410766236226,677.1808792210376,759.2941295457442,731.9230461041753,807.9538334418667
1108.1241849418582,283.3774290180106,556.6342355710923,632.5389040580594,693.2626388476331,749.9381246512352,716.5400705169696,782.3241165390078
1109.044720340055,282.7487489949973,561.44375248469,652.653026354044,647.5858444724131,741.8354274707456,768.1847732552255,781.3594461474656
1109.965159913121,294.9365671672801,546.1411605821703,636.6561760231632,670.2179233215088,700.7286026836413,745.4775990814354,801.4138445786782
1110.885503676029,282.39640521480493,565.8122920368836,631.059114902398,689.169566516997,761.552760633427,716.6955699133858,786.020319207995
1111.805751643722,284.2068505603795,565.3577134803248,626.4774662890086,675.3732685359556,731.3997086105824,757.8849348276788,834.2846258385334
1112.7259038311709,273.0408892278156,548.1270285622066,643.2311585179627,692.3171610757722,744.4710387934449,722.9959126744033,822.19054284331
1113.6459602533141,260.9573853289607,549.545552633929,625.274362494098,694.8629985818209,748.0778379430208,673.3723903782594,828.9234592802281
1114.56592092511,265.7391692352665,585.6482460454143,622.4429002472205,681.7231764612415,731.8047891248109,714.4295357517358,822.7693509014982
1115.4857858614998,250.32908935156706,577.2895325862669,636.5511129225563,699.8996987992793,720.3347265014481,745.878511129159,775.5093012973036
1116.405555077432,279.6150845061873,585.7629872501881,601.0703823873881,674.5458790459483,737.8164456130418,700.058204274615,762.3082778325618
1117.3252285878439,256.11866997589505,568.1362560179576,632.1659235119314,697.211934934381,751.0781631435971,720.5878452893238,816.1241745660466
1118.2448064076739,269.13532780184823,559.5983608257296,632.7219215869866,656.0808368301658,753.5789178451749,724.1263725385577,790.1406982258035
1119.1642885518559,280.5771492193072,573.3533049264104,606.9005727678492,665.8624374588632,740.0730602596219,710.5921279141149,792.9354217067378
1120.0836750353192,265.81451610043615,580.327874845227,652.3615795900017,686.856593129753,767.0067716485869,719.3224882259896,796.4289890795511
1121.002965872987,271.02995513156117,582.6636488596109,620.2221070613627,664.8862195175002,743.0484163157407,706.505051578901,778.5766875876682
1121.922161079794,264.80904651515135,563.2284720110719,646.7451712966196,683.4110392756405,757.761271566433,710.9104402599063,820.9080441969692
1122.841260670655,263.5104369376922,595.1876664422778,587.0483479268278,684.7201701122273,732.5386663904957,687.772414555521,818.0015108027202
1123.76026466049,267.8106946225009,542.7224303902954,622.8627518871801,663.4401298602863,747.6381891544817,689.8154255428053,784.1578293302773
1124.679173064214,260.2902584406469,607.0050167541648,621.2396402626376,697.4965519151709,746.3009753727922,723.9322812880491,795.1053988304135
1125.59798589674,262.0589605532102,577.9517385844056,647.0215421410657,687.6508383508657,745.5475854498308,741.4846558288507,780.0824872281607
1126.5167031729761,254.188119063049,597.8504560362912,632.4200402288659,664.9561194689362,736.1287928065899,746.2963175691119,807.3014661442436
1127.435324907827,257.0067891431844,582.074664739307,633.882357412439,684.6742129743332,724.2918603126105,713.1176520889939,840.0972909937293
1128.3538511161971,275.96223765281206,563.1258945461441,635.4259641895007,683.2865736717227,729.1105614738502,701.6161687925738,804.4655636373487
1129.272281812988,256.20169260528877,583.8540564550804,626.724459201782,681.8435484475414,739.0040854431436,721.6517795694787,819.6412715619397
1130.190617013093,273.60127138102496,595.3645643160131,642.5018620071261,701.9358460524423,717.3067039951966,697.8369506010413,829.0016050458772
1131.108856731407,271.7794087967711,589.5365371268306,650.8401631712151,655.9487986749137,727.4696957266956,739.7304209355725,782.6429591666416
1132.027000982824,288.5677674289733,614.9972632085565,650.8124116483227,683.5576902218232,774.6304962543716,741.885217680871,772.5839163435278
1132.945049782225,284.2699616756663,560.3594927995149,665.6825361541682,699.4268121804164,747.4868416723456,740.3289649395051,798.6145326212064
1133.863003144499,280.8095308360337,573.8725684721851,634.1189769060978,709.6822688401578,720.9146500735991,745.4216636738348,771.9709284074235
1134.7808610845238,268.74679748327554,576.1768461194469,655.5793090122328,712.5862054480791,729.8918704375325,728.8738901440353,769.5931018839254
1135.69862361718,279.8274767757722,586.1113695376174,669.5508353398477,702.1125780919375,730.6041030000162,712.2881227019656,815.0611232632492
1136.616290757342,271.5916967571481,584.8884855256936,635.7483538322756,671.350261646883,765.9496166971256,740.5196825438346,823.9298665666291
1137.533862519882,288.14623801097866,589.5288756479033,643.4926587382986,705.6019185215838,760.5838861985903,754.4747786789229,774.8384704111476
1138.451338919665,277.67131132061934,599.0783969518125,648.916837445257,710.960610304443,757.7477177064521,744.5252743102321,788.2610486208059
1139.3687199715641,300.4943320945489,600.9886641890978,646.8267826441985,660.0689057534498,763.9686409183447,728.316771008822,809.8067593734454
1140.286005690436,278.6698121725136,600.2119031407985,636.9595706800311,730.8702766136255,774.7633239521532,754.3479530970241,800.2825375210647
1141.203196091145,284.2075895837777,604.1967102302611,662.4694893895249,707.4519855826408,762.6577763651012,749.3674933989533,789.238342297397
1142.120291188541,302.2341120232504,599.3629181001621,631.015814967462,726.9955667586294,790.3013604932291,728.0166279478972,790.3013604932291
1143.037290997483,285.10710570938426,594.7395538453823,657.074799179692,708.1692625684706,740.8697191372889,774.5920649738828,809.3363000782522
1143.95419553282,283.2000090615482,626.720597670502,664.5487577256547,701.3545350766141,754.5184356946664,783.1451514120793,810.7494844252988
1144.871004809396,297.24731202616033,600.6445684390688,677.5188732734207,723.6434561740317,787.1928815037626,721.5934747117824,787.1928815037626
1145.787718842061,314.66521508224884,617.0308126368527,654.9546333470912,724.6524660037456,776.9258404962366,761.5513185866804,826.1243106068162
1146.7043376456531,316.97266318373875,622.6248741109154,664.8192870671922,717.3050202567074,801.6938461692613,735.8293966765364,806.8395062858804
1147.620861235006,294.77809426884653,635.9373572163577,686.441296444237,724.5769240244723,770.958092703137,762.7125516047078,795.6947159984248
1148.537289624961,294.5383943457985,604.5788094466391,656.2522119634458,747.1974003930256,791.6365265574794,787.5026543561349,844.3433971246224
1149.453622830348,310.57932859882067,628.3814322813349,703.7046581541385,730.5321084650002,803.7916843138914,752.2004337160806,795.5370842182417
1150.369860865994,314.52106896168385,630.0767467028469,665.2534452051405,738.7106685481654,788.3718899631681,752.1605826813952,874.2444186599436
1151.286003746725,308.20338807328596,629.8518903913797,705.3513780737619,718.7964923185697,786.0220635426085,803.604136016588,856.3503534385261
1152.2020514873661,307.3208065739868,658.1011211483353,662.2401219102745,741.9158865776045,814.3483999115407,797.7923968637839,829.8696527688128
1153.118004102733,323.0173476774394,635.7146522980916,693.5068934160998,731.6910527262125,792.5793067612569,782.2592637044697,872.0436382985184
1154.033861607644,311.28323060481677,641.181405232513,687.7187652897115,722.8803262218171,807.6817378816011,765.2810320517091,842.8432988137066
1154.949624016914,316.52966467296204,625.8184546638628,668.2292920873642,722.0186468683905,825.4597137549794,780.9800549937462,822.3564817483817
1155.865291345352,316.0347186426858,653.8292047984745,700.457278040838,752.2662483101308,799.9305009578801,776.0983746340055,823.7626272817548
1156.7808636077639,348.2079673225144,622.8362748834261,723.3605987830805,740.978263796422,858.083919473339,769.9955944066315,848.7569203486289
1157.696340818955,340.98155387982695,644.5383030655265,691.3193089331858,755.7731392397384,786.9604764848445,813.9895020972698,821.2665474544613
1158.611722993726,319.6272611804108,651.7480960877432,687.1465549806877,741.2853744640147,777.7249645008693,814.1645545377239,813.1234233938138
1159.5270101468739,321.3931021750722,645.9065257304849,685.4305965481313,747.8370241549414,805.0429161278507,804.0028090010705,811.2835588885317
1160.4422022931979,345.69138971243586,651.8156926505567,674.7229534146338,711.1663228120292,790.300496360659,774.681909476061,839.2387352657328
1161.357299447482,321.69382071886986,675.6611315422217,653.79844469725,780.8102444632763,800.590770656346,767.2762002259128,852.6447869538977
1162.272301624522,315.48119683200355,643.456698489037,686.1455733078889,761.111402258068,798.5943167331575,800.6767008706624,850.6539201707818
1163.187208839099,347.88704114351737,638.4872940747789,700.9819721245125,767.6429620442284,852.0107774113688,780.1418976541752,847.8444655413866
1164.102021105999,335.78141139646124,691.4377349939591,714.4507912267384,751.062471597069,837.8844564752817,782.4439119144953,899.6012890995534
1165.016738440001,322.8905825855459,679.2196721055174,702.2086456229348,758.6361260747778,857.9066935363535,808.793886476416,871.4910869784637
1165.931360855877,333.2601437564257,668.6096928028603,719.8001224080792,762.6329308532625,807.5551445884547,802.3316313634323,799.1975234284189
1166.845888368407,313.694289969528,672.3514281680216,693.2643808326568,745.5467624942448,844.883287651262,774.8248962247341,851.1571734506525
1167.760320992358,335.29902654721633,650.8133279254976,719.5392153544301,768.4803776144275,836.1649637186792,805.9672253029362,833.0410597446369
1168.674658742497,333.3846320240629,657.4220313745539,674.0393339053484,759.2030093756697,831.9037079478952,821.5178938661487,844.366684845991
1169.58890163359,346.9830369189258,636.8281485967111,700.1993020459761,767.7259409673239,821.7472521044022,811.3585384241948,862.2632354572108
1170.503049680392,318.60221332690895,681.9753259121744,711.1284696152902,779.846594058349,796.5055333172724,785.0525125767625,848.5647185014078
1171.4171028976712,359.0630857133029,661.9249927932192,721.2484591284606,751.4305735797237,836.7731040970884,803.4687019439705,850.3030174717926
1172.331061300174,344.15399353771386,656.9261639564872,682.0316224516397,771.9928487259357,861.9540750002317,825.3419480281345,871.3686219359139
1173.2449249026579,365.26613482403565,691.8077797097064,683.4349170203303,742.0449558459635,843.5659159546497,814.2608965418331,842.5193081184776
1174.158693719866,344.507111993421,684.8383802051035,720.3330523498803,763.1354511126992,834.1247954022526,790.2784356939991,880.0590770013754
1175.072367766552,375.56397931296294,651.7447329024399,724.9744781723768,783.5582743883265,849.4650451312699,811.8040332781594,839.0036529498503
1175.985947057452,335.9354640915283,655.0741549784801,724.3608444473579,747.4564076036504,783.1495506633753,812.5439037713841,904.9261563965543
1176.899431607308,346.323429123174,677.9543491320316,691.5973933096111,772.4061934383517,837.4730195160389,851.1160636936186,877.3526871120408
1177.812821430856,354.1016305464153,692.4420609201416,730.2689413345954,777.5525418526628,836.3943558307021,834.2928624743436,903.6421432341757
1178.726116542832,344.25588460437496,705.407763545161,727.5837561117004,800.447731687473,838.4637189443978,820.5117249619611,880.7037047854254
1179.639316957964,331.6888765124188,656.0068891023394,757.0930228966005,773.9407118623105,840.2784871647943,848.7023316476494,882.3977095790698
1180.5524226909802,343.6209677078867,688.2927640631981,720.8684521333647,779.7148563891496,863.781148183128,851.1712044140312,880.5944065419237
1181.465433756606,333.7804876715803,705.4666458673779,695.9902282363236,799.1778868855819,850.7717162102109,846.5599750408535,857.0893279642472
1182.378350169562,345.0000572501129,708.9909433396815,739.587278692138,795.5047191638689,869.357942428419,838.7616070759625,893.6240015010569
1183.291171944566,354.5306107859285,691.1236609070928,725.9436316092822,734.3848366279948,868.3889663000571,845.1756524985974,870.4992675547352
1184.20389909633,359.3269384606852,721.8337613325269,755.7525283848629,771.6519504406455,876.5881360088102,821.4701395487641,895.6674424757492
1185.116531639575,336.90660193431603,687.6295629384936,775.8417016153019,802.4116229034971,877.8701993619717,855.5514654798877,871.4934182528049
1186.0290695890042,350.7363922255327,707.849809764257,751.4261494043989,763.1173624785833,900.2234067122007,890.6578687424134,895.9720565034063
1186.9415129593222,362.41304426278873,686.6773470242313,753.4376446515871,789.4670116250808,839.272313029616,854.107934724584,879.5404290588148
1187.8538617652341,365.16623901045705,707.0465149535806,755.7353468216415,785.372027089157,884.8665965586728,804.4241786897026,893.3342194922486
1188.766116021445,355.14304074117763,714.5265954016529,725.127880199897,812.0584155454987,853.4034262586507,877.7863812946122,876.7262528147878
1189.678275742645,367.02700595378707,714.9601214244292,762.6948476322916,814.6726606141863,877.2581905311616,862.4073868220488,893.1697659337824
1190.590340943527,342.26320333895615,727.0435747945528,754.6797340703691,782.3158933461855,841.8399287094823,864.1614419707184,900.301034869863
1191.502311638789,368.4715757347122,756.1121929816348,758.2420864829916,811.4894240169095,863.6718148001491,847.6976135399738,937.153140596956
1192.414187843111,364.68710198734306,718.7108384195006,737.9048964188345,796.5534069723545,857.3345906369117,842.405878859652,894.6563700800608
1193.325969571186,347.97466282680614,734.375975536327,753.5893004776844,803.757426713451,875.2736917729479,873.1388778905749,897.6892375378649
1194.237656837689,349.132399573935,732.3264966672782,792.9988953737243,799.3854636586134,884.5397074571341,850.4780099377258,914.3436927866163
1195.149249657301,334.72393345276936,714.9957439260105,748.8918384528732,783.8471859337004,899.3057579158265,860.1133986191414,921.5500699490801
1196.0607480447,353.15628190879755,705.2520344424936,794.3365019510192,818.7286775783534,894.0262632105596,843.1208532056878,877.0577932089357
1196.9721520145579,337.9764728923619,714.0944913148963,787.199120247727,798.8534813819464,857.1252870530433,869.8391355631007,915.3970927241401
1197.883461581539,353.7808646317567,740.299660020482,748.7481582803448,792.0467118621418,882.8680681556675,871.251383048356,907.1575006527731
1198.7946767603169,355.7454641927673,742.1951499974103,765.4880077719369,811.0149570585112,910.5389857314877,850.1893087702148,915.8328170438801
1199.705797565548,341.418807348566,729.6364543336955,758.3539241106778,815.7888636646421,904.0684929790689,914.7045928964696,942.3584526817117
1200.616824011901,354.3823355561602,764.1036544424114,761.9752320066387,830.0847499513662,931.1848156505711,919.4784922538211,965.2395746229348
1201.527756114028,357.7017332839262,746.3686912401922,778.4016822805438,789.079345960661,902.2625809699034,876.6361881376221,910.8047119139972
1202.4385938865848,357.817685248593,766.9047701745964,804.2887074393748,826.7190697982418,894.0101568748429,884.3971444353284,853.4218821302263
1203.349337344222,357.2094692946783,751.8510686052659,790.3526880502013,767.8934100406557,909.0660146720854,844.8966489305265,909.0660146720854
1204.259986501587,354.7811603655447,767.2676901881358,808.9437903515582,844.208182797531,916.8742035952931,865.5805418556963,919.0114395011097
1205.1705413733291,367.4505059946951,722.0829710825985,777.6278150120293,805.4002369767445,906.8763941555121,883.3766524930606,894.0583532487204
1206.081001974089,367.213328225307,747.2364237142875,770.7209970310222,828.364949717553,880.6714993775531,934.0455296428594,950.0577387224513
1206.991368318504,342.3916556590235,780.7809717831938,789.3140971578734,824.5132393284273,899.1780863568748,887.4450389666902,901.3113677005447
1207.9016404212089,377.30445943665137,752.4772552606663,801.5055183513045,838.8096315724424,898.496212726263,913.4178580147181,952.8536348484924
1208.811818296843,355.9384155289294,774.7521799087774,818.4452189407717,826.9706899714048,883.4519355493486,944.1959166426091,910.0940325200769
1209.721901960031,362.63688187229315,762.6040309961459,812.7332470196687,873.5282536864944,921.5243115813566,931.1235231603291,900.1927302947512
1210.631891425401,350.85614550267167,755.0338936653238,791.2925834741105,875.5407156768797,950.1909594008524,948.0580952944532,913.9322695920656
1211.541786707578,364.7586738476607,763.7469006663629,802.2551477587845,853.5994772153467,923.1282566877746,857.8781713367268,933.8249919912251
1212.451587821186,385.1656108679972,807.8821865838493,832.5585349124397,836.8500737521945,926.9723893870462,963.4504695249624,910.8791187379655
1213.361294780836,347.7579568126237,785.6753839100018,837.1950812155757,868.3215650043599,916.6212812283354,921.9879163643327,962.7743433979119
1214.270907601149,359.83782908489627,803.458794494037,822.7933644150165,880.797074177955,964.5802105021995,919.466214019914,952.7646399949342
1215.180426296738,358.01946023649845,797.7490675539996,842.9046751513957,885.9100157203445,920.3142881755035,946.1174925168727,956.8688276591099
1216.089850882207,376.20228396661855,812.5969333678961,835.1690704058932,877.0887534764593,932.9816642372141,970.6018926338759,953.4040739382591
1216.999181372161,344.1515983956454,808.3810130539459,829.8234802437058,887.7181416560574,952.0455432253369,962.7667768202168,939.180062911481
1217.908417781207,366.2668109266929,807.5005129787324,839.6291806038809,900.673649091663,985.2791405045541,941.3699614168512,949.9376061168907
1218.817560123945,345.73090442705035,823.1178498588288,869.143945494628,911.9589181790925,977.2517515229008,959.0553881320034,956.9146394977802
1219.726608414974,384.2104509916083,815.6422981944756,847.8387047021523,860.717267305223,957.306486828253,939.0618564739029,943.3547106749264
1220.635562668878,356.07746102806084,830.1323940834912,824.7697817186108,920.2242818134825,977.0679728812152,927.7319391243152,945.9648211649087
1221.544422900261,353.31303930975497,804.054825823109,873.6467881113941,893.9890540110467,952.8745605626725,960.369079578334,989.2765100673139
1222.453189123698,367.8352151603434,843.2245868003195,885.1707078273761,908.8326222528952,992.7248643070087,964.7607836223042,1000.253655260583
1223.361861353784,352.62913104887355,856.8457848961958,895.548982206438,929.9518242599867,982.631176154483,962.2044886851885,979.4059097119629
1224.2704396050979,357.2804797072237,849.343415830945,865.3889463567185,888.9223911278531,979.8470641072363,962.7318315464112,975.56825596703
1225.178923892214,360.2423907607533,833.7954444907643,878.6921222710363,895.7956185682827,987.7269111659823,994.1407222774498,1002.692470426073
1226.087314229713,373.110369727578,836.2818631825024,871.6630189325314,929.5594556143969,954.2190490159322,997.1052984099067,988.5280485311118
1226.995610632166,377.995254700433,887.327843661186,878.7855780182383,903.3445917417127,1013.3262618946636,967.4115840638201,987.6994649658208
1227.903813114142,386.4747506887298,899.2764281953823,960.2987572514976,917.4760701945746,964.5810259571898,961.3693244279207,1003.1214443084206
1228.8119216902119,364.09914135752047,852.4203427076067,931.6654499442435,934.8780894268099,967.0044842524734,1026.973754593712,1022.6902352836236
1229.719936374931,370.99667374802704,880.3129166102028,917.8414818737316,970.3814732426719,1013.2712621152762,988.6096335135286,980.0316757390078
1230.627857182873,348.7365843501865,892.7656559364774,911.0072618871026,980.7545787571398,1059.0861807804126,1022.6029688791623,1021.5299332350078
1231.5356841285789,385.98117146082285,897.4062236464131,927.4269814266993,936.0043407924954,1033.5718035784257,989.6128368287208,1015.344914926109
1232.443417226619,346.4684373941104,892.9047692101303,911.0836687030311,946.3721206598386,1006.2555542835121,1022.2957597184246,1012.6716364574771
1233.3510564915312,345.0363407616222,872.2347247824861,942.9564592243092,948.3141663789928,1015.8212765280059,1014.7497350970691,1041.538270870487
1234.258601937876,341.08680284756787,900.9840075218774,904.2018075487413,999.6632083457021,1042.5672087038868,1032.9138086232952,1018.9700085068852
1235.166053580193,358.1294198701516,855.2344355108097,969.6220412603806,989.9338591037623,1026.2813226129717,997.4171604144818,1014.5218491246981
1236.073411433026,368.4120624837222,915.6753297197165,919.9591909113876,969.2235946156063,1050.616957257359,1058.1137143427834,1049.5459919594412
1236.980675510917,346.20026417766354,928.202565875717,946.4236324113836,953.926424514305,1052.5345492955591,1052.5345492955591,1007.5177966780301
1237.887845828398,360.28854177615733,895.3599178068196,951.1188587959867,995.0826391912916,1051.9138675071736,1099.0945098826228,1015.456098398872
1238.794922400004,372.43738116993035,934.3041200038771,1003.868573383318,978.183236750909,1046.6774677706665,1000.6579063042669,1031.6943547350945
1239.701905240268,324.54312817443946,971.4871856574805,921.1455123102902,1001.4779697792109,1089.3081232785642,1043.2508476630496,1050.7485436934821
1240.608794363714,349.89818213725795,908.0179818653995,968.1231910668916,986.3694152887732,1073.307307169503,1071.160692555164,1070.0873852479945
1241.515589784871,345.63757883717756,903.3954163376696,965.847066096412,1030.452221019249,1044.4500045858636,1070.2920665549984,1117.6691801650788
1242.4222915182581,350.6070456785104,947.1784187868682,1011.9058733736701,1025.9301552008105,1101.4455188854129,1079.8697006898121,1073.3969552311319
1243.3288995783948,354.96233473468766,930.0228952623123,985.0474517105466,1010.9413606273628,1139.3319923399094,1119.9115606522973,1048.703311131053
1244.2354139797972,348.6803452111517,939.1699700733808,971.5551414552215,975.8731643061336,1120.526929811689,1087.0622527171201,1058.9951041861914
1245.141834736973,350.9249385272049,964.233754168597,1002.0256706253729,1032.2592037907937,1086.247655871902,1136.996800828144,1054.9343536648591
1246.048161864437,360.54611489876135,976.9288442616138,1006.0747876815735,1051.4129218903997,1091.353659169604,1125.8969995191858,1071.9230302229641
1246.954395376695,367.19091283074,973.7599723741453,1003.0052663164165,1049.5811048170708,1164.3959625163584,1079.9095577942412,1093.9906252479273
1247.860535288251,347.49305857189086,982.7538062736288,974.0664798093316,1066.3693234924901,1152.1566723274257,1108.7200400059392,1063.1115760683786
1248.766581613607,375.14187363053225,1022.915922864649,1045.81702561535,1095.9813459264096,1141.7835514278117,1128.6972069988399,1114.5203338674535
1249.672534367255,358.51925667828925,1026.3706768930292,1024.184583864503,1071.1855839778154,1158.6293051188616,1119.2796306053908,1100.6978398629185
1250.578393563694,357.58667702691133,1011.7086471980906,1017.1596636161838,1055.316778542836,1155.6154806357501,1140.3526346650892,1116.3681624254793
1251.484159217413,343.8448990381562,990.3166965988537,1068.413960733703,1071.6680134059884,1164.9508566781697,1135.664382627601,1107.4625928011278
1252.389831342902,367.3449956472107,1033.565357575436,1019.4367038966972,1077.0381381254017,1133.5527528403572,1140.073669922852,1122.684557702866
1253.295409954651,362.0875896007955,1002.5368096454459,1019.9344115481869,1091.699519396993,1131.9314737970815,1185.2116296242257,1124.3200229646325
1254.200895067133,346.0648096790667,1039.2792717007708,1049.0428556729075,1119.5576288050058,1192.2420872642454,1175.9694473106842,1146.6786953942742
1255.106286694838,330.12109259018257,1029.4565650509642,1067.4639276847022,1076.1513248581282,1202.1185838728031,1140.2208790121438,1147.8223515388913
1256.011584852236,348.83779448567054,1033.472718242594,1088.8955454038687,1134.5378736543303,1182.353646107195,1193.2208671192095,1149.7519830711508
1256.9167895538048,334.1096149041616,1070.448280760906,1063.9607154229611,1076.935846098851,1140.7302385886424,1183.9806741749417,1129.9176296920675
1257.8219008140109,335.4709777255682,1046.3242713627046,1058.189804336921,1134.7764262614076,1201.6548848433538,1185.474612605786,1143.4059047881103
1258.726918647328,355.70992689769383,1046.6495121747294,1104.8565911216247,1125.3368596399769,1172.7648498930027,1183.5439385868722,1163.0636700685202
1259.631843068211,345.8044470198741,1063.2678791545661,1093.4315069320007,1130.058769233171,1190.38602478804,1141.9087658600204,1174.2269384787003
1260.53667409113,348.94668723145065,1037.1470981601449,1107.1518347960841,1097.4588712618772,1208.3894539311345,1200.850482293418,1156.6936484153641
1261.441411730542,334.25137590579646,1055.5874097154024,1064.2132516742615,1097.6383892648412,1191.4444205674358,1219.4784069337284,1170.958045915145
1262.346056000904,333.275180851129,1026.7025732671877,1109.483827865694,1164.3129705218475,1258.920118634426,1178.2890264930238,1139.5861022651509
1263.250606916667,335.7501093231024,1064.284801668424,1101.9490767527464,1132.0804968202042,1227.8553677489097,1205.2568026983163,1220.3225127320452
1264.155064492279,319.9294853660214,1083.2511769607906,1114.3852543957391,1150.8872762160233,1249.6574529062045,1233.5536197501967,1170.2118760032326
1265.059428742188,341.5286362169918,1051.4356442026258,1135.2068191237747,1085.8033057087382,1176.0184171622832,1185.6843219608772,1183.5363431167452
1265.96369968084,327.4988433941772,1093.0945002467947,1125.3075012363859,1121.0124344377737,1233.757937901343,1277.7823725871176,1209.061303809323
1266.867877322675,322.5729529919873,1092.0326880359967,1144.5445641044598,1158.4762863267051,1217.4181880362044,1205.6298076943044,1167.0496538480868
1267.771961682131,330.8692381955903,1091.1189440818982,1137.1622361285338,1189.6301735770253,1241.0273367918744,1292.4245000067233,1237.8150140909463
1268.675952773639,327.74208449006045,1067.8394060019289,1156.7367687884487,1204.934134154634,1242.4209738838892,1255.2736046482053,1220.999922610029
1269.5798506116369,324.89257581516546,1100.7873456895409,1123.2305828346675,1184.147940800011,1242.9278476086758,1245.0652987653546,1193.7664710050653
1270.483655210548,339.62379835182657,1103.2433449604932,1123.5353329123318,1191.8872923290517,1285.8712365270414,1253.831255550454,1219.6552758420942
1271.3873665848039,341.5658991261463,1114.3587458990523,1110.0891721599753,1165.5936307679742,1232.8394171584341,1263.7938267667412,1242.4459580713572
1272.290984748826,349.78717301101744,1138.9411609017275,1156.0039498290942,1170.9338901405401,1281.8420181684237,1245.5835916977694,1232.7865000022443
1273.194509717032,343.18235084455614,1118.007099490495,1159.5726637232208,1183.0199050852711,1271.4799520420977,1289.5982749127731,1208.5987138438716
1274.097941503838,365.3182760235082,1149.2082210768667,1173.7047818597841,1210.9821569642238,1255.7150070895514,1261.0403463901855,1239.7389891876487
1275.001280123663,360.3750781602293,1139.7661495659324,1172.8183017048884,1211.2014461243211,1284.7691395949005,1306.0931087168074,1262.378972016898
1275.904525590915,363.4299303709722,1154.4244847077941,1192.9053008647206,1212.1457089431838,1288.0384296971222,1350.0353001721703,1290.1762528169513
1276.8076779200019,365.62836070995553,1185.3607495902932,1191.7565809729747,1240.791288240199,1331.3988994948527,1295.1558549929912,1241.8572601373126
1277.71073712533,341.4016673750112,1151.163747180116,1203.4408774969145,1271.7212109719167,1306.9282579199646,1286.6575339195733,1300.5269766566832
1278.613703221301,373.5499026742269,1174.0139798332846,1220.974539026616,1267.9350982199473,1323.4339409029753,1327.7030826478237,1272.2042399647958
1279.516576222315,386.65763839247336,1224.9484411882765,1226.0136137458314,1264.3598258178124,1352.7691480948793,1330.4005243862239,1285.663276968913
1280.4193561427671,358.2218816943571,1188.7422562178813,1228.1893086663672,1269.7686342201764,1315.612505984633,1380.6468356970013,1258.041132140897
1281.32204299705,390.51096045972935,1174.7337908911531,1215.2786447093763,1236.6180414558096,1295.3013825085013,1367.8553314463745,1283.5647142979628
1282.2246367995579,388.29598878903164,1259.828469120457,1259.828469120457,1290.7641385569457,1381.4376524225163,1386.7713885322557,1297.164621888633
1283.127137564672,392.2076921184524,1218.188565465737,1270.4118722967264,1297.0564165982516,1380.1873948190107,1417.4897568411461,1332.227215076265
1284.029545306781,388.34551626049165,1272.4965409521863,1263.9848584040112,1273.560501270708,1390.5961363081167,1357.613366433938,1311.8630727374964
1284.931860040266,368.557348983802,1254.3695364549571,1310.6621574813016,1338.277405531961,1376.5139028328742,1366.9547785076459,1351.0229046322654
1285.834081779503,412.5663176979348,1280.2315631657564,1341.9038477700867,1319.574227482312,1391.8796646046303,1376.9932510794472,1335.523956259294
1286.736210538871,408.56417775771104,1295.9145013252398,1321.4497624350968,1302.298316602704,1446.99812955856,1400.183484190489,1310.8100703059897
1287.6382463327388,411.06727792589845,1353.5401819788005,1374.8390046692614,1320.5270068085858,1430.2159436644602,1402.5274741668609,1388.6832394180612
1288.540189175481,403.3094141590791,1380.6412220154718,1329.4273281540015,1385.9760026260417,1428.6542475106003,1394.5116516029534,1393.4446954808393
1289.4420390814591,428.7339000020128,1424.1235780615486,1383.4954279366696,1404.8786648445007,1436.9535202062473,1435.8843583608557,1413.4319596076332
1290.343796065037,438.36031795339403,1430.5514766381493,1427.3439621165392,1420.9289330733186,1454.0732497966242,1495.7709385775568,1428.4131336237424
1291.2454601405811,460.1489178736232,1486.1422127148107,1486.1422127148107,1405.002264319462,1507.494830713587,1462.6543329161573,1377.243860921053
1292.147031322442,479.6356783603517,1466.7430342716114,1471.0254956855429,1477.4491878064405,1550.2510318432796,1496.7202641691333,1431.4127276066747
1293.04850962498,464.3905144283005,1526.9245716340663,1526.9245716340663,1539.7648623555863,1532.274692768033,1492.6837963766802,1437.0425365834276
1293.949895062546,486.1688850360495,1538.8208982308438,1599.8597230040923,1473.4986471577183,1530.2540456310896,1553.8128902804137,1440.3020933336709
1294.851187649485,481.69514083344,1640.338241279131,1623.1731583095652,1583.4789039424443,1601.716804597608,1622.1003406239672,1471.9058646402666
1295.752387400145,496.6529192955738,1672.0289170211074,1576.1458154651289,1544.9030070929562,1578.300491904589,1631.0900646713637,1463.0253023934688
1296.653494328872,550.0429543326126,1673.8097729691049,1672.7333679704109,1600.6142330579157,1617.836713037019,1608.1490680487734,1548.9467931206057
1297.554508450001,541.9635189871681,1729.5329829032735,1687.4282473644298,1698.2243334000307,1677.711769932389,1639.9254688077856,1587.0246472333408
1298.45542977787,551.6174620745769,1842.3161331006377,1753.9711489402562,1696.8701225926927,1738.8878589616545,1728.1140804055105,1627.9179398333706
1299.3562583268179,595.7914867314092,1948.9815542443387,1786.297079567227,1725.9637644551856,1755.0530413842055,1819.69587900425,1641.9280755491277
1300.256994111169,610.7629497307613,1903.2577834919853,1823.6865541256536,1707.5555707261426,1776.373931259186,1755.943480475939,1692.5015543595393
1301.157637145258,617.4110130122068,1953.1663176855725,1940.2812182835787,1842.569214485125,1920.9535691805877,1874.7819629901096,1689.021779944698
1302.058187443407,650.6386467280591,2061.429375772069,1935.8110231859582,1929.3690563866705,1852.0654547952179,1874.6123385927249,1762.9515807384046
1302.958645019939,712.0363334113291,2122.1052599399673,2005.766494420416,2007.9209160041112,1969.1413274975941,1964.8324843302032,1773.0889633813129
1303.859009889169,698.1093344825866,2239.3199421479894,2048.1453859358353,2008.4068545883647,1996.592696620198,1990.1486104557432,1858.044844084423
1304.759282065421,746.5450547961048,2353.660777945068,2181.546644274496,2096.565290774651,2065.3696040468603,2075.05102406583,1876.0440570092314
1305.659461563002,759.6049769999617,2396.257402621156,2265.8854845828646,2149.5204668296788,2137.6684742807433,2132.281204940318,1926.487516136073
1306.559548396224,781.8654444324135,2496.7857838780938,2321.837991063106,2220.3250742445334,2213.8455263624965,2259.2023615367525,2007.5799187843322
1307.4595425794,855.3081044777683,2670.4140944589267,2490.519316816877,2304.161253750562,2298.7751825636747,2279.3853262908788,2039.166551355687
1308.3594441268249,895.4624587353175,2834.1926254188907,2575.2637216881963,2443.6415289584265,2394.0134890767104,2378.909303025753,2166.3718278801416
1309.259253052809,976.1156410253349,2956.359071714701,2698.862782305148,2472.6108125310634,2463.991689873003,2476.9203738600936,2224.8110361118283
1310.158969371645,1040.3780065574867,3110.364061012445,2826.0371523880385,2634.3318882397643,2592.3290494657044,2521.247322309603,2264.9223062012366
1311.058593097634,1071.5184082893331,3265.2205822016,3024.8296314485606,2777.97076273804,2664.7821984821244,2712.2135968369844,2413.611384466617
1311.958124245066,1126.573632544249,3471.619898368122,3108.3485542847557,2910.4954115250653,2809.947093073419,2871.5734818018473,2552.6298910143682
1312.857562828231,1266.2513102166538,3711.090378404193,3352.860306881362,3011.9464925922625,2967.5735834308243,3001.1238318211804,2620.1661726790758
1313.756908861415,1377.8412977387181,4016.35313718798,3614.9348063507155,3175.5444712450612,3217.856133144124,3128.893151715325,2803.4188294148407
1314.6561623589039,1450.9439950644407,4313.705405551135,3782.236032078093,3433.357363601924,3355.10420431755,3246.4192608670296,2905.1485384323973
1315.555323334978,1604.0350470450126,4528.84861388284,4062.1807720497172,3669.3115656692744,3493.4971694437722,3492.411895392998,3033.340971915298
1316.454391803913,1798.385117997196,4890.783170717344,4395.088358338141,3913.4942736633793,3741.0315271244444,3713.914743077442,3205.2038743556777
1317.3533677799899,1938.1967043607992,5447.63938871746,4819.358771629718,4181.27828356487,4027.746971590223,4037.546842567328,3469.1543258952283
1318.252251277474,2274.9213043060513,5770.452558318599,5284.599800064989,4586.797851969201,4387.891689194233,4355.284121526205,3714.001957388331
1319.151042310641,2499.3514017093867,6401.333603075995,5651.745140150132,4895.647949615653,4583.229024401979,4598.416055488755,4066.869967451602
1320.049740893752,2762.8767601168943,7158.066323085869,6274.032642765447,5316.14848300794,5051.155586204275,5109.8015551690205,4307.220609521856
1320.9483470410742,3286.5232651705205,7898.099604481291,6830.877054619563,5889.850035628334,5611.349553707231,5587.415918542136,4725.805052598723
1321.846860766866,3892.707872082,8946.265185055978,7704.906973193048,6696.371423327197,6220.934492052788,6080.5881210358575,5198.255509448797
1322.745282085383,4669.288873131935,10440.123800271382,8961.934149997676,7658.419790745973,7000.112287706796,6945.52625926242,5956.427423850325
1323.643611010888,5685.648368486301,12163.67583587233,10390.67287977073,8759.947938664938,8101.09128460743,7888.768708382918,6730.844555570885
1324.541847557623,7091.915464700431,14630.221165377068,12105.052869707739,10274.634083462164,9340.278050315887,9088.636495721456,7738.524850636555
1325.4399917398441,9308.744144576785,17836.839555394137,14775.471972023806,12323.097868631072,11031.856755788087,10700.573049444796,9016.820878591114
1326.338043571792,12577.953666306023,22464.225248022558,18201.939557796944,15050.888730611929,13796.374569285581,13107.321455392294,11148.441888752808
1327.2360030677119,17902.82441173889,29503.442592718748,23839.018317498183,19456.73302506115,17408.598188460797,16776.295459344474,14220.78425605286
1328.133870241843,27959.51541489331,41015.55374780727,32809.59065813443,26576.13046087226,23833.49573838802,22699.142017168542,19160.046171274884
1329.031645108425,48351.09278213315,62910.07456274278,49586.5599224577,39779.628039490715,35677.1310255711,33832.70805675621,28532.04930461775
1329.92932768169,71845.48962490422,71845.48962490422,71845.48962490422,67340.82621041224,60411.16511452425,57197.93355748459,48115.15517124317
1330.8269179758681,71825.02128650616,71825.02128650616,71825.02128650616,71825.02128650616,71825.02128650616,71825.02128650616,71825.02128650616
1331.7244160051891,71519.09007383109,71519.09007383109,71519.09007383109,71519.09007383109,71519.09007383109,71519.09007383109,71519.09007383109
1332.621821783876,71591.40193750871,71591.40193750871,71591.40193750871,71591.40193750871,71591.40193750871,71591.40193750871,71591.40193750871
1333.5191353261541,71692.43811346436,71692.43811346436,71692.43811346436,71692.43811346436,71692.43811346436,71692.43811346436,71692.43811346436
1334.416356646245,71916.4165289442,71916.4165289442,71916.4165289442,71916.4165289442,71916.4165289442,71916.4165289442,71916.4165289442
1335.3134857583611,41602.228147424335,71826.80914804399,71826.80914804399,71826.80914804399,71826.80914804399,71826.80914804399,71826.80914804399
1336.210522676716,23563.242188997945,72045.2121328721,72045.2121328721,72045.2121328721,72045.2121328721,72045.2121328721,72045.2121328721
1337.107467415521,14924.978621647075,71967.36619598565,71967.36619598565,71967.36619598565,71967.36619598565,71967.36619598565,71967.36619598565
1338.004319988988,10236.70785871571,72058.28673694243,72058.28673694243,72058.28673694243,72058.28673694243,72058.28673694243,72058.28673694243
1338.901080411313,7545.3914448153,72114.22317864528,72114.22317864528,72114.22317864528,72114.22317864528,72114.22317864528,72114.22317864528
1339.79774869671,5800.043482712826,72236.00335225865,72236.00335225865,72236.00335225865,72236.00335225865,72236.00335225865,72236.00335225865
1340.694324859363,4635.863263083846,72318.80479557243,72318.80479557243,72318.80479557243,72318.80479557243,72318.80479557243,72318.80479557243
1341.590808913486,3749.4993959696303,72420.70230323305,72420.70230323305,72420.70230323305,72420.70230323305,72420.70230323305,72420.70230323305
1342.4872008732561,3161.0632341582577,72383.04648866577,72383.04648866577,72383.04648866577,72383.04648866577,72383.04648866577,72383.04648866577
1343.3835007528799,2879.3732437939248,72326.45670066496,72326.45670066496,72326.45670066496,72326.45670066496,72326.45670066496,72326.45670066496
1344.279708566526,2690.769201419954,72211.12187348759,72211.12187348759,72211.12187348759,72211.12187348759,72211.12187348759,72211.12187348759
1345.175824328395,2406.264888282224,72138.4123758351,72138.4123758351,72138.4123758351,72138.4123758351,72138.4123758351,72138.4123758351
1346.071848052656,2003.4575197937884,72101.36658961335,72101.36658961335,72101.36658961335,72101.36658961335,72101.36658961335,72101.36658961335
1346.967779753501,1633.6596319292487,72144.126670137,72144.126670137,72144.126670137,72144.126670137,72144.126670137,72144.126670137
1347.863619445092,1466.0625916126255,72239.40747468678,72239.40747468678,72239.40747468678,72239.40747468678,72239.40747468678,72239.40747468678
1348.759367141607,1290.194080428353,72453.18685593155,72453.18685593155,72453.18685593155,72453.18685593155,72453.18685593155,72453.18685593155
1349.655022857223,1182.9845985051195,72658.75882196159,72658.75882196159,72658.75882196159,72658.75882196159,72658.75882196159,72658.75882196159
1350.550586606096,1074.6160637623946,72603.0554006892,72603.0554006892,72603.0554006892,72603.0554006892,72603.0554006892,72603.0554006892
1351.446058402398,1001.5078618180297,72684.18352629521,72684.18352629521,72684.18352629521,72684.18352629521,72684.18352629521,72684.18352629521
1352.341438260286,915.9573835578481,72848.62515954317,72848.62515954317,72848.62515954317,72848.62515954317,72848.62515954317,72848.62515954317
1353.2367261939219,869.4211907765127,72768.22188702268,72768.22188702268,72768.22188702268,72768.22188702268,72768.22188702268,72768.22188702268
1354.131922217457,792.524860813045,72742.46043891164,72742.46043891164,72742.46043891164,72742.46043891164,72742.46043891164,72742.46043891164
1355.0270263450482,792.0360387491771,72901.80028009455,72901.80028009455,72901.80028009455,72901.80028009455,72901.80028009455,72901.80028009455
1355.922038590841,751.3659562408318,73057.51920214081,73057.51920214081,73057.51920214081,73057.51920214081,73057.51920214081,73057.51920214081
1356.816958968982,696.5307178780989,72918.75494591249,72918.75494591249,72918.75494591249,72918.75494591249,72918.75494591249,72918.75494591249
1357.7117874936189,672.4010602253553,72956.62828123951,72956.62828123951,72956.62828123951,72956.62828123951,72956.62828123951,72956.62828123951
1358.606524178889,640.6403281054613,72889.52066387396,72889.52066387396,72889.52066387396,72889.52066387396,72889.52066387396,72889.52066387396
1359.5011690389329,603.1702748905612,73066.10714409045,73066.10714409045,73066.10714409045,73066.10714409045,73066.10714409045,73066.10714409045
1360.395722087884,570.5540601230647,72887.44703735875,72887.44703735875,72887.44703735875,72887.44703735875,72887.44703735875,72887.44703735875
1361.2901833398719,540.865572543241,72933.38538399445,72933.38538399445,72933.38538399445,72933.38538399445,72933.38538399445,72933.38538399445
1362.1845528090312,527.7788291444884,73124.70521772526,73124.70521772526,73124.70521772526,73124.70521772526,73124.70521772526,73124.70521772526
1363.078830509487,537.4432347170687,73225.2440481977,73225.2440481977,73225.2440481977,73225.2440481977,73225.2440481977,73225.2440481977
1363.973016455358,525.7016618329554,54909.594385422664,73146.19619580198,73146.19619580198,73146.19619580198,73146.19619580198,73146.19619580198
1364.867110660773,470.2023695130704,38074.07710659526,49939.96976009296,69419.78221134873,73368.3625858073,70983.7648547053,73368.3625858073
1365.761113139841,469.33739735547243,24903.93627967633,30823.1748363238,42597.95615997764,46633.140307240996,45761.513712152264,68267.35938534087
1366.655023906682,440.81450853688517,16492.50423944727,19530.09660157327,25863.728410779633,28846.498663975915,29451.779499301945,41204.96836270291
1367.548842975408,444.8357691533172,11401.431359630624,13586.491481979205,17778.900954577428,19597.3627546087,19963.961076926007,26727.02951699315
1368.442570360126,436.4226280541419,8605.358999323978,10609.545991234152,13202.344014827606,14602.253521739738,14920.058717553524,19002.288838429187
1369.336206074942,429.06670752993193,6831.633551060994,8421.966516373235,10567.300054022895,11708.506050154454,11863.41584845747,14404.382324219143
1370.22975013396,405.0222524538843,5764.294598459701,7165.089792029488,8847.83417791524,9840.250581027381,9929.758261127687,11491.667278878025
1371.12320255128,407.0357910823833,4947.9939863905065,6193.63502375769,7565.2898813777765,8420.622625926237,8390.51312905165,9685.221494658901
1372.016563341003,398.5010373506031,4435.975132860775,5395.949620596122,6503.2690297048,7321.479843088532,7287.992360958229,8313.825563549837
1372.909832517216,403.4667647936248,3957.763761829176,4776.9573312305965,5754.416869142224,6459.926432994059,6454.353687623981,7358.252986650583
1373.803010094016,378.71561471401634,3523.5075186076915,4318.92202502769,5227.169207217942,5581.307407407745,5741.060601815132,6485.085968775412
1374.696096085492,360.7254319959734,3282.266392062433,3962.3957669402903,4613.488419737976,5193.106064338317,5175.237312288981,5747.037377867738
1375.589090505728,379.1670382845135,2989.71531957081,3654.0965016976565,4195.444131578791,4501.909525354475,4593.62544611946,5013.05801059348
1376.481993368805,363.3972122363264,2734.9833265540137,3210.1950656322865,3750.259230278889,4134.901202615185,4105.829425636279,4424.5008271358265
1377.374804688807,368.4266960980502,2531.9536774397916,2958.6119486050106,3430.0637390526676,3680.907447034319,3688.7463129087455,3993.342244029322
1378.2675244798081,365.3849696600677,2360.431736515652,2786.3405968556085,3159.5712560482543,3391.5795036544932,3489.090216416536,3643.7623814873623
1379.160152755885,355.63877524325216,2165.146757455774,2589.005549333738,2942.4076027201145,3049.7702518501533,3248.838497112099,3320.4135965321248
1380.052689531109,328.6829524393366,2051.4735296808935,2468.4760509729767,2656.294880938312,2931.31531053041,2977.1520487957596,3100.128663654015
1380.945134819547,355.490258627297,1986.4974515116564,2287.2109092812884,2605.81066937179,2694.1242870810875,2828.2715544876146,2922.1746416721835
1381.837488635265,320.18034434814575,1873.1107949844484,2179.9038078615913,2326.0488430867035,2647.344798390766,2643.9979655230154,2720.9751214812804
1382.729750992326,324.17918480621177,1796.9107391492082,1997.433946245834,2340.551433944505,2434.128930589597,2477.5756254605326,2536.6185697723167
1383.621921904793,329.5654467949317,1686.7961212645996,1989.6400453464287,2080.9385812828623,2394.9164731618175,2310.2983179036596,2438.3389475706094
1384.514001386717,329.6616083427204,1616.010113869214,1835.413278881092,2096.0241449358105,2208.5100315662658,2256.4000625079443,2227.443299612976
1385.405989452156,307.70265460346627,1625.4727188835282,1814.999716284214,2002.2969843037151,2113.783453362942,2142.769935318341,2225.2699224221687
1386.2978861151612,326.88211652027707,1499.4183092261173,1731.4711427968261,1938.9799266629404,2079.5503931528892,2079.5503931528892,2113.019551840972
1387.18969138978,321.22522154391476,1489.7239368465177,1665.4464447991122,1803.1143968893614,1981.075408127976,1925.1128259774682,1973.2406466269051
1388.081405290057,299.86511299096594,1434.1863269268297,1574.572615780278,1759.8825170668301,1862.0837353521406,1902.5149865419337,1942.946237731727
1388.973027830034,311.66956427654765,1394.0743326304785,1544.8458908003606,1680.9903575060007,1852.0148115494492,1890.270281532852,1870.0173856592858
1389.864559023758,310.5372096233586,1340.035567613841,1484.052824250761,1677.5760128566221,1737.2081581828468,1808.0916516838308,1864.3483925576277
1390.7559988852552,316.4867269428536,1298.6092390217445,1463.047182557889,1559.9078890243852,1747.9978655349069,1714.2092470000825,1755.8818765263657
1391.647347428567,300.33912905029473,1266.598724009857,1395.9582739753398,1548.9400026301716,1683.923880855023,1708.670925196246,1696.2974030256346
1392.5386046677231,305.8399072443538,1213.2399261641829,1360.5378226678974,1539.3192390350011,1585.4201074063928,1618.0280386934746,1650.6359699805564
1393.429770616749,298.8298413842833,1203.1833087314565,1343.610865772943,1463.8168546004554,1585.1462638842997,1652.5514912642134,1580.6525820589723
1394.3208452896758,288.69497552352163,1179.4930906603024,1373.828618931,1444.598204370618,1536.7109981174226,1560.3008599306288,1562.5475134366484
1395.2118287005178,289.1034220219682,1181.1618409457844,1250.9066353635355,1379.1470638090777,1474.7649271237365,1489.3888356306843,1456.7662704998008
1396.102720863302,300.21599584369557,1128.9020967306005,1244.7157580485805,1329.0460939597308,1432.491306010742,1432.491306010742,1492.084743387955
1396.9935217920388,297.0239324992772,1075.5866646564734,1198.221545877766,1314.1058831786202,1427.740039172662,1478.3691185759478,1425.4898578658492
1397.88423150075,299.40820435993663,1126.985937759312,1176.3266156313614,1288.4645198860194,1409.5734564810498,1442.0934487149007,1408.4520774385032
1398.774850003436,296.797311511375,1033.750635943393,1161.4294793860224,1238.708779364456,1367.507612661845,1402.2272981594022,1317.1080691976492
1399.665377314115,284.08463861683305,985.3486874859444,1147.522989058546,1216.8664835240722,1306.3419602537833,1354.4350289960032,1306.3419602537833
1400.5558134467872,289.7867534286006,1011.4564675654631,1142.3639971065684,1216.209270181038,1277.746997743096,1368.3752874253998,1271.0337910999624
1401.446158415456,271.18315082455626,1034.5135012936776,1088.0805434318615,1159.5032662827734,1217.5342285991394,1315.7404725191434,1244.3177496682315
1402.336412234119,291.865662852417,988.5411722664239,1092.5392820184345,1137.2696518042455,1230.0851691098035,1298.2989830331653,1236.7947245776752
1403.226574916778,282.0628291868675,973.7883388594234,1099.149596275809,1132.7285045123408,1223.3915567509769,1306.2195304010886,1214.4371812212348
1404.116646477422,273.10363417764273,909.9723548623915,1072.2675473040235,1138.3049014699288,1186.433820607792,1221.1314134746237,1222.2506906638764
1405.006626930041,270.85510250445503,923.369667628824,1009.5508366075142,1128.1898484483086,1190.8670622509924,1232.2787927991942,1194.224770133279
1405.896516288627,284.39376564311647,908.0446611675885,1030.0876550853038,1095.0279637754643,1175.643519390836,1266.336019458129,1147.6520070243873
1406.786314567165,281.5224780198682,907.3772299524834,1007.1999412822374,1074.4961511674649,1173.197258999132,1209.0885709379197,1135.0627400641697
1407.676021779633,285.307930389332,912.0867695910929,1014.3033903211292,1074.9594070180738,1161.450393789643,1171.5597299058004,1081.6989644288453
1408.565637940017,285.3247780612726,913.2639549756481,950.3337096056559,1018.8565893762765,1150.2857194281225,1158.1490007132757,1118.83259428751
1409.455163062288,294.5929380798759,884.9032147666501,947.8696442799061,987.223662725691,1116.52972333327,1149.1373386169205,1101.9125164819786
1410.3445971604199,275.1084635795625,859.0121413810829,891.5760003353985,1038.6748114738584,1103.8025293824896,1167.8073556030408,1052.1495117308166
1411.233940248389,281.4943659347357,845.6045893019551,925.2304856420596,1014.9498054618957,1082.239295326773,1120.3700062502032,1031.772177928115
1412.123192340157,282.65252531129534,851.3224869494967,921.9856182773206,1000.5002086415692,1065.5551549433753,1090.2311690578535,1067.7984289537824
1413.012353449693,278.68544298336735,833.8088657002361,893.3666418216816,979.8939769415174,1078.7823599356154,1093.3908710597436,1051.8128009372251
1413.9014235909601,277.70559095333783,814.0805025124057,930.5376858154184,938.3761500761981,1049.2344303357966,1063.7915782486732,1016.7607926839951
1414.7904027779111,285.30713688310186,805.3748706503309,915.4540022036535,946.90518264746,1033.395928867928,1061.4773399784694,1042.3819804233012
1415.679291024509,274.1701940838316,829.2802166733177,919.5420089642911,936.4660950188486,1063.9608766298484,1085.3980522989546,1013.188618466176
1416.568088344709,277.40640163663386,770.1974484464265,903.2623077680639,931.4540152514617,1011.5184645043113,1092.7105820564968,972.0500740275544
1417.456794752456,273.54287462819076,785.7322077797414,888.1700744100516,936.5747806199784,970.3455058827179,1041.264028934471,973.7225784089919
1418.3454102617002,292.59450853370004,736.5699597064572,861.9676062209,952.3442883934715,1020.1268000229002,1034.813010875943,998.6623380069144
1419.23393488639,256.4653045408354,776.174732244731,853.0013432966111,911.7511046892255,1013.4333840225963,1033.7698398892705,1004.3949591929634
1420.122368640463,277.30528721345064,805.9889445431594,840.9339197611146,906.3148411366436,962.67770439141,1031.440397562225,941.2598163545988
1421.0107115378628,281.7120721113725,766.2568361429333,838.3751266034445,891.3369961603826,1000.6412801395951,1006.2755215818225,963.455286620894
1421.898963592521,277.14730013764745,767.2248430639752,798.7700642178538,914.8114134624785,985.7881610587053,992.547851305965,950.8630947811969
1422.7871248183772,267.48914385143564,756.1929383141851,831.8122321456036,885.9872486218437,964.9924809830272,990.951343044559,924.3612186258472
1423.67519522936,274.4410385440948,726.1958345014524,832.3582115514315,898.9920439551418,967.8846503386388,1028.871547792882,937.3912016115171
1424.563174839394,263.7660856694589,736.0651877869943,838.6408877695616,914.1636558885947,967.1423141213493,952.4886426952683,925.435710831734
1425.451063662411,265.8996731896507,711.7059337714479,795.4360436269124,873.5087136272779,953.844359569683,1044.3633972512662,923.2941843521487
1426.338861712327,266.90288049339784,766.6359333321002,800.7086414801936,879.0758702208083,971.0721822206602,951.764314270074,959.7146128379625
1427.226569003065,259.82956327827935,712.54570191598,837.3546624426644,865.7203352896381,930.3940693807383,1012.0872071800226,890.682127394975
1428.11418554854,264.9154366720955,720.0265714677467,802.6711307714347,845.6915862993818,950.9784906177788,969.092366629546,890.9762763287998
1429.001711362671,257.9272736567119,729.6626820551719,798.6695403580641,850.7074990782779,945.733336741277,950.2583766299913,926.5019172142414
1429.8891464593619,273.35642613940996,715.0190815960599,772.6272540469273,846.0494346215622,926.2490472492403,980.4685036735862,903.6576070724296
1430.7764908525241,263.10237468591754,729.4598027772649,800.5990714691654,855.929613785088,940.6192193706838,919.1645192889995,903.3557929130217
1431.663744556063,278.0685280137905,689.5195206846024,752.8196734031889,839.8573833912453,889.5932176701347,917.8522144195036,905.4182558497813
1432.5509075838822,291.5227079144466,714.6276497513671,782.6874259181641,840.5382356599414,909.7323414295182,922.2099670600976,879.1054421544596
1433.437979949878,269.166377386012,716.2562923661675,750.4723572881182,768.7209252464919,898.7419719499045,913.568933416083,842.855732577385
1434.3249616679502,261.4650421046739,677.0688644893958,752.425601515197,830.0658760266285,915.6985317377663,896.2884631099084,866.602475796714
1435.2118527519892,279.99344568566676,696.569059998488,765.9983290506249,839.9803370570002,898.0277587235408,950.3842566972835,832.0130438870829
1436.09865321589,277.6925358177876,689.6790028917183,746.583211051101,847.8727015748021,892.2579839391207,901.3626572446219,886.5675631231824
1436.985363073542,271.26853794010833,719.2035606731442,768.214262906021,838.8808568231921,893.5904779203568,926.6442073332271,849.1389107789105
1437.871982338824,267.3268186247201,707.5628986577698,787.1921637800268,778.0916763374832,922.5619144878639,912.3238661150023,856.5833805294224
1438.758511025626,277.4193826119325,696.9593505783387,746.9857966231134,795.8752779850523,885.6954879290797,882.2845938805724,817.4776069589324
1439.644949147823,254.1967363491616,693.0565726470414,753.4710436179184,804.7663491592291,881.1393596318471,895.9580034548924,833.2637411266239
1440.531296719291,263.0788755687729,645.7390582142608,783.5422787502847,816.5694968952822,872.3741068644158,924.7621080599291,864.4020197259682
1441.417553753909,283.313051361428,695.1978890836647,735.0210087529417,750.9502566206526,846.5257438269174,900.0025045256608,836.2855130548177
1442.3037202655469,247.91097375337236,692.5586376871732,761.9282220860526,819.9257434687223,859.7279640254565,919.999898011368,806.2792678492707
1443.189796268071,271.7285731663766,657.1511100006932,729.9152467481748,764.0234358485568,834.5136933226796,893.6345544300084,790.1730474921831
1444.075781775347,261.42079917739756,660.371670965513,722.8853403340211,799.0383557465673,893.3771658844977,870.6449224777675,876.32798332945
1444.9616768012381,256.9170333829696,685.1120890212521,715.9421330272085,777.6022210391212,835.8367486059276,905.4898109897549,797.0137302280566
1445.8474813596079,273.0127516177747,646.5490268437678,724.226295086482,806.4728144022969,876.1538932670846,916.1348401567169,783.6265590367927
1446.733195464305,249.63857414206169,657.7235492236055,736.3767986108304,783.1127873771525,864.0458410944418,884.5640800650223,813.8901458330231
1447.618819129191,262.7562629041833,645.466471916798,685.4511206196086,768.8476736283276,825.9686003466284,871.6653417212689,835.1079486215564
1448.504352368116,260.89048907936126,633.9181182016058,716.3045884371936,775.8059280517848,831.8744980732264,867.3464505357712,810.1336239832797
1449.3897951949289,260.60657856572186,602.3669601058572,729.2412154602217,740.6713285552096,864.1165499810778,910.9800136705278,805.82297319664
1450.2751476234741,262.05370145855625,659.1394412232681,683.1705666845331,790.7384616063858,834.2233552981987,870.8422131439359,794.1714795294238
1451.160409667591,263.0544449749886,615.7082205528118,712.1998073558643,778.8249506246387,824.7733252927591,858.0858969271462,782.2710787247478
1452.045581341128,279.60342067342805,653.5586129321281,753.6635413213801,766.320486290136,831.9064738555081,866.4254146793882,803.1406898356081
1452.930662657916,266.59398660214987,639.3639332363248,717.8418167382564,779.0084024088795,851.715853300375,870.1812376537706,761.697104577571
1453.815653631791,268.3698983563302,633.4911763776036,738.3051710146252,765.9484223474661,837.3601549573051,874.2178234010929,802.806090791254
