Wavenumber,Pre-test,0 mN,50 mN,100 mN,150 mN,200 mN,250 mN,300 mN
181.95710220416,2344.540361744101,1839.976438843649,1893.7965906196973,1586.5732242314218,1765.9737301515827,1776.0650086095918,1807.4600971456198,1752.5186922075707
182.97657586254718,2310.2446688701953,1842.5883451231705,1942.3998866423196,1681.0955139011762,1886.3259869124604,1779.7855774257282,1850.4386910853507,1723.7116776958692
183.9959378395179,2306.2492504059974,1881.8275285688665,1868.3538231137195,1637.0552128003624,1821.195854020705,1847.02045614307,1847.02045614307,1756.0729443208277
185.01518815342567,2337.387926553885,1818.8357386495165,1929.2371722033497,1632.6030174021412,1828.872232608956,1787.611090775705,1805.4537467035973,1807.6840786945838
186.034326822617,2355.814071185703,1865.478588642374,1893.0255258639093,1624.1674185817242,1823.60724406564,1740.9664324010341,1885.3123834418793,1776.2265120445993
187.0533538654345,2316.9698758176223,1847.6825246157487,1917.5299443295157,1652.328022603806,1806.2106191606993,1830.2206696873068,1896.7939916019911,1769.1041774377604
188.07226930021716,2251.427478675108,1808.4532087543132,1856.8363207602254,1619.2214817978572,1796.6262258195347,1789.0999639519484,1805.227667953919,1743.9423927464304
189.09107314529683,2321.547454711066,1730.8012831690285,1848.7380188545792,1604.3646025692037,1766.9260490546926,1773.301007740398,1866.8004017974113,1707.426434654775
190.1097654190089,2340.1648881034384,1846.0945081709751,1853.5642547358289,1643.3442442678045,1811.9470953030727,1791.6720689127558,1746.8535895236337,1672.1561238750971
191.1283461396743,2277.5447312514807,1791.31541420756,1855.9341251872531,1636.6542371086223,1836.8663088325895,1766.9509821988233,1794.4933836000039,1686.4424242569105
192.1468153256174,2280.963332802351,1762.8497779829806,1894.4843193496906,1585.9329543861222,1766.0090069757816,1789.1766862563225,1827.087434169935,1720.7267247456334
193.1651729951627,2330.6219584801306,1801.604429095877,1950.9493379876544,1593.3629364157932,1796.3458055433498,1788.9837325698115,1757.4319912546473,1739.5526711760542
194.18341916661666,2252.4390585259807,1809.062010793847,1889.5809557829373,1559.1395711523849,1867.6212435131854,1789.193699692643,1797.559304366834,1766.1882868386172
195.2015538582928,2200.419203524577,1796.1346093286168,1858.8861621173025,1643.8849402675426,1747.7850522619242,1782.7613275867654,1746.7563382817818,1678.861215592384
196.219577088501,2278.972884714459,1793.865431899334,1920.8190844445687,1563.6974276913065,1773.2225615667753,1783.5439967330547,1740.1939690346817,1672.0724969372388
197.23748887553668,2263.1742606041134,1825.9351517527066,1948.0747150234047,1590.8934711729596,1759.220264251905,1759.220264251905,1766.404944444299,1741.7717552132337
198.2552892377062,2282.0905805398043,1756.2443261579951,1863.0568465793003,1599.1066759228063,1766.51476081389,1744.946848036511,1703.8651094129323,1697.7028486193954
199.27297819329758,2267.7865753185956,1776.9589465338793,1839.0761360688743,1613.0102987447935,1745.3911944751112,1778.9955756989611,1732.1531049020793,1692.4388361829842
200.29055576060642,2250.5659351388304,1753.8470230237206,1886.7142217376388,1566.8108894495126,1761.0014106467777,1774.2881305181695,1770.1999090192799,1690.479589790929
201.3080219579169,2345.946225325817,1780.8791780082072,1921.635951527756,1646.2422642068993,1837.9978687117923,1758.4396923746558,1769.6594351914314,1689.0812822345881
202.3253768035138,2272.135526101567,1834.4408064349427,1941.5688846750256,1617.123847719346,1780.3666336089962,1868.109631024683,1778.3260987853755,1678.339892427965
203.3426203156705,2296.222021662335,1776.4380753472926,1824.3397331449532,1601.1383914920232,1754.0160227611534,1788.668285848823,1740.7666280511621,1745.8625490934664
204.3597525126643,2395.1852404353594,1810.9937183779548,1913.4834590897801,1619.3379032468413,1787.4210780142348,1794.5953598640626,1798.6949494925357,1779.221898757289
205.37677341276867,2273.2317943359067,1780.290849686006,1927.969438475749,1564.37456814514,1794.549472051912,1814.9189325746354,1794.549472051912,1704.9238457519302
206.3936830342464,2324.336202992075,1751.9098462516952,1904.6926816806222,1575.700309390333,1801.8189058251446,1810.9858759508804,1779.4107566289022,1760.058264141238
207.41048139536358,2307.511146437689,1744.4049780762373,1874.9803214644,1606.6887955965344,1777.048813923278,1731.143419763377,1747.4653376868973,1750.5256972975574
208.42716851437217,2341.946659239279,1738.918274988783,1957.554198452285,1614.8550998141448,1815.186620383028,1772.4763469622508,1764.3410567868646,1723.664605909934
209.44374440953467,2345.6577935849973,1732.0992702848168,1926.7171658224365,1638.8875413694304,1808.9221237865088,1701.37012888414,1831.4568274803385,1741.3180127050198
210.4602090990957,2338.422606033773,1801.0785713432354,1906.9034959572418,1666.4857060574602,1738.4055577368822,1822.654526847062,1772.3106306714667,1742.5152635471347
211.4765626013032,2357.8241597562937,1723.1833362678838,1905.9763242629274,1644.1099650565445,1784.7989501987972,1835.1183682423768,1813.552903366557,1704.6986520886096
212.4928049344017,2313.850140744731,1783.8277558244715,1916.0770549631823,1647.4777032240952,1768.449930343226,1766.3995536123934,1795.1048278440514,1725.392018995739
213.50893611663201,2316.9809874887865,1751.8137293828163,1955.5606213449323,1599.2595238433425,1829.6266127452325,1796.8632934347415,1801.9825620770057,1734.408215999118
214.5249561662204,2333.2612292751537,1724.8052099735353,1900.5362472676588,1600.8792761591824,1787.7839632234525,1768.4840227113812,1790.8313222516742,1738.010432429163
215.54086510140408,2333.972787794673,1737.1718512664736,1921.432860829211,1620.4732118767402,1766.8583472515813,1780.1660868311124,1817.01828874366,1759.6926413241415
216.55666294040932,2372.8655475902274,1759.158093787746,1940.5040358963258,1633.138032322462,1845.220574788428,1827.8031679192425,1815.5085277762878,1719.200513323144
217.57234970145507,2368.625117936443,1727.5090068152647,1958.3932654826988,1662.572809065049,1895.5185343277278,1819.244270303665,1860.4736022085638,1785.2300714821233
218.58792540276409,2423.7764509522353,1759.459205444014,1938.1946385278745,1644.7792454884734,1848.310345589748,1842.1114288353947,1793.5532475929585,1723.2988577102851
219.603390062548,2432.8237937204067,1763.6939896750657,1944.4003410761993,1609.835439053529,1817.3895912342596,1850.43303834761,1835.9765302355192,1739.944012062345
220.6187436990222,2374.0476990438915,1755.6672400704717,1945.3859546808908,1655.1675966552227,1835.6567521764862,1834.6312456110245,1794.6364895580173,1791.559969861632
221.63398633038742,2452.0416391651024,1743.8337149190074,1910.1086188724385,1630.9310023580358,1855.7100391839701,1867.0003104400673,1885.4752997682265,1796.179518015458
222.64911797484817,2466.260265760935,1768.9392758576353,1919.6836663220251,1617.1694133492701,1869.4355361672285,1847.9006232437443,1846.8751511997689,1703.309065043207
223.6641386506053,2485.7753030798244,1781.8845352508358,1911.7384689938117,1701.4987667432795,1861.2397169826545,1857.117369879703,1789.0986426810011,1777.7621881478842
224.67904837585232,2443.840542952963,1769.7487187896404,1877.974470375495,1630.6013238935418,1844.9913841779012,1847.0528270652508,1867.6672559387468,1812.0082979803074
225.693847168779,2458.3057614527065,1753.2822223191001,1935.7225241124456,1677.0077458631251,1862.5402561614426,1829.5566987750751,1870.7861455080345,1730.6060266159725
226.70853504757184,2494.509814680495,1803.945141573752,1959.0120591875416,1631.3039732970662,1829.789627842717,1854.6003346609232,1858.7354524639577,1752.256169035822
227.7231120304168,2538.4207920835456,1816.3994371633985,1946.363281049025,1627.642425805703,1840.1229959679176,1882.412818184669,1852.500504909406,1756.5748106128722
228.7375781354895,2527.1819040692017,1798.6620392153764,1967.4152282493133,1626.8219016015503,1865.5459251129732,1872.7488051327146,1834.6764393140825,1789.401193475709
229.75193338096508,2492.7861998605144,1814.8144970792137,1895.4269861294292,1641.1875975864414,1889.2260254332587,1886.1255450851736,1792.0776411932552,1836.51785951581
230.766177785019,2526.0934172826273,1811.0051127589502,1941.3974808775947,1640.2532021273921,1918.6305594600535,1854.469235465165,1886.5498974626094,1787.2033312769754
231.7803113658119,2509.363541295417,1842.1996978759842,1970.4606538201851,1708.7669291920975,1878.4023870537828,1899.0896380125248,1881.505474697594,1759.4506940410156
232.7943341415121,2553.726662454057,1815.6613562806713,2018.5516788753187,1724.567742054503,1848.7863069083687,1878.8057934147196,1897.4385781427995,1843.610533372791
233.8082461302729,2554.992312826035,1803.3407750421873,2015.132092318299,1682.9104181596922,1921.6947464611908,1938.3058301691212,1905.0836627532606,1857.3267970929608
234.8220473502515,2668.617539283136,1787.3531425896351,1985.9479362107058,1681.8496584784414,1850.448363479663,1843.2079282955613,1887.6848872836135,1798.730969307509
235.8357378196051,2571.127397870138,1825.1383218683795,1951.366709208483,1675.1127795379289,1919.2922829171453,1896.5297868394216,1881.0099031500647,1817.895709480013
236.8493175564727,2645.3777308266817,1830.4655710387656,1971.4289118101603,1644.229332501376,1889.1145522356233,1907.635283139894,1837.6680775015377,1764.6140833791362
237.8627865789968,2552.960232190288,1825.7471442940214,2008.8361536936472,1743.4599490582345,1860.719202269231,1885.4053608399668,1903.919979768019,1778.4320070334438
238.8761449053236,2634.3046555119745,1887.3703791636103,1992.1672102331195,1753.8057905456085,1901.7542579378567,1876.0687601267025,1902.7816778503027,1807.231625992809
239.8893925535849,2614.5892579383362,1787.0451618224859,1958.8960989639727,1685.7758595783953,1929.2313538621684,1836.1454295771964,1936.391809576397,1838.191274066976
240.90252954191243,2657.784291536058,1828.1868826172886,1980.7918380850622,1709.3803401054647,1950.0660081251078,1857.8885182452445,1893.7353198651913,1800.5336356533296
241.91555588843042,2744.0570567775567,1804.6501364392939,2016.8407346735944,1720.1859177246695,1881.9039950197432,1939.5868760931453,1908.6853326609655,1801.5599820960758
242.928471611267,2679.678934534808,1838.4321021004503,2026.1737732412887,1727.6337388042177,1877.416711408384,1878.4426221796452,1853.8207636693714,1794.3179389362094
243.94127672853938,2677.8974928696794,1846.2269246911524,2058.7422541520045,1714.4265520928354,1944.3109229038532,1896.2906321122184,1868.7045076148963,1822.7276334526928
244.953971258361,2770.568414801031,1816.5809954718397,2055.8480231399794,1702.5954157672757,1900.7865588571935,1919.2707069173932,1917.2169126884821,1882.302410796994
245.96655521884534,2683.091892528166,1801.970219393442,2019.9587026892004,1724.5537486902754,1923.188114310242,1987.3622939720776,1863.0884857380472,1831.5107147933345
246.97902862810218,2724.208185049509,1804.332538611915,1967.2588082229738,1681.8848453017401,1916.6605878468686,1828.6196843924454,1898.4452285114708,1820.5239691322686
247.9913915042271,2744.303041477403,1820.1290095145757,1995.4902762119934,1666.9398569972914,1885.6375286831512,1989.443335981048,1924.9426401842966,1807.0273056808608
249.003643865326,2698.538059258336,1818.7324833100183,2031.1684538123457,1728.5474014929928,1855.8085725014623,1935.973089672152,1901.9031698746087,1791.6769587649108
250.015785729498,2699.748451956496,1807.8315559767946,2009.8127364565028,1729.8388229202735,1910.8219598847645,1943.8188854086773,1905.8224257144748,1839.8285746666493
251.0278171148275,2766.7921020265626,1743.4305223659212,2026.6375542249014,1757.4904459333882,1904.1153631369739,1824.7772230062665,1889.0511593146875,1832.8114650448192
252.0397380394061,2699.6879872881905,1816.2085603238124,1978.0290241932832,1754.8977013422118,1939.8353743358925,1932.7997019937418,1945.865950629165,1797.1117353951172
253.05154852131818,2772.441112482374,1848.6306179734986,2030.3638300080313,1744.6388355315157,1906.1794684511005,1924.3527896545538,1919.3046448758168,1845.6017311062562
254.0632485786409,2773.5886403252275,1839.2524524175706,2091.858001591302,1782.44156585641,1906.2081401503667,1955.9176658913823,1959.9755863600365,1866.6434155809873
255.07483822945142,2798.5922956574173,1850.8779726706798,2014.9054516491535,1744.5638659253727,1982.5049619743934,1934.9167427645891,2002.7552680211186,1859.990610391706
256.0863174918195,2842.4035604520177,1839.2618480560243,2061.9572837039746,1684.3872950826772,1972.8791094447943,1963.7688416228327,1952.6340698404354,1858.4946356801654
257.0976863838187,2757.4976864799023,1895.5273262112946,2039.8619415724315,1735.0433832573033,1949.021973862625,1951.0406398117318,1974.2552982264601,1895.5273262112946
258.1089449235078,2830.826824627566,1855.2710372380948,2050.987503374142,1754.3862608793077,1933.9611627979486,1959.1823568876455,1947.076183724591,1821.979061039695
259.1200931289495,2892.9369404271397,1887.5757427071705,2092.4836976641523,1781.5888694535595,2005.6754014754802,1956.214860623795,1919.8765040796998,1845.1809934057262
260.1311310181991,2961.5237066190057,1884.5138878930381,2107.413380009419,1795.3540910464858,1954.4232740568123,1999.0031724800883,1988.8713773838892,1926.0542477874546
261.1420586093082,2996.8994458938805,1908.9561922562912,2125.331523370087,1778.5243337811526,1973.6665716548093,1935.244783886939,2009.0550603883742,1847.2791118920784
262.1528759203247,2914.782319018248,1872.128817033211,2053.986985984089,1742.8074524459194,2016.6050290330754,2042.873431214869,1974.1714562778704,1883.2423718024313
263.1635829692968,2957.1183304698943,1920.5609655699586,2094.3308162159515,1773.058650486732,1986.2298044768745,1982.1886451595258,1959.962268914108,1903.3860384712266
264.1741797742616,2887.845237183094,1817.342216786298,2038.4789909527722,1768.0890261764923,2019.3808150020313,1950.0242812861825,1923.8899352483265,1942.9881111990674
265.184666353256,2936.714380337632,1880.8506197350473,2073.9114769988564,1782.329872987021,1939.5650041606386,1965.4391396702213,1946.5311175670647,1849.0055298770994
266.1950427243137,2980.4366358844986,1841.6191637896868,2085.509269264537,1800.8049012408344,1964.0619514362445,2009.8535630764204,1942.161615434421,1839.6282241531576
267.2053089054607,2947.3642941306643,1896.57346211701,2011.4572854097376,1837.1507948966337,1982.7363295865557,1934.2078180232484,1975.8036850775118,1879.7370397379034
268.2154649147269,2991.4299304321726,1912.3748809983747,2057.0415818407387,1781.5803295518538,1964.890875139781,2002.543852071355,1904.4479384864644,1871.7493006248342
269.2255107701276,3020.5311494063944,1928.019718559995,2102.662781074951,1819.8600946160734,1987.5571262355481,2012.3643794336951,1939.9272000951057,1905.1970456176996
270.2354464896816,3037.5191998234473,1840.9809076406248,2065.393898539644,1814.1705060730428,1960.138247940989,1973.0469598068617,1992.906516523589,1878.7140654024067
271.24527209140433,3088.0576538307178,1922.2291463170984,2114.551196025978,1805.2497552570583,2000.5458572810235,1980.7188418471183,1992.6150511074613,1887.5318693077645
272.25498759330003,3040.453316563551,1925.9527238035346,2149.2515903314807,1806.3283310207064,2001.7148392326592,1980.7805704956643,2026.6365877290816,1931.933943442676
273.26459301337667,3114.241084963192,1947.396279471868,2095.7408835829665,1837.8801287858223,2043.969612349563,2022.0663822123538,1996.1807465956522,1978.2599219379356
274.2740883696315,3146.690049337965,1895.5724507073833,2139.2320784216063,1825.9554142176053,2028.8393491306726,2021.8776454816948,1983.0910108659614,1967.1785453825835
275.2834736800687,3149.6234614801488,1955.076004534454,2197.9673207800784,1859.5122079787984,2055.6170821607166,2025.7533957370742,2013.8079211676172,1948.107811035604
276.29274896267816,3231.193852857154,2001.7834678293548,2154.4618679180344,1848.10716970088,2100.575373769089,1994.7981815507878,1981.825507033449,1938.9158913222516
277.30191423544966,3194.123553551094,1985.8070524273112,2119.0625206275295,1891.6264959549767,2109.0433124921747,2091.008737848536,2079.9876088996457,1990.8166564949886
278.3109695163657,3277.293643223415,1979.2559398896094,2125.15940266744,1858.508246556232,2144.277787445225,2104.0285563340994,2078.872786889646,1994.3494015562815
279.3199148234089,3204.0535760644293,1901.2399802536645,2188.8479390499992,1837.6634840986853,2122.2439906971636,2046.55768575076,2035.457027691954,1974.9079837348309
280.3287501745617,3256.1066796397536,2003.601803494038,2208.6309647431744,1898.0422353261656,2166.0011391369185,2058.41157927351,2086.831463011014,2023.901720449398
281.3374755877921,3329.8811379324516,1977.9372799301616,2179.870641842378,1959.7632773580622,2116.26163284003,2147.5613039364234,2069.8169596002203,2067.797625981098
282.3460910810718,3268.1739726127535,1984.7494297197622,2218.1904277635304,1872.537447827479,2116.999265521382,2075.9216650072426,2141.0446902125855,2020.8175667565677
283.35459667236864,3241.1185727960506,1976.3160839953812,2203.2043353301983,1881.779312605874,2046.9698815601707,2091.750457481516,2043.9845098320811,1981.2917035421974
284.3629923796398,3343.5013041214183,1958.0671038977614,2217.091692908058,1905.4682409952873,2103.954516098963,2050.3632218209705,2058.3026728251175,1982.877888285721
285.3712782208495,3328.5368339212146,1921.875129875178,2229.6133996382487,1867.276404594633,2150.1970719574565,2117.4378367891295,2099.5691630609513,1985.4081920198118
286.37945421394403,3431.474352527619,1966.0937300672142,2232.345938080359,1922.3806809904293,2066.435047266198,2142.932883150572,2128.0307073289405,1982.982862665063
287.3875203768803,3348.427748355622,1997.3077797208973,2203.4108257838216,1945.533101482868,2191.462823113507,2116.7878064240417,2089.9048004158344,1964.4507723775325
288.39547672760466,3381.682087518923,1980.6853038334887,2171.5947307090055,1901.1397093020232,2109.9468949471197,2149.7196922128524,2089.06617638261,2029.4069804840112
289.403323284052,3410.3719906115907,1995.6106039132387,2231.7362719748653,1929.8540887568365,2173.950243504087,2179.9281085183056,2109.1900391833883,2017.5294422987063
290.4110600641689,3339.7989454468857,2031.4859713095611,2246.5374158351915,1958.468504098533,2167.518512962983,2216.5302375292895,2176.5206664547536,2080.4976958758675
291.41868708588663,3500.948934388197,2025.8637569414539,2248.1780199375007,2005.835444959828,2233.156785951281,2157.0492004211033,2225.145461158631,2113.9883296606076
292.426204367137,3435.502638477923,2105.112029134615,2321.14977914127,1962.426631455801,2159.372673322333,2177.459554718239,2128.223044251606,2063.914132621718
293.4336119258442,3472.513825699347,2023.2041479400245,2273.4663599802957,1955.8645165878231,2102.6046087881427,2144.817512023851,2199.0912447554765,2078.4829497963096
294.4409097799362,3515.4682242816075,2059.9305139155085,2270.7187478806745,1976.0148188772434,2206.7829802324727,2193.7960274289317,2144.845205323277,2096.8933795871253
295.4480979473265,3450.0138899787366,2073.3732356584774,2321.782153152644,1929.8700761498956,2233.700903523238,2168.38222402278,2149.5783617423454,2073.3732356584774
296.455176445932,3522.44630488206,1976.7522808691258,2279.5781043356037,1934.3369375171435,2152.332074279657,2142.4680409419866,2120.767167599112,2043.8277075652836
297.4621452936626,3528.657723819989,2041.9743636168128,2257.592678772108,1978.9626185485988,2212.302987004329,2222.1485721712374,2131.56918863568,2083.3258213178283
298.469004508428,3580.3704078631777,2044.512234009211,2237.4841050797804,1976.2298796303942,2185.035340122138,2179.097744089198,2190.972936155079,2124.669780453909
299.4757541081308,3470.08661415279,2056.7896583743104,2315.3802343788175,1996.1203309270993,2199.0144751767893,2201.003633453747,2206.9711082846206,2085.632453390198
300.48239411066965,3595.7946548840155,2066.709160865376,2265.2010156009983,1964.9696172320416,2283.1550527127633,2238.269959933351,2211.3389042657036,2109.5993606323696
301.48892453394,3674.0681734227855,2109.484071218208,2364.905931693347,2024.343451059828,2279.765311534967,2303.8050160502744,2250.717335245638,2158.5651346036266
302.49534539583334,3623.83476048185,2144.2275387747377,2331.6845512809914,2002.8829464571886,2300.6087898494734,2282.56479934085,2250.4865939921865,2132.198211768989
303.50165671424116,3612.5245409232716,2062.5899366729227,2289.993469342858,2089.519302383836,2282.014398021106,2233.142586175374,2228.155666599279,2217.18444353187
304.5078585070405,3637.242736379029,2110.633756091053,2330.1396667245226,2024.2219270181488,2303.322202529483,2314.247836090425,2230.815725261414,2167.248402725025
305.5139507921194,3658.9159228097724,2117.953235362155,2363.671623870587,2020.461728990388,2274.138607814883,2271.1541739463596,2214.4499304444134,2181.6211578906555
306.5199335873476,3635.535299997749,2109.997326701691,2358.640204167477,2023.8143373011992,2274.438432914123,2240.7577244127815,2254.626251442746,2156.5559531594276
307.5258069105985,3669.7621419398,2078.308956905112,2312.317026480306,2011.8744625765614,2303.39298992871,2256.78968793704,2230.0175782822507,2176.4733589726725
308.5315707797417,3682.7103378329934,2106.53013940649,2436.6358036052484,2021.2776255293334,2259.1916177446546,2246.3046098329914,2149.1563963450685,2207.643586098002
309.5372252126399,3730.693663697345,2137.936182209492,2381.674834904385,2057.353199073629,2252.344121229544,2303.0815550558277,2251.3492695858913,2196.632429184997
310.54277022715536,3834.9172779048404,2117.4938011315103,2341.8508564787776,2057.929981127811,2245.556014139464,2336.887204811803,2320.010789144088,2207.8322614704543
311.5482058411435,3737.4409004578756,2155.7559113841025,2343.126281860391,2098.9468096971427,2376.01576178442,2254.4243511561904,2286.317180173431,2210.571711257485
312.55353207245935,3799.8356726999436,2126.877244030798,2424.203978983845,2096.153481418983,2311.219819701687,2318.1574435172583,2243.8257597789966,2160.574273992143
313.5587489389509,3800.50252604737,2128.677816414537,2394.2670411813415,2049.397450812506,2255.5264013777874,2203.994163736467,2259.4904196578887,2176.246035775756
314.5638564584588,3786.392654165028,2158.7176054898114,2407.458728756127,2004.7350053725684,2300.8553902134204,2275.1916235272133,2270.2562837798655,2186.3555080749575
315.5688546488309,3778.9830708765644,2149.922896978082,2399.9370040562903,2070.5533391754766,2373.149778297911,2221.3554990004272,2293.780220495305,2256.0796805390673
316.5737435279007,3774.864532570732,2186.3334432220104,2437.7271483276645,2036.882854753688,2350.6301166375165,2285.307342869906,2216.0256131163787,2159.6104903170785
317.5785231135014,3770.07697527963,2170.170359719787,2405.8001706747636,2119.6782573722917,2281.054976639776,2316.6964606497727,2272.144605637277,2176.110607054786
318.5831934234629,3736.430343267331,2113.7463653618843,2489.96351704222,2108.79613968188,2350.3671528660952,2346.406972322092,2301.854941202052,2205.8205630099665
319.5877544756113,3811.1843058747822,2156.900775391232,2458.6690031409225,2038.1722923421733,2334.99349996482,2364.6756207270846,2340.929924117273,2262.7670061099757
320.5922062877653,3780.9093886950845,2152.2099597187403,2440.091456850152,2116.7177203463743,2331.642947656812,2322.7698878137207,2303.051977051295,2193.617572319834
321.5965488777474,3881.273130952996,2132.7199806308045,2409.9537756988752,2124.799015057431,2325.7935164817823,2365.3983443486495,2342.625568325201,2200.0481880044786
322.6007822633728,3856.356107751379,2168.8274035600202,2408.482334444002,2065.407848323779,2371.6888388311086,2351.8004628241392,2375.6665140325026,2296.113010004625
323.60490646244216,3936.320545848299,2183.4043931043852,2460.075489577356,2126.4720736135573,2345.212037973054,2338.220349614531,2335.223911746593,2233.3450242366903
324.6089214927742,3956.79743995284,2250.220517087633,2501.3657025447474,2164.4882248633176,2431.7712535626556,2357.1337285673685,2391.4266454570948,2292.582355598472
325.6128273721588,3988.667080347667,2207.418432190386,2457.2768398504572,2215.478380824582,2415.9696031002036,2398.842212252537,2365.594924136479,2322.2727002276765
326.6166241184037,3992.0154357134234,2197.670377181615,2504.4390110673785,2184.5949927864845,2409.893923902586,2412.911320301462,2336.4706115299277,2281.151677550528
327.62031174930235,3941.4607374217776,2278.3886087890564,2458.234804959545,2195.538114,2397.6124916436497,2394.5813759778553,2381.446541426078,2346.083525325139
328.6238902826408,3992.1975573860927,2274.7879730972672,2491.0990806673303,2186.251333719753,2495.123473366308,2456.891742726018,2440.794171930106,2298.9343292911344
329.6273597362088,4067.9285702405446,2237.960703096937,2506.9559797426364,2154.962160488784,2424.957419575546,2427.9573668987323,2353.958666260138,2299.959614442786
330.6307201277887,4061.8027864810288,2201.8560649499727,2513.6854074815947,2155.7333969227875,2384.341403666227,2452.522739010762,2404.3947375910902,2309.1414014479906
331.6339714751593,4007.6196057185894,2269.819921146718,2550.303385457284,2114.1066811735923,2431.522131888041,2420.5423521463463,2367.639777027271,2243.86771448453
332.637113796096,3954.8995553663653,2237.2353174290515,2501.491354034792,2124.976174058944,2433.9371792633997,2399.166648131066,2398.1732043844277,2279.953398534491
333.64014710837364,4001.7534176098197,2174.3058440406007,2532.065374441082,2169.3507258910095,2441.882224118523,2428.007893299668,2359.62726283531,2257.551828953732
334.6430714297567,4059.6072237716667,2192.1283321320225,2532.662760538401,2140.502121411522,2524.720266581401,2387.7122458231497,2384.7338105892745,2293.3951300837734
335.64588677800566,4053.1803269275006,2167.772807459636,2511.564930032074,2222.264354265066,2477.879246552354,2424.3784551433864,2370.8776637344195,2254.9592823483235
336.64859317088485,4114.211911081808,2264.9044788410724,2540.31209106187,2198.2896412280998,2508.496049216868,2422.9904367584254,2377.2548766062355,2380.237630529204
337.6511906261512,4045.5866232200797,2261.2063434366582,2491.193135053188,2177.935263713432,2487.227845542558,2451.54023994689,2326.6336203620504,2336.5468441386247
338.6536791615508,4119.591077394579,2228.712683694173,2540.7125868060634,2137.2986993429186,2460.228535366372,2460.228535366372,2380.738114191368,2318.1394075160524
339.6560587948407,4103.012611728321,2310.9834033168704,2473.7147378570025,2221.6796221667983,2479.668323267007,2457.8385100969895,2425.093790341963,2316.9369887268754
340.6583295437558,4119.43470980515,2285.2556584488325,2562.075298121502,2208.5825927841006,2495.3597734521895,2529.2154128366165,2404.74615039387,2468.4744127645563
341.66049142604237,4130.194278075702,2282.737309128943,2570.9366211217134,2189.3209804140447,2489.44578117893,2441.7438260904714,2412.9238948911943,2374.166056381822
342.6625444594392,4268.662349285154,2240.5019955104317,2578.8594713603243,2187.9127104076624,2458.79714122004,2458.79714122004,2399.2621014810557,2392.316346844841
343.66448866167053,4102.960720265791,2287.1401354806885,2609.6219333250374,2161.124171399974,2431.016629903552,2445.900405188676,2398.2723242762795,2359.5745085349577
344.6663240504748,4263.101330974661,2269.038156207859,2597.4255441158843,2227.4951734002175,2436.1992060767034,2501.4810362029975,2454.0033415656926,2338.276460887262
345.66805064356964,4163.018416677362,2277.9894955700825,2602.9944819678894,2218.8976798613903,2500.568668072823,2450.340624720435,2485.79571414565,2394.203399797177
346.66966845868234,4218.46132440693,2326.81445683077,2625.8071542097873,2178.798270009474,2531.076794644158,2515.28840138322,2453.1216029182756,2375.1664111923933
347.6711775135264,4222.180677186037,2295.9780343655466,2596.358580312334,2307.874293610964,2470.456503298334,2475.4132779839247,2490.283602040696,2376.2777842721134
348.6725778258151,4196.3536550357885,2266.84695901625,2640.010966755975,2187.2386373651084,2589.2606617033725,2529.5544204650164,2463.8775551028248,2421.0880822153363
349.67386941326185,4305.09996331607,2342.686893101562,2635.898024959212,2291.650143187773,2546.8338927567174,2527.8202016123646,2490.7935399102043,2421.7438194386077
350.675052293569,4390.0088250530425,2365.771361817711,2615.43064440717,2296.8653998230207,2519.5614798928177,2502.5846486767346,2544.5274081517637,2408.712758423098
351.676126484439,4259.00781674321,2390.6883632987615,2701.90815441886,2261.5971959209714,2595.833241689823,2511.7738768856807,2581.8233475557995,2443.7258196632797
352.67709200357064,4295.3926093733,2378.324768805109,2687.496983176493,2210.2311376905704,2604.4507249472863,2546.418399919648,2588.4418076982824,2473.3777149710686
353.6779488686625,4372.304365161857,2336.749344793392,2652.9036522195574,2328.7706871927317,2587.0797270141097,2608.0237032158434,2461.41586980371,2514.2744764080844
354.67869709739534,4390.393590179469,2254.338388618301,2674.7903896701273,2307.0191357950075,2614.1578315988236,2553.5252735275203,2556.507202612994,2431.2661810230884
355.6793367074679,4355.077009970244,2383.4546632911615,2663.978125331273,2308.847359557089,2551.5697877052708,2636.1247319372196,2537.643091008244,2433.192865780543
356.67986771655336,4400.1135689929,2392.5555354799735,2620.3705947834724,2331.871174704806,2618.3809436105157,2543.769024624654,2538.794896692263,2439.312338044447
357.6802901423325,4424.974142984537,2428.2305989747024,2718.8644084108087,2328.04624828171,2592.890026846353,2628.599300360687,2576.0273143534732,2470.8833423390456
358.68060400248584,4444.557120786347,2336.992827979949,2988.530139987959,2318.122082662644,2574.366940129209,2559.4689832997574,2554.5029976899405,2419.428189102914
359.68080931467557,4371.292342666502,2405.8973969510366,3904.002580207146,2338.433057572616,2673.770509188884,2649.959565878853,2559.6764058283193,2467.40900050195
360.68090609657884,4426.479502338191,2390.2989312626232,2704.6287116533804,2323.653060103824,2622.0674085760616,2624.0568375658763,2614.1096926168016,2535.5272475191123
361.68089436585433,4342.590115176727,2399.7741768643814,2651.547262747716,2322.458032380523,2643.6174017750127,2581.169746614973,2637.670006045485,2520.704556698109
362.6807741401643,4475.719911886088,2414.45434390645,2688.824155714001,2369.5574656106687,2680.842488461418,2646.9204026379384,2594.041857089574,2536.1747695083454
363.6805454371606,4467.852087292815,2420.8758910838997,2686.095407981889,2338.119425284903,2661.1687616568897,2657.1804982448903,2594.3653495058925,2536.535530031895
364.680208274498,4521.764516927681,2386.9574648538237,2779.6343922661017,2353.071638630429,2627.148174260826,2664.0239263274616,2637.1145937382953,2560.373163761784
365.67976266982436,4401.136905368433,2364.5982520311313,2809.2573466462627,2355.705070138829,2629.417446157476,2675.8596182617234,2637.322496728412,2465.387646810561
366.67920864078417,4528.818638558674,2403.5905372472475,2698.73368740615,2323.635369478448,2614.830116290743,2646.417343063602,2607.9204104341798,2490.45541087261
367.6785462050175,4495.726325596018,2465.1762682128647,2776.887826658608,2335.3783952953945,2711.9888901998725,2670.6895669988594,2583.174334501474,2542.8583285195323
368.67777538016156,4561.043437410887,2457.912009688565,2733.0880843438217,2395.0146211959345,2670.190695851192,2661.3457505944157,2665.276837375205,2525.7232566571815
369.6768961838534,4595.174207168476,2381.5912504118846,2722.520360928768,2394.363810748252,2688.1326984847015,2637.0424571392323,2642.9374849867863,2557.459581197251
370.6759086337152,4601.820982033476,2516.466351369832,2822.990739945332,2341.4508133767235,2722.13432822049,2753.7755554282835,2674.6724874087995,2593.5918426888284
371.6748127473766,4580.82999558631,2451.43270799925,2770.4954937614802,2386.034745700159,2720.951582928836,2594.119171197266,2652.5809859797864,2590.1556583306547
372.67360854246004,4642.967083022404,2460.6042229282734,2785.384176699088,2416.0459975633753,2788.354725056748,2730.9241234753235,2649.72913503262,2603.190544095948
373.6722960365805,4648.534025180739,2557.0396604598286,2849.6116509878952,2383.077936362059,2731.001384557598,2705.3024934977,2715.1866823668915,2573.842781537454
374.6708752473533,4668.675533840677,2488.7723265639233,2846.1497370211932,2456.1034774085497,2737.2535731699472,2743.19336392547,2773.8822828290026,2619.447723185418
375.66934619238236,4527.399125149869,2466.984607007082,2793.815768031165,2443.3582580173897,2720.967858646279,2753.4540885071065,2740.6564828043565,2588.0696455792577
376.66770888928664,4596.481430433201,2435.2738072652905,2769.047267183885,2465.616849076072,2755.3439579790165,2776.8777295866676,2720.1068771664964,2583.073785117806
377.6659633556592,4638.476948923182,2436.835039230209,2782.3054452724577,2404.6301708703386,2691.546270803731,2738.389715690816,2632.0160595930615,2596.883475927748
378.6641096091007,4713.703190275417,2478.4293965027987,2791.8950530344764,2493.0773243781105,2727.4441703831035,2751.8573835086236,2706.9370713576664,2656.1575880565847
379.6621476672081,4644.224642729581,2433.850863409871,2828.107378573299,2435.802628336423,2836.8903207427807,2816.396789013989,2777.3614904829565,2555.8361713193476
380.6600775475708,4737.534340525872,2484.2573614483535,2803.926413843434,2480.3589583703647,2796.1296076874564,2762.0185807550547,2702.5679338157256,2609.980860713492
381.6578992677751,4802.627255586136,2546.5366266638766,2841.8722876671372,2482.9710042625125,2807.6446448356337,2824.269499925221,2695.1823898178354,2673.6678714666045
382.65561284540314,4720.344543745662,2565.57474891108,2799.3423299212773,2526.450467570461,2840.422825328927,2733.809158675741,2778.8020822174526,2635.998455324194
383.6532182980408,4723.160404874892,2575.2003203342774,2949.525481052578,2481.1290757558563,2877.9921388210705,2816.2578845664816,2790.7802558264925,2685.9300144734607
384.6507156432563,4693.947617834347,2500.624259072177,2894.3228565939453,2533.023395526587,2885.4867284700154,2857.0147600706855,2746.072262514676,2712.691334046496
385.64810489862435,4849.920101049811,2519.1043924946093,2984.8711369763037,2543.8792193287422,2887.7538157865033,2873.8799127593893,2746.0418062952645,2743.068827075169
386.64538608171637,4844.048391232123,2625.3472751006207,2924.876884877873,2585.6744791036335,2926.8605246777224,2860.408591382769,2821.7276152857066,2737.422923792109
387.64255921009317,4831.541923430258,2601.6759698800383,2989.3922970688864,2517.1736934414434,2887.9895653425724,2895.942720772087,2844.2472104802405,2787.5809780449476
388.63962430131517,4830.068931033577,2671.953025678149,3017.804933587673,2627.4863518040675,2901.203433206748,2840.9263863996593,2832.033051624843,2671.953025678149
389.636581372939,4779.6463198807105,2598.6331638884894,2893.999071112548,2578.094474975558,2873.4603821996166,2904.7574319717023,2864.6580869512177,2724.7993957822096
390.63343044251815,4784.959219061343,2605.1011157996018,2978.651743785842,2561.2113553312447,2858.6863985056657,2857.711070495258,2776.758845631399,2728.96777312141
391.63017152760216,4821.378467261089,2582.152723348776,2934.7943480950535,2527.750709613813,2883.306727953035,2760.902197049368,2899.82162497972,2717.186293155202
392.62680464574083,4780.283785009448,2600.737744892724,2929.945054372816,2452.5944556266827,2896.056066632218,2838.928915869496,2800.198644165956,2732.4206686847606
393.6233298144653,4835.9599505953865,2587.398768989501,2926.236356373117,2556.330566134843,2939.82869512203,2851.4784932540956,2809.730595668149,2756.332122011705
394.61974705132167,4895.9385106884765,2627.9454767473117,2990.824362177898,2537.2257553896648,2909.859449568385,2992.775323927525,2874.742138075103,2798.654629839657
395.61605637384133,4863.039949586671,2588.7052245605028,2966.1438798656136,2596.467459116906,2882.6998583842783,3602.6471134906847,2803.136954181144,2840.00756832406
396.61225779955566,4934.422062781088,2620.5021611426896,2946.4883611219357,2565.2009307890676,2927.0844206469806,2907.6804801720255,2828.124324224709,2765.061517681105
397.60835134598534,4907.508622095283,2610.9152554197194,3040.066812497653,2527.22583612561,2992.38330615566,2921.344613033916,2959.2967915510126,2772.4552973130003
398.6043370306616,4956.99590075997,2680.5148545652887,3026.8295474543806,2648.231281499356,2956.3926607650737,2969.110431972865,2971.0670121586795,2888.890644354488
399.6002148710977,4932.169750760688,2731.345252117523,3077.807784998737,2673.2734071175473,3092.5718133885616,2977.4123919479307,2937.057381015744,2848.4732106767974
400.59598488480697,5023.416125477308,2745.619839402443,3054.205354493784,2660.561011524702,3089.8113754658616,3011.6759405549133,3011.6759405549133,2884.0876987383012
401.5916470893062,4997.7163078796,2742.8544046611946,3137.801682705156,2711.1794349935085,3108.1063986417003,2986.3557339815316,2957.6502927201914,2962.599506730767
402.5872015020977,5074.493393827061,2744.3789170804093,3180.291380424483,2653.850820855455,2945.115130448786,2966.7631534591014,2988.4111764694167,2936.259121035476
403.5826481406912,4966.852443862146,2740.1972046248147,3100.852630698467,2629.452467814155,3044.0101994151196,3028.329528716265,3032.249696390979,2895.043827776002
404.5779870225779,5024.000967238737,2746.921755079309,3115.3874837592166,2678.687360879326,3005.237675979244,3091.9928343192223,3009.136784219243,2899.961753499271
405.5732181652602,4985.926850445534,2738.460409652676,3133.9833290119736,2707.286189407608,3028.7703356848697,3007.3380592663857,2975.1896446386595,2843.67340297978
406.56834158622945,5154.306073098734,2771.655152515357,3061.463305304682,2665.6514993138926,3075.078453422301,3100.36372849788,3008.947733993865,2865.988678758862
407.56335730296996,5039.384050833842,2725.619052937502,3084.048643291721,2675.108649960756,3122.9027994276794,3066.5642730305394,2983.999191241627,2952.9158663328603
408.55826533296926,5011.470680229481,2814.9660801211876,3141.591049252997,2645.855519180162,3096.1727843145504,2988.908371374814,2986.9756792497737,2897.1054954354
409.5530656937117,5059.184443856462,2877.435308213244,3117.0605454318084,2699.648841889793,3080.3437752128348,3047.4919281748057,2934.4429251321767,2966.3285413749695
410.5477584026703,4975.939290911668,2723.2986949489596,3135.4839954868166,2733.8429700789975,3053.046935379245,3115.354015693107,3015.662687190928,2940.8941908142933
411.54234347731835,5092.298344186462,2790.195168210846,3118.7925330621233,2729.664074685611,3081.320903736978,3062.1046835702364,3020.7898102117424,3020.7898102117424
412.5368209351254,5132.24512819049,2855.7526503362433,3166.622276234915,2792.0340313632237,3124.1431969195683,3227.4445943455244,3115.454294332338,2988.982490007102
413.5311907935575,5093.998565404757,2820.844115190836,3153.3353631325735,2759.7742941403126,3172.722607910517,3163.0289855215456,3049.6136035705736,2969.1565377421066
414.5254530700768,5087.187004520632,2837.6449449100205,3198.658597272034,2824.058409606074,3126.8440535226014,3178.2787943161143,3030.7678395875496,3003.594768979656
415.51960778214203,5146.953063861714,2885.767957876202,3281.011793838279,2830.1410476296874,3227.336705003923,3171.7097947574084,3140.480652162874,3034.1063852002408
416.5136549472045,5130.913989383744,2847.466650995398,3201.322788194277,2855.286676126865,3196.43527248711,3284.410555216113,3113.347505465274,3092.8199394951735
417.5075945827193,5066.3394663055615,2917.6600414427394,3203.1149672943748,2775.9035136388657,3253.6035936354806,3237.097696562427,3189.521875587154,3030.2885155882827
418.5014267061306,5070.858313316684,2899.9848478868566,3268.897778452764,2836.078670938432,3166.2605851719604,3164.3240343553416,3190.4674703796973,3052.9723623997525
419.49515133488603,5186.304921418921,2926.178005057796,3318.655134246255,2818.8751446146457,3226.819352785901,3221.985890603777,3164.9510368547153,3044.1144823016184
420.48876848641515,5193.702144819778,2920.4913660324014,3276.978734231527,2873.15293502493,3243.1655692261897,3210.3184946495767,3185.200143502755,3030.625674906928
421.4822781781622,5230.806110267411,2898.7102323552376,3311.8464226476262,2819.557971598285,3320.533865901438,3223.0414471642157,3157.4029870243035,3169.951516168698
422.4756804275567,5135.810558947742,2953.4301007604045,3318.6131601197594,2869.157087062092,3244.995355049969,3242.089389060372,3221.747627133193,3158.785030691925
423.4689752520244,5203.842224733343,2959.9836507657546,3301.9699119305933,2905.421740152561,3317.5590292486486,3360.4291018733006,3260.07415913832,3193.8204105365844
424.46216266899137,5267.578709615357,2979.9166305368067,3389.9969007941654,2858.8453126513004,3283.571306846422,3263.067293333554,3295.287885996632,3196.673344815696
425.4552426958799,5184.3047745480135,2982.9242321224565,3353.2317160187436,2914.709695615246,3356.1551961547666,3358.1041829121154,3283.0681927541837,3207.0577092175777
426.4482153501012,5266.361994421375,3019.057290811148,3390.8575938274407,2983.139245872237,3314.1677140930096,3255.922235813695,3232.624044501969,3196.705999563058
427.4410806490741,5254.77025183463,3006.199305648869,3462.332425787763,4123.676821724751,3326.1732854477946,3365.0758969734998,3234.7521483623873,3202.6574938536805
428.4338386102027,5250.154234452267,3049.3221986713334,3392.019026474893,2991.073446070162,3431.82234075236,3383.281713584717,3310.470772833253,3225.039269018201
429.42648925089446,5249.811932591516,2979.1521254639906,3391.471425479475,2949.147669359578,3360.4990836942743,3363.4027407366366,3295.6507430815104,3216.2841172569333
430.4190325885539,5271.950214334467,3133.127765246936,3406.4163609164802,2916.047462303752,3390.9106249919673,3388.972408001403,3323.073030322222,3237.7914827373997
431.4114686405737,5351.193071394727,3095.7556427207223,3519.8051118461494,2980.9899607097122,3475.065947672366,3415.737925615827,3317.5062825386062,3286.383385722061
432.4037974243511,5264.998426525006,3164.4600655813383,3487.2447440736105,3018.1830209473783,3532.1030377613583,3399.4785172932343,3334.1414373567322,3343.8932403323292
433.3960189572754,5188.8708881158145,3167.562281201739,3516.803826218746,3027.0852351613785,3497.2931253798074,3436.8099527790964,3502.170800589542,3310.9659323679402
434.3881332567325,5316.904775188513,3132.0228534005205,3438.2781339735798,3043.9622295935706,3493.0714110090153,3439.2565853492124,3421.644460587823,3298.3595872580927
435.3801403401085,5304.150899334794,3218.5239073497264,3631.7326353392564,3099.0654599214736,3546.545053976486,3527.9408695409384,3431.9824445575878,3372.2532208434613
436.37204022477823,5301.215101580031,3225.5915242984183,3505.7370377965503,3048.296636385265,3550.7954071004456,3485.1669126795546,3513.573275936358,3448.924311282943
437.36383292812036,5266.371577403612,3275.0339626274545,3591.8155215125507,3048.9006652079397,3652.247695822938,3506.0408224913554,3436.836235781073,3334.491424448965
438.35551846750604,5354.40894198876,3162.244059869792,3615.6612081465073,3155.433072663919,3549.4973324323087,3555.335321465914,3447.3325243442073,3296.517807642725
439.3470968602996,5250.137167055098,3232.948488938708,3645.3342167696383,3104.5642529158713,3515.9773728981436,3523.758235687407,3416.7713723350425,3375.9218426914126
440.3385681238688,5238.601879702396,3359.9510104058872,3620.955900489591,3134.9803775352325,3581.9999467457546,3557.652475655857,3492.4012531349313,3487.5317589169517
441.32993227557023,5192.45431046839,3273.4615591257493,3660.1750350925195,3146.176470302516,3639.7705552048255,3567.86905464819,3579.5287574411577,3529.00337867163
442.3211893327643,5325.720703102492,3266.0282826018197,3704.343242143394,3145.782585736432,3687.857944992494,3664.5845843088705,3480.337145563519,3507.4893996944124
443.3123393128044,5216.125013228141,3267.3496830072186,3683.2823281140722,3152.943967103702,3662.9219888431076,3612.5059106483372,3524.2777738074897,3452.5318163764705
444.3033822330326,5186.605378201157,3267.388052030547,3594.8009425965315,3139.311833073853,3664.135437069328,3601.541796225831,3507.1698454156353,3383.9085219084413
445.2943181108022,5093.468350582795,3311.474522367589,3660.960380918416,3204.9005380292874,3675.3622706938622,3616.794585607048,3530.383246954371,3468.935183912467
446.2851469634516,5119.452510162293,3341.9847377563106,3655.655521122072,3184.6697271386197,3652.777807513212,3535.750787419564,3529.0361223322234,3464.767185067679
447.2758688083195,5192.0465084899015,3314.092719453232,3780.934127799098,3197.6230072679746,3708.742157436335,3693.3412037589455,3562.4330975011358,3542.2193457995622
448.26648366273736,5161.615618984068,3449.418306626683,3767.0265770471083,3253.0786485486014,3757.4020840040653,3669.819197312372,3563.949773838897,3594.748151576635
449.25699154403634,5289.363562543332,3505.8986690191055,3809.116763355381,3263.7116927121765,3805.2417717344697,3678.335796149639,3763.585611809678,3580.49225772164
450.24739246954414,5158.536700255275,3410.682628189009,3764.311478590476,3319.8599179766106,3812.6214308311132,3770.1086728593523,3614.5506266444995,3664.7929769747625
451.23768645658487,5194.178346680076,3514.420763923332,3887.162360097019,3321.756925901089,3846.4996405144348,3770.983161289636,3645.122362581638,3630.599962730715
452.22787352247184,5087.881139019096,3507.5178309812677,3835.955193287418,3287.2715997877317,3782.8256199731877,3737.4239845955726,3672.7025043764197,3594.4571327681897
453.2179536845288,5085.885404160591,3543.6825106936435,3896.600414214293,3287.454443753994,3878.229345263903,3768.002931561563,3707.088334515533,3658.7434162250333
454.20792696006174,5115.154208882919,3583.410505675017,3864.632851185111,3320.549756607162,3852.069653619368,3775.7240684121602,3784.4216667269056,3646.226493503732
455.19779336637663,5127.6291571285265,3650.0443562353803,3908.670493776123,3323.101880476329,3971.131145861434,3864.752847778638,3796.436509560329,3783.7491896055
456.18755292078635,5019.962811370106,3684.099260440677,4045.591147672492,3392.7621329950907,3933.538406347266,3805.8957184028786,3807.844461730274,3717.2278970063962
457.1772056405825,5057.818036360456,3656.803410520345,3953.694321536324,3465.6677586571163,3940.1110772414754,3894.5101856801975,3763.528901408442,3733.4517176127056
458.16675154306364,5014.5156038343775,3588.1302312272514,4018.93716471062,3440.6728244644873,3968.8209218892885,3843.53031483596,3780.8850113092954,3738.4789596912456
459.15619064552453,4972.808545671897,3654.2171719354133,3988.426784506642,3382.431768608811,3985.54566715689,3935.606299761189,3705.1169117810314,3693.592442382024
460.1455229652565,4889.787144526488,3593.9744951585953,3973.1902557824346,3425.328290057039,3962.709418177253,3877.9099139171485,3803.591247262225,3678.7739994187
461.13474851954015,4807.572956621326,3615.952309253647,3907.407239042855,3380.8771855548107,3897.851339705504,3865.36128195851,3747.823720109092,3660.865036139197
462.12386732565943,4813.883161837942,3706.9782910919716,4045.199223819907,3443.704042320795,3963.526555405491,3889.540726371255,3823.2417367171997,3754.0601822955764
463.112879400891,4843.417451821439,3715.6963734868946,4083.8924862422755,3513.2848978883867,4052.0849686482243,3992.3253901381886,3836.1793946764824,3840.998715524066
464.10178476251167,4839.941443522376,3673.6439642135733,4100.385260450735,3458.3423600034216,4007.6993680553333,4039.5601435662525,3862.8776611875182,3722.8833445486302
465.090583427791,4804.232909981484,3754.0007608836636,4136.254373974414,3433.525509504549,4038.760396898238,4023.315806470329,3931.6135508046186,3785.855228641226
466.0792754139948,4832.232637815518,3756.584200900425,4172.591474622287,3489.838796222287,4058.959858189001,4001.1810701720756,3902.9571305433024,3821.103847519325
467.06786073838515,4712.32631118941,3801.8707497434193,4106.633769259025,3517.233590007146,4014.6298388392192,4009.837967463188,3862.2483290814166,3812.4128667706887
468.05633941822816,4684.011395895477,3830.5442887905956,4174.4216080393635,3572.87576823929,4081.5076805543204,4082.4655560954034,3918.668838570224,3784.5662628186155
469.04471147077135,4674.602784157074,3801.1575018406106,4188.719015087041,3476.5985991219245,4110.443044431358,3992.0745034398374,3848.886752240417,3891.8430776002433
470.0329769132695,4535.761300972962,3866.128402280424,4127.495089234491,3554.2053853680877,4095.062726619753,4050.2297547699677,3859.4511511538603,3815.5720723221552
471.0211357629705,4561.062296805512,3846.105547713268,4168.835691444654,3522.4233976581913,4120.283368936392,4027.9387555383264,3974.6264014116077,3818.4973643262174
472.0091880371183,4524.327940422431,3848.59797936082,4230.490691065612,3597.8313365872477,4163.491969713894,4072.5651335937055,3959.624431886524,3938.5676908902697
472.99713375295687,4556.3915069311215,3893.6089234454375,4311.906865184241,3578.452939943599,4187.754508047154,4126.633347610433,3929.8996124547402,3858.273252567959
473.98497292771935,4607.564509141605,3889.0676348963093,4282.27963931018,3614.488935950371,4202.871862263097,4161.7328934314755,3971.3455725595527,3904.375158182494
474.9727055786425,4595.858735139358,3930.819960705098,4339.042608988952,3654.8384520061536,4296.878767382169,4205.843200276615,4028.56341170264,3962.442841910185
475.9603317229521,4543.9240733817005,3948.077999351644,4302.907683886397,3689.8461534638186,4261.781871393151,4168.053275478311,4006.4192682374123,3937.557442667325
476.94785137787767,4569.205557586857,4017.009770101407,4298.353046972232,3673.6756017166713,4261.158512063886,4269.7418662735045,4061.833953196081,3985.5374713328065
477.93526456064143,4619.654235017621,3981.3748704519894,4446.011717303204,3673.2071054972826,4347.741501234056,4128.303154671881,4135.935792813174,3935.5790416042314
478.9225712884581,4647.093669524651,4133.70227168662,4403.209031364994,3691.483433622808,4259.914944352901,4233.343855370526,4091.947703285745,4016.9792736569016
479.9097715785465,4596.257695744607,4061.6103646073725,4488.948373509247,3726.3874376243466,4328.459210166099,4227.797368069213,4098.646325378869,4028.3729639150047
480.89686544811053,4751.138164676546,4096.528473457133,4481.704610609425,3736.9674981351664,4340.3468656939285,4296.706219612634,4115.502667405522,4012.0933103868033
481.8838529143686,4753.599235513034,4157.730899733722,4500.951061142606,3750.633652729297,4418.0061888021255,4342.68843115962,4236.8622147252145,4103.387707510649
482.870733994514,4814.32145060727,4236.7931659197975,4641.158109893728,3775.3414063260175,4401.393484290362,4363.3356072104625,4297.685769247636,4071.2414006222352
483.8575087057543,4760.6194894816845,4247.7324407448,4606.467908970784,3915.640455570084,4468.492728883867,4348.597055153167,4248.683993710917,4163.044226760418
484.84417706528257,4879.795743213454,4254.521507402125,4653.027090165036,3816.1653663629227,4464.211349760704,4429.104905564924,4238.391519528388,4171.025099585134
485.8307390902883,4881.844168840626,4247.678392344629,4586.089725990475,3809.73431350883,4575.662486018194,4381.33665017114,4219.2404651475,4209.7611560817895
486.8171947979645,4883.078498527195,4311.433279562614,4617.570553851084,3872.069598870829,4529.697817712727,4391.747070656811,4294.425653213255,4211.277257727497
487.80354420549696,4817.477380211197,4267.446727221297,4670.551383864579,3963.234568119006,4500.079554770107,4459.580722443796,4258.028394122154,4220.355061725586
488.7897873300608,4726.023057704535,4229.044223567673,4653.271403277656,3948.4306993497107,4590.912842340331,4467.14054714655,4347.147558676243,4238.492490376359
489.77592418884166,4639.382340374373,4203.55585780972,4705.416655914471,3896.9679642306896,4613.911961523191,4465.806425240398,4318.644236322463,4229.969584025759
490.7619547990071,4586.647935110993,4378.85087050547,4836.004412637621,3862.1918053271934,4600.815916788642,4514.863494610903,4373.18367783441,4277.7859345382385
491.74787917773216,4483.474629531988,4303.309889291272,4690.851752413229,3902.6310138600957,4498.488357885381,4495.67328381912,4323.015407755101,4254.515272142745
492.73369734218073,4469.37632971013,4319.169008546759,4714.998364316902,3907.279750513866,4577.0721448838685,4561.956942754221,4426.864823720497,4315.390208014347
493.71940930951683,4309.412576020157,4287.71457049291,4729.22181339515,3929.2257835210053,4528.279414381951,4578.2791662490845,4306.5824013861675,4320.733274556112
494.7050150968971,4209.537884593632,4254.720759920218,4716.9039221150915,3913.0252652629083,4597.357564480165,4462.750248403043,4479.693826650513,4330.025552131196
495.69051472147834,4052.826441968791,4250.525292796537,4666.634302633983,3840.064821554169,4514.123760566865,4556.487800029953,4372.910295689903,4391.738757673498
496.6759082004173,3992.281291674843,4307.486154439649,4662.2092388048195,3922.653948855155,4595.404626099443,4533.304563584585,4362.058936649675,4291.490683791883
497.66119555085237,3799.8906758229123,4218.253023629031,4731.144671498725,3906.5871135184325,4509.328393131722,4503.712791147747,4321.205726668568,4327.757262316539
498.6463767899368,3673.495504331888,4223.632512227002,4655.149146603135,3822.9384945920206,4536.528773084155,4432.852698591188,4369.339427730631,4241.378867320393
499.63145193480887,3578.8986653025427,4131.86555131724,4670.845079338311,3885.688050629415,4565.473649119658,4493.67187808571,4368.71814667598,4318.363657898925
500.616421,3423.955287716991,4186.280385715344,4692.018011704495,3797.680518686915,4505.155396219533,4447.516181492828,4317.363115980914,4231.833958644514
501.6012840104486,3308.9595007010234,4188.932723718117,4687.924931490217,3786.5796027398683,4525.311083519793,4550.400077206659,4349.688127711735,4338.5374638509065
502.58604097548965,3177.390083689369,4132.5621393194,4663.213281336083,3857.92689915287,4449.090890697772,4437.919287707947,4353.201298368442,4298.274250335136
503.5706919148361,3093.028206987526,4223.012029823173,4636.284531749885,3754.8226864242192,4553.443872579891,4520.866085265849,4344.01523984676,4236.043144748791
504.5552368456192,3060.273349550559,4231.995433128096,4702.735013244767,3833.0319870094118,4658.923606778463,4421.223422759153,4279.535469931958,4367.158282864566
505.5396757849594,2806.011744656203,4277.942072960858,4645.230784674842,3810.7360290929446,4525.88508237987,4467.599971956744,4390.811651875483,4199.303431913783
506.52400874996596,2687.2941859574557,4154.941768233119,4620.406291489524,3811.6269807020526,4487.152034334608,4490.853541477801,4384.435211111028,4291.897532531226
507.5082357577485,2600.5497665463317,4082.9089985529886,4661.7262481793505,3858.170129839108,4458.085314079426,4436.9873794654695,4270.955807068684,4254.444379979502
508.4923568254235,2541.746361174074,4112.130484750463,4643.78516774676,3727.955354229167,4418.924368602778,4360.660841699074,4252.3270963625,4286.9210654615745
509.4763719700859,2489.261080643522,4041.8695429865065,4636.021640337187,3733.8916209652825,4481.578434603829,4380.7361061544025,4232.652326539477,4084.5685469245523
510.4602812088415,2376.0005411762504,4111.3636327209115,4685.571346808316,3762.8350202082706,4501.752078590161,4439.872324932564,4220.563197999023,4249.683082073187
511.4440845587815,2296.223719655948,4047.365941191675,4558.945752550354,3748.567113318464,4493.753281014381,4416.78994656219,4271.917787593361,4213.063473012274
512.4277820370044,2236.553569387293,4060.4421452339457,4587.383598524301,3752.984051145425,4503.943643786414,4388.760228006939,4224.601186620443,4183.788165281258
513.4113736605941,2136.2326771102616,3968.84297542038,4621.404505975912,3777.606193549245,4470.952819764498,4378.506602935797,4253.43230957932,4243.462619529166
514.3948594466418,2076.3871523997036,4060.110580060599,4532.4256818846225,3705.6493417393326,4466.751391535758,4342.599993342015,4262.5313379851805,4217.548947335274
515.3782394122245,2058.2554602785754,4033.96536591651,4583.072751134683,3730.7001760411144,4451.179310567572,4391.064613166237,4290.574372734153,4168.550509352337
516.3615135744221,1935.4687744762894,3983.787648713806,4638.497354471403,3775.1045277267744,4436.979319183497,4321.442312285098,4230.087469621247,4238.148191032763
517.3446819503079,1897.2235371252043,3910.348888078546,4508.580557914548,3672.304393523833,4477.376223422357,4291.041768883275,4273.210720602023,4136.803201250445
518.3277445569512,1790.7794715107843,3994.403312202199,4602.053033074121,3693.2592593583195,4484.991101553207,4277.675314432198,4236.569598020274,4163.294190503366
519.3107014114248,1792.9952820295314,3993.2040998476605,4643.4900325497165,3713.3569122572585,4478.451947560506,4369.024521643745,4250.627634586268,4190.532244943457
520.2935525307877,1748.1800765208293,3993.12560956854,4550.516358604167,3770.5312519991176,4418.407512241827,4469.0793985177925,4263.677288077716,4224.768518258671
521.2762979321013,1702.6357259573213,3999.2353327729484,4611.418964577828,3716.8291931010544,4511.210334371672,4400.9808411449,4339.03368792655,4208.762468658547
522.2589376324177,1695.540117068188,4051.6802797473583,4637.962820227105,3807.6252628966345,4578.325316109447,4525.110312435229,4326.0127986885855,4260.870294190836
523.2414716487947,1643.0417571118116,4072.245472908761,4749.116224720614,3759.0664683390974,4401.955920534888,4393.690199006656,4358.790485887456,4232.049422454572
524.2238999982801,1637.5600143148006,4052.547510172991,4691.214294656036,3774.1071710386564,4522.128412145417,4413.692900535346,4299.743718843407,4258.391193229397
525.2062226979142,1619.9801540406488,3946.810731830783,4674.747484693417,3724.945877683733,4490.471304182851,4414.377159991921,4364.870126421918,4268.606450035802
526.1884397647445,1531.997468141612,3906.5935437611106,4610.582856502375,3688.6486658528693,4428.202205533135,4357.985654909979,4273.178652209282,4213.904940644279
527.1705512158043,1529.4544758049567,3943.3246819439623,4621.2549215182025,3671.96985559147,4424.819609512189,4444.0063144058,4319.749558904322,4248.484655013768
528.1525570681297,1491.164184931782,3892.4242737586223,4617.3848578280995,3666.0459371402144,4469.826508858207,4369.926757071135,4321.351648404027,4152.7135352955775
529.1344573387505,1448.3114115285848,3850.815284146841,4613.617164805797,3749.599111803674,4364.257322033086,4396.46246777864,4291.565707350267,4208.752475433131
530.116252044696,1390.7579474389477,3863.420788556442,4599.704407788826,3686.0141237476405,4371.7414395371015,4327.619574714187,4241.214256102647,4180.546691971139
531.0979412029847,1470.6124880545497,3770.7060892452305,4630.805632732024,3715.9640471031366,4404.41481438167,4439.67240084607,4311.631692106936,4180.807489699559
532.0795248306387,1437.8960346130298,3756.4218506319653,4559.705312612802,3678.1436478403293,4511.247377551314,4453.470608824154,4351.89532186834,4189.747616085665
533.0610029446725,1407.883000036275,3750.9359663218106,4570.49169945551,3636.254106053955,4431.568145147295,4421.312043822527,4218.054763022588,4186.354086200579
534.0423755621014,1351.893032694527,3699.5252094702637,4505.999328974241,3712.5779697859352,4360.55428545676,4459.382327846843,4239.350082525527,4259.861563021582
535.0236426999289,1336.6134686190157,3676.3875698703328,4456.312270287438,3676.3875698703328,4379.720862581807,4291.920956187545,4324.612410696047,4283.514582171074
536.0048043751631,1326.7047174305724,3662.1898313895213,4518.068208481064,3598.791433086444,4343.722613147602,4309.226425835634,4192.685252484388,4202.008546352487
536.9858606048039,1298.7548896530052,3675.1803252075424,4412.436484077518,3570.65090745057,4294.956518987823,4275.530697988739,4091.4479180450444,4081.272487997905
537.9668114058513,1280.6739738347803,3603.11094156987,4397.628851584506,3566.9964911146594,4200.388391406048,4303.175673470878,4253.171049763663,4115.195328793756
538.9476567952952,1280.9741390927056,3599.5466200030705,4390.982418775358,3574.4659080701463,4266.507774367511,4194.052384339062,4212.630689474561,4159.682519838388
539.9283967901283,1232.6883898176045,3472.1652609115786,4344.157500465812,3532.5911623732254,4286.520486763932,4286.520486763932,4124.764996697369,4115.468704164808
540.9090314073328,1253.277487381862,3416.4307281583847,4230.968533842313,3476.5954524418567,4081.945139847867,4213.381922128682,4117.118363275127,3963.466913566568
541.889560663898,1210.5282110174312,3449.494434004391,4377.597030172015,3429.9847698206877,4219.661653446794,4207.584242285453,4079.3778776496856,4102.603668344571
542.8699845768024,1207.0384518109524,3456.5192029131817,4350.1740197007975,3436.9908458345762,4153.960527149095,4206.036146025375,4065.6179594125456,4060.038428818658
543.8503031630171,1206.0126547050731,3315.1496404220616,4191.494211107448,3359.4747609625238,4113.925250161639,4131.470610375572,4078.8345297337733,4091.7626898914077
544.8305164395169,1155.5951514126302,3272.9555965728327,4145.189956065593,3356.0255355721433,4128.575968265731,4147.0359547100215,3961.513090944895,3976.281080100328
545.8106244232658,1155.2827170921005,3312.4266064464705,4126.669865452983,3447.363627802828,4045.337962169699,4103.564211111141,3975.0967729704994,4068.443616511541
546.7906271312349,1194.2588108958123,3214.0293366932297,4197.046092597386,3388.211382037227,4052.512054971515,4044.1735528007916,3953.376529164027,3965.4210322995164
547.7705245803845,1121.1973502505518,3162.2567769834345,4168.93314582454,3308.1786726503105,4037.7881509846893,3998.9987863137476,3917.725831765108,3983.2983291850333
548.7503167876674,1139.0091758268643,3180.158031939019,4137.814000241866,3279.1620789036615,3958.3113356517674,3992.5463799292606,3966.6387788544007,3900.9445047002923
549.7300037700406,1090.8929292914806,3104.777750287913,4015.710451447976,3311.639249634852,3958.1973888492753,3900.684326250575,3863.579124573994,3842.24363360996
550.7095855444531,1084.5630920406343,3061.6408928435358,4013.532879527617,3242.556036511563,3925.3947326124244,4004.2551798523336,3844.6787454374585,3864.1619147555534
551.6890621278508,1090.0155157936615,3048.332753104657,3963.945786371333,3244.0717095578166,3918.4898201807887,3937.970948548165,3837.782288373088,3879.5275634460363
552.6684335371792,1022.4978039964271,3033.2249167466475,3994.595134634593,3181.4130042823617,3894.568175547986,3864.0043824937447,3859.3735047582536,3884.3802445299057
553.6476997893733,1078.1308765412357,3023.2508808383354,4073.3540916116017,3211.0362414837327,3960.3091730141236,3901.451074901387,3838.855954686255,3854.7382986214375
554.6268609013714,1060.3755388144298,2977.99668018534,3938.6708282676577,3175.5358842527035,3812.8793539794783,3947.9887152519673,3892.08139334611,3852.9462680120096
555.6059168901047,1031.6917116007955,2890.7889821436393,3889.8322218583335,3216.3408875221903,3865.579071314373,3858.1165634546924,3789.08836575265,3808.6774488843107
556.5848677725007,1055.6778597507962,2935.0267062797952,3853.7366530708678,3117.6505902260938,3791.3091009055515,3909.6419236666734,3873.3034977794,3733.540321289886
557.5637135654833,1024.4653770792195,2935.487330476994,3891.4673847294894,3126.870972348936,3741.362567575025,3770.4453758987024,3822.0439067955494,3820.1675965811187
558.5424542859764,1049.041053117681,2876.674573848128,3813.4186364447373,3108.7550209250103,3790.0234300861803,3762.884990710255,3746.9762503864363,3793.7666631035495
559.5210899508966,1011.1846461851914,2777.4747099762076,3789.5973753137046,3111.4095281969203,3715.49386228158,3738.006321936909,3706.113670758526,3817.7379498828655
560.4996205771569,1023.5631229762265,2825.5976486563904,3814.415968375626,3100.7389285022937,3693.2786813444945,3711.1206073413277,3716.7548997613803,3747.74350807167
561.4780461816663,1002.5839125691097,2782.123154746861,3808.3083835252246,3121.9821081601185,3670.476696863181,3803.588120283374,3699.7423289626563,3721.45553987517
562.4563667813309,972.2945299184568,2719.0329586673124,3675.3110089262595,2978.123070806436,3623.4929864984347,3702.633238933658,3616.897965462166,3653.6416540928058
563.4345823930563,988.2121943366324,2681.8876566835415,3772.490658228057,3051.9975469579076,3624.0709560368136,3682.3115986688204,3640.9795297041705,3585.55698268339
564.4126930337408,994.8174698938502,2693.6306516898762,3632.9190480513357,3070.09894682473,3647.9777798567297,3631.0367065756614,3641.38958469187,3679.977584943192
565.390698720279,957.3084899382204,2680.085762551622,3635.504206112867,3036.359504611552,3696.930713364579,3727.171455396191,3672.360110463894,3747.016942354436
566.3685994695626,969.0341915238369,2590.37544582442,3672.526469043646,3003.251881512592,3642.3619805915423,3628.222376629619,3544.3273931222047,3567.893399725411
567.3463952984785,995.3125933038099,2589.699591108017,3564.2568507126007,2972.7298402846495,3619.91888199689,3601.050396815775,3565.2002749716567,3618.0320334787784
568.3240862239145,964.8693379241322,2556.9509043131206,3622.7401045616734,2969.1189401614547,3571.80858525776,3613.3083417276152,3587.842582075659,3574.638114107978
569.3016722627543,931.7286532116273,2544.589577679075,3579.0062219928936,2938.383892181057,3534.727913902958,3599.7322385456296,3411.3139062480304,3515.886080673198
570.2791534318676,941.0179019856197,2497.1722568660307,3489.842838102358,2858.7410116209844,3530.225841880184,3576.2436833944507,3454.1555324382325,3551.8260532032073
571.2565297481307,987.9073650323078,2481.518024438908,3552.142656952513,2941.162840329297,3497.624457930749,3527.703464287584,3425.2468488846143,3491.044675290191
572.2338012284199,922.7646501514548,2416.272847904216,3506.1301813994746,2947.590032019906,3507.0689043396083,3538.9854843041553,3415.074056206503,3541.801653124556
573.2109678895939,919.1657608420603,2475.5445951513157,3455.800104924597,2886.2556764273695,3451.100893468349,3541.325753428306,3422.9056247308627,3441.702470555854
574.1880297485186,924.9022073522688,2508.5746799209965,3471.8973437083646,2870.2892209929073,3512.191968750054,3461.5894163721186,3387.559756411805,3356.635974403067
575.164986822052,898.6578926365282,2480.894265519989,3450.6218770330793,2829.696964743116,3446.88136551326,3388.9034369560645,3407.60599455516,3391.708820595929
576.1418391270563,922.956675959158,2385.4736376614105,3398.2011757199393,2859.5760031237132,3446.8270593570987,3469.2697748819414,3305.624974179963,3370.147781313886
577.1185866803752,921.2385999354179,2382.5136205226327,3425.213699151361,2814.1690294173213,3367.2859170053207,3443.9000804887933,3353.2711310022464,3396.2498080783407
578.0952294988601,933.0747362598656,2395.202847979075,3360.002125271776,2816.9526287685344,3415.053534711108,3448.6442252164634,3365.6005736893353,3328.2775842389406
579.0717675993582,935.8636359213926,2350.389330893308,3313.3118356499153,2832.7836477142055,3383.291668844436,3454.204566481551,3301.1819978961985,3313.3118356499153
580.0482009987098,940.3166198444432,2367.1327023889407,3307.449322233384,2799.4729158824634,3355.072110328783,3475.52975080538,3294.3764000111178,3355.072110328783
581.024529713748,901.0403749960132,2326.7606391357954,3313.0846710244355,2841.243569303272,3350.164521847317,3343.675547953312,3320.5006411890117,3310.303682212719
582.0007537613127,910.8005034370394,2341.3966146341795,3375.428518841439,2775.0228970436756,3346.7054103912374,3314.2760943990743,3296.671608574757,3280.920226521421
582.9768731582335,938.2753352935061,2354.032684,3359.9899358731877,2771.2499774627368,3286.745122149683,3345.1555432203263,3298.798066180133,3308.9967111289757
583.9528879213358,924.1525420099939,2381.683705460626,3332.690379452874,2803.9417807677974,3380.842616110709,3336.3943976573228,3268.796065426131,3243.793942546101
584.9287980674418,927.4250330582252,2264.4704944761647,3288.059239835542,2825.7336999261574,3397.1680672541565,3358.3327219017683,3229.8062218069595,3220.559711008772
585.9046036133733,954.7055937475606,2341.8530034797095,3353.9705727969585,2789.1108131597016,3332.672581859816,3324.3385854061517,3226.182627174104,3249.3326173231717
586.8803045759452,896.8845781480245,2260.2230306160823,3338.1471322625753,2747.921338816038,3266.1007912784908,3383.4070131371923,3225.459265595161,3250.3983836281136
587.855900971972,977.5703333486294,2345.7985082437754,3376.1354220856547,2842.9152402591294,3327.9974890040935,3398.35292966176,3328.9232184864313,3208.578385782528
588.8313928182579,961.0603050842566,2329.899331708603,3369.7350716358314,2774.7488461159733,3309.4950332265,3265.936851607445,3179.747258191017,3292.8131764362233
589.8067801316101,1039.726608036523,2361.1616731524605,3315.6344060202136,2892.1450478449096,3339.727892480953,3388.841537958614,3226.673840626714,3245.20729175036
590.7820629288326,1034.2251454242535,2361.418744813111,3306.358266171961,2821.797743900346,3348.210902452619,3342.6305509485314,3255.2050440511575,3201.2616461783095
591.7572412267217,1040.2062792236175,2367.0762278562565,3373.6672233706727,2869.4379677326538,3439.030275027453,3386.739833702029,3298.966592905781,3328.8468450917376
592.7323150420708,1023.4942970996229,2396.51979829503,3389.3371546096505,2784.164777305514,3267.5589957358534,3387.477946077226,3243.3892848143364,3250.826118944034
593.7072843916723,1058.4517935946444,2426.626300077704,3389.2779752714273,2889.8152220549737,3411.600332957079,3447.8741641962624,3233.0214714718663,3253.4836326837135
594.6821492923118,1060.5737759727003,2456.7015687080166,3356.4696801379673,2812.704860730404,3458.716056436825,3395.509205633895,3238.4215911383767,3308.1350295239613
595.6569097607752,1084.5310719634472,2438.107491120564,3418.731394512663,2875.0742446661448,3312.968740788255,3442.85270150244,3211.8447999464966,3236.8938495128036
596.6315658138374,1111.2265892468597,2498.1640505952037,3455.7004577584657,2869.814854542812,3456.6319134074574,3418.442231798806,3237.7398358944547,3209.79616642471
597.6061174682836,1114.988446924833,2534.4042252546033,3462.627438188677,2888.3243436670923,3456.0906549990004,3443.950914789601,3201.1561106016143,3314.1490771660233
598.5805647408779,1088.2336678058984,2486.991595576976,3518.3424409868503,3010.127060563359,3493.1647982869713,3398.9817644837185,3384.994185206008,3303.8662253952853
599.5549076483949,1131.6850118099067,2609.7086955550208,3506.4450407278005,3000.041739330646,3538.2707565272517,3469.9390726049,3312.6825945370224,3303.322089890125
600.5291462075984,1088.2162435936407,2547.904412128533,3479.8591658854257,2979.260979881472,3542.550901328911,3518.2227651866633,3313.3050030654185,3236.5778044629437
601.5032804352522,1121.709270498472,2597.7406713289633,3489.140557111623,2959.5222149311307,3472.3568772537906,3421.0734110215244,3286.8039721588643,3339.9522917086674
602.4773103481131,1063.8961814676347,2599.0797064801427,3550.053573949897,2941.5796175315654,3524.856032809874,3444.5971980675786,3286.8792553763237,3312.076796516347
603.4512359629333,1064.549996284597,2608.568076936181,3531.9880912726007,3000.1804109513223,3507.6875645795367,3534.7919981987234,3388.9888380403413,3285.2442817738
604.4250572964665,1076.2967103452308,2709.9112654912938,3504.743762271004,3050.2865935240166,3561.784682628136,3576.746235508695,3350.4527481902364,3315.854157153943
605.3987743654652,1013.5541258627386,2648.5301719220224,3635.879758981292,3044.4058831315683,3572.2401647442966,3552.586760641695,3354.180966844003,3339.2069446705923
606.3723871866641,1063.7917775111453,2650.559742201203,3580.0865380847276,2998.8975616686653,3578.208706173852,3604.4983529261135,3448.6383043234214,3368.8304481111995
607.3458957768125,1016.4260653779287,2647.934570686119,3571.958266484236,3039.0112661804737,3585.95862551148,3583.1585537060314,3333.0188057526016,3383.420098250681
608.3193001526415,1029.7258013739436,2661.0577095288595,3575.125902777469,3097.5719079373794,3531.2879384073826,3474.3918569908874,3415.6303302820484,3374.590533850478
609.2926003308858,941.9854579331359,2725.129387221827,3726.8641705342698,3053.750676808015,3710.9932559803915,3693.25517500841,3447.72279102782,3331.0248898963614
610.2657963282762,951.5687655796546,2678.903269667063,3745.813703801827,3055.6240419639935,3644.4246564429,3566.289977744277,3357.000659801538,3402.5792223757344
611.2388881615408,926.6559567212828,2673.508894116948,3643.6741714834857,3081.755924001149,3606.644962423694,3614.976534462147,3386.3211685179344,3364.1036430820595
612.2118758473989,934.6418273227441,2729.526132529606,3773.9070002743238,3157.322391801708,3717.1774963273715,3647.428106228659,3417.7201148369,3399.1202774772437
613.1847594025676,907.3410117350227,2686.7684764668975,3697.089909779208,3094.9791565930836,3553.2884201893016,3629.3640469400907,3405.77592441643,3376.0878749527074
614.1575388437668,889.9505910993757,2683.713932037993,3695.6515200481867,3082.019959830133,3675.3203538963835,3549.6367813216016,3411.939337838936,3456.298245806506
615.1302141877095,830.9655147561248,2692.995263540752,3724.985880528849,3073.738659934027,3705.5318383773683,3627.7156697714436,3411.868440185962,3416.5003549839334
616.1027854510976,856.0847365395261,2712.173010229887,3737.2462739388207,3065.934707216394,3649.966485180995,3610.9691327572855,3451.265689498285,3474.4783992743023
617.075252650644,827.2600007616085,2695.535103152758,3732.8488177542827,3141.552240028703,3681.9547461190605,3582.0172963626246,3402.5000255038417,3377.5156630647325
618.0476158030432,781.4119738907767,2713.647506485624,3637.6393903043386,3123.796208421186,3583.014619617661,3670.0439152879608,3469.135860389503,3376.5515032934395
619.0198749249939,771.3515817694879,2633.1390327310937,3619.0632367673934,3102.05420294348,3560.7956712380437,3637.5608766179807,3439.6361302166974,3369.345098784466
619.9920300331905,740.5987162468364,2666.5252155504068,3665.085282400074,3076.1197614896687,3690.973876725806,3650.291799928227,3422.842006923581,3340.553260673932
620.9640811443278,695.5974178192732,2642.163136119892,3652.3477150484123,3084.983773458421,3599.762764364462,3562.861044586251,3454.9235142349844,3438.3177403347895
621.936028275086,722.4208665810575,2669.81624606043,3623.190075103462,3108.626874738182,3686.933092742967,3584.3899774098504,3391.3133007916394,3379.3037467436166
622.9078714421521,700.0778130203752,2540.545537250256,3596.1891868836115,3071.13082711833,3559.3429861983286,3639.483472688819,3407.3524083715365,3341.9504021551593
623.8796106622032,674.8133990345962,2606.397801448338,3568.9722275916924,3027.4666526170645,3636.085821773607,3604.8274354423047,3354.760344791882,3377.7444523884283
624.8512459519226,708.3375846903285,2567.377425605102,3639.580731766082,2963.5662441607096,3603.5635664428446,3565.699367000467,3405.930915694826,3391.1546427417034
625.8227773279723,630.3307208557552,2537.959178108363,3627.636479998298,3057.381267728502,3544.4550065715853,3571.2579257868592,3320.7892669130915,3452.0311472085714
626.794204807029,685.6633114408959,2493.237464017969,3596.7412363906324,3036.2459925416315,3584.776641694348,3577.4138141889425,3346.405101206842,3413.590902193668
627.7655284057511,633.932186205056,2559.790404442606,3563.9019694535345,2984.5712416223446,3475.9843669871398,3568.5292116886076,3310.329094971512,3415.8302179311854
628.7367481408146,668.9279590072123,2462.659676623214,3615.3741984729168,3087.860773219663,3645.1456792632234,3517.6865271297215,3379.9934284745514,3306.4950852734805
629.7078640288601,622.3979136123587,2424.8548729444346,3472.6659221610803,2954.771670121079,3530.0042143512233,3528.154592022509,3394.98178435508,3296.0269897688654
630.6788760865529,658.2686136345251,2443.2783001146436,3484.8425621945885,2996.0017351917345,3454.29001050691,3500.581755488241,3307.082261466278,3312.637270864038
631.6497843305443,639.7371595645558,2377.890951589009,3591.4417027513814,3007.4146006235064,3542.2311520156463,3447.524054373288,3345.388949072706,3332.3899356708134
632.6205887774777,593.10925104404,2361.333554858643,3455.9486000772063,2950.741656130177,3494.810672688516,3457.7991749634593,3280.143985883185,3316.230196165116
633.5912894440007,591.7335090999412,2352.209718910497,3416.9619273531594,2941.182418481201,3471.2578480948337,3394.8754511192583,3331.3768319467918,3286.2836096359097
634.5618863467535,588.6368253764688,2259.516591452934,3384.2004317882247,2971.7856027235202,3490.30268087646,3447.8617812411658,3239.3477960764603,3311.312799805872
635.5323795023688,598.5822251402392,2262.843096881918,3389.2074990275296,2852.2305105760706,3368.9789138461388,3475.638726620744,3211.7476381180577,3225.5398552871875
636.502768927483,574.5355850542882,2241.797210493179,3386.2499273456924,2848.6619683399113,3340.9890854362707,3422.2738627429867,3256.009545524704,3256.9332361759166
637.4730546387291,596.5026965911757,2162.785398354651,3495.654001452014,2866.7326800461005,3385.4306770819057,3307.625977526535,3184.435203230531,3206.6651173892087
638.4432366527291,546.3876789557353,2172.563572350309,3353.4659752546404,2806.150643193717,3338.623525571632,3330.27464762494,3108.565555485007,3241.2199495268915
639.4133149861045,544.0160741136673,2163.111532785296,3280.7499979711974,2821.85208511341,3338.112237078421,3361.2421722023014,3119.7656495089896,3112.364070269348
640.3832896554813,575.7745745704796,2112.4076835527885,3312.0923276739163,2815.0007737440974,3256.5513719275677,3257.4770545233405,3195.4563206065845,3134.3612692856013
641.3531606774667,533.9944300437973,2054.817944969914,3213.1892819906557,2844.2812128757696,3280.515004604122,3301.727218578228,3123.7290752302956,3155.086261105061
642.3229280686793,540.2124576373529,2031.568216755857,3185.868339912594,2719.531090157272,3226.499704247711,3187.7152201096446,3105.529051340885,3102.758731045309
643.2925918457258,556.5570079137536,2085.0120744231667,3150.131124394098,2740.327954387951,3254.427877120888,3239.6601953188647,3062.448013694585,3141.82430338046
644.2621520252069,551.8603373333186,2038.5610119887974,3143.204530028902,2720.5422649809752,3169.0441444859803,3263.1741685796233,3003.8551806353717,3085.0653975004752
645.2316086237332,554.4124231869822,1932.6023736717598,3144.74534217042,2769.2946662351424,3212.0866181981232,3211.1641349648667,3042.3497032789805,3018.365139214319
646.2009616578944,521.0563444473507,1967.4049162229148,3219.9798652413683,2736.0093816087756,3129.119506245211,3225.5427443635817,3070.709275461967,3066.0735428601224
647.1702111442863,532.8603834521449,1951.0460914940513,3112.0526561337074,2669.8525462550174,3145.3564300994663,3105.576922307032,2930.732108986797,2987.163503762111
648.1393570995024,522.9931057487146,1929.6961933742464,3028.5380910909603,2682.657898813885,3166.704709453653,3169.4865876757203,2933.026938799972,2990.5190887227027
649.1083995401277,540.2582808927807,1847.8130567756514,2973.7372613806747,2624.376417647264,3090.4997714878623,3128.4939216021057,2909.7958867981674,2911.649259974472
650.077338482748,523.2250780239248,1825.2469862148992,3101.2470432785735,2644.0059448988736,3104.0350987564984,3029.6869526784985,2954.4094547745235,2959.0562139043986
651.0461739439415,533.5161346206489,1844.1503889404723,3048.26666499402,2649.0558073178054,3101.062532482522,3098.283802614706,2824.115788990206,2939.896200149201
652.0149059402867,521.898768198386,1804.4372304731432,2929.665780347678,2549.345933309492,3111.0348558208757,3046.260186009019,2824.17560379694,2938.9193046065143
652.9835344883542,516.6660142011115,1757.9584239901862,3016.811932651928,2538.0409212813097,3063.9496190996147,3012.190590843332,2863.3833846065177,2896.657045628414
653.9520596047188,520.3786552230113,1758.7128882403376,2994.2643477003217,2539.744666667745,3062.9060954480988,3036.9335422462373,2874.6050847346028,2912.636323351614
654.9204813059368,513.4493147545635,1731.2695306164703,2958.357784650842,2553.3445165141197,2965.7722151888142,2962.9918037370744,2820.2640158811128,2810.995977708648
655.8887996085797,514.8549723059044,1667.2812454422387,2959.0320720161926,2511.5326785245015,2940.5784887794216,2982.099051062156,2765.2694480300993,2819.7075185785734
656.8570145292033,485.0925299159655,1694.1349381285715,2816.487806774446,2506.6188142805972,2899.4884297638696,2956.6666367121393,2760.231828970503,2764.842974692138
657.8251260843645,499.87786816562124,1615.4141401381657,2832.0286575118466,2507.6593790881993,2877.0544213723533,2905.5401087126734,2737.3826640907823,2775.057282831206
658.7931342906122,501.579755601988,1564.3419799945,2809.5802032257607,2447.3791000031188,2903.1106146908483,2931.5365240576884,2748.143560400654,2729.804264034951
659.7610391644957,493.258065139806,1577.6937000019027,2852.4775306878946,2442.496801221043,2840.5807684489014,2828.6840062099077,2628.2693192607103,2641.996352613395
660.7288407225607,487.4488815181794,1567.9146697420913,2705.29539328451,2410.6229055870795,2830.1410578541377,2856.7625598579552,2622.676938789903,2639.2006296888244
661.6965389813487,483.69192479767,1505.2272422546089,2778.245647746769,2429.473481858506,2809.4515783788765,2829.6436511408288,2649.7506392616197,2797.5198990195413
662.664133957398,500.8529451940619,1473.9650210315117,2765.2985813845257,2397.268516683917,2817.8743049131845,2822.4862104858735,2648.1561798382168,2664.759039899898
663.6316256672399,490.56391131155766,1508.5762385445646,2647.385318374966,2365.218858109296,2752.5061565131573,2803.222350351758,2644.6189805292242,2667.6717959104067
664.5990141274087,479.6235046098535,1449.016395657846,2738.4657407435675,2347.3881139078408,2736.6210349566068,2799.34103171328,2600.1128067214945,2613.948100123702
665.5662993544282,467.14575053944156,1382.9364298147825,2656.718010988666,2356.079656681104,2642.842394636009,2742.7468323751373,2591.965134676268,2642.842394636009
666.533481364826,472.8137264568185,1390.6286072259368,2622.7255532281165,2348.308174735532,2716.3612127813294,2790.5280718333797,2546.704522699765,2618.0901245373634
667.5005601751183,478.2983073329337,1345.156168011771,2602.423865623873,2357.2612902984815,2706.964888309795,2778.2008064232105,2544.1399326219876,2592.247305893385
668.4675358018212,478.75288244413974,1327.7042146852016,2635.924300433723,2366.857757974807,2693.4488715801117,2687.8819775982033,2544.9983653958825,2518.0917111499907
669.4344082614516,455.06791602602704,1300.1940457886485,2652.3958534088433,2248.4069891816557,2699.760065076858,2702.5461951749767,2545.5941996476326,2538.164519385983
670.4011775705185,473.8332697664911,1322.0877311327781,2512.2454146050823,2340.3647187093943,2568.9195900085256,2667.4025833325413,2416.549675809105,2547.5506386268994
671.3678437455237,484.07657462945986,1271.049432040501,2546.744512589922,2244.777359510125,2626.6496669433454,2611.7835917148013,2435.248948375843,2479.8471740614746
672.3344068029727,497.4009694961785,1216.0756413102831,2516.755933506832,2254.574487903239,2580.9067127502644,2578.1175484353325,2454.464597140021,2561.3825625457416
673.3008667593676,482.4377669539678,1227.9389020157832,2515.3691664305143,2265.3195338474366,2602.747104953969,2594.381132116617,2421.4843601446746,2493.059905530909
674.2672236311993,464.57009723666107,1197.125739585887,2451.74318781184,2200.4487839173585,2539.8353220183926,2522.216895177082,2384.9786229395054,2394.251479171774
675.2334774349582,445.2943396515678,1185.607703502932,2409.936653932087,2172.0775656710016,2533.475870315752,2542.6952148219957,2414.546326185209,2432.9850151976966
676.1996281871398,475.607555924276,1119.6209001330233,2379.888392679451,2205.005458691731,2468.7178194668645,2541.8170352606735,2326.2206139953887,2369.71002086006
677.1656759042235,466.18636410379884,1109.393792907052,2412.491263940732,2225.2752688135606,2513.5137563608396,2554.2934780717087,2331.858632376059,2355.0289288026893
678.1316206026895,451.7965948625425,1098.9396682414713,2403.409754637624,2161.7726414017147,2512.655652575698,2495.9910240766694,2278.4250408949124,2350.6384310573676
679.0974622990216,460.0507561876581,1090.4221142637048,2383.562770992394,2087.353028577805,2409.4811234536705,2410.406778898716,2285.4432938175614,2267.8558403616953
680.0632010096887,468.0069115647395,1088.0002260930776,2325.2066160711515,2122.249163333175,2478.119765394284,2505.9221561803083,2287.2100153302517,2388.225368519473
681.0288367511639,437.8000892607358,1046.8327715727107,2303.772562727212,2114.028337994758,2430.5772397435353,2388.0004868767405,2253.7911571879317,2335.242336585278
681.9943695399123,456.93490951827073,1055.3901452638602,2322.5982951424653,2089.505993120999,2478.918132609242,2408.6204542218156,2255.0755251124374,2242.125952777911
682.9597993924035,409.02674614232393,1024.88561108224,2366.048139249588,2086.871153787367,2474.565439246531,2433.7555144613557,2215.7934161768976,2289.9932794226706
683.9251263250918,443.7145611849585,981.3812621596041,2294.8507808035483,2186.015133720445,2426.0116888267753,2433.453442473483,2186.9453529262837,2252.060697334978
684.8903503544353,449.1584085847374,1024.379987978081,2282.2102922683957,2130.0006860328194,2416.677674464242,2388.6636365067743,2206.5723897832318,2314.8933365521084
685.8554714968886,461.941760702408,1005.0732854070574,2317.1745289375335,2109.0674327019033,2431.9600573544953,2404.8968026870816,2220.1200984061184,2252.7826471426524
686.8204897689029,453.9816340752595,954.6691975821301,2235.3457825969053,2046.6538276931967,2373.5953337144742,2321.2846927510695,2211.9928178810997,2282.9858306171486
687.7854051869217,483.0475949340981,975.420433013642,2240.855927850652,2075.7991241762593,2328.5132134178434,2379.8020507177957,2156.9287395416386,2217.542819987037
688.7502177673888,446.21097307076764,894.2889376606598,2259.9932339002685,2093.830988698184,2358.0102886543077,2392.549631758112,2138.638785157173,2205.8504798456565
689.7149275267402,460.93406771492175,961.0568618347559,2176.8404453014423,2066.7387854019266,2279.4775858857365,2316.8001824618436,2105.927511806839,2202.966262904717
690.67953448142,455.061079182152,877.4845809639447,2234.275298607451,2060.8298872798277,2317.2679954255077,2338.7155462886008,2150.350099577956,2205.367730052847
691.6440386478497,451.89900946358154,914.0472748119041,2189.6137571946733,1997.6731469895233,2270.6760537376254,2354.5336018855064,2146.7532325857565,2213.8392711040615
692.6084400424661,420.14965126506854,863.6929356740719,2222.3951486738038,2135.370833378366,2402.0582512192227,2280.411358870762,2134.435088052609,2150.3427585904847
693.5727386816942,467.49763423158805,843.5486254398315,2158.32740115302,2054.750080993926,2226.445818915308,2273.1022694374224,2179.789368393193,2124.734756777098
694.536934581949,432.3204775742518,839.4300417694435,2189.6145138479924,2062.6262094201343,2261.5123038549414,2300.7292802223683,2113.0480361782543,2124.252886568948
695.5010277596558,460.09829897137394,895.9317789300587,2198.765907457519,2017.7130271320698,2267.8273154167114,2281.8262494624933,2102.6398936764817,2139.037122195515
696.4650182312289,439.5926051152131,828.7860580516119,2075.6984156607937,2018.7660400513926,2262.3619422489946,2314.627729693691,2121.430979674903,2088.764862521968
697.4289060130759,434.2679420051811,840.6385858087446,2151.811601284773,1985.3577220151215,2234.573585949572,2300.5971916934004,2057.8906973393273,2096.9469148215917
698.392691121604,455.0899552616887,798.5013938947421,2195.4135060579215,2004.629373484003,2289.409590887023,2268.0045418665345,1998.1147933473328,2123.7531245545474
699.3563735732205,460.7726814293925,814.997521716897,2123.479781354117,1958.0502385285542,2247.785596019653,2246.8509658341977,2101.9832870886485,2097.3101361613726
700.3199533843252,419.6912178256948,816.9490520705061,2130.236715868059,1961.0516146955629,2169.495137134605,2269.5106389327107,2090.043570285643,2049.8504247032265
701.283430571315,452.3123546836063,841.0766925934828,2182.1267524508694,1998.0244097387404,2276.514247953027,2258.75818444272,2026.9948291502935,2055.965248561847
702.2468051505858,456.93233726056746,791.4553980770975,2080.0232775910495,2021.154694263001,2196.8260222895588,2209.9079296957916,2013.6793186022965,2027.6956479661173
703.2100771385268,451.2196623484998,808.4352283743955,2132.9529455598877,2004.1673335979199,2237.2974924779783,2267.3788033012115,1986.3065552966252,2075.610446803099
704.1732465515233,455.32847502043165,805.5089310670729,2101.0827362798473,1975.280642150491,2194.0260744798943,2232.5177599970852,2005.3229332858598,2080.4286611242815
705.1363134059575,449.7387030184287,754.5825100853134,2074.6314647607433,1960.7854750845302,2193.181834175643,2221.4081126077617,2004.065768680446,2051.109566067311
706.0992777182146,445.66406208229193,781.089867793277,2113.3710174430885,1939.0626633517059,2224.551481133808,2205.7073347455507,2007.843797668846,2085.104797860702
707.0621395046655,439.2505485256922,754.0781948938921,2052.9778855986215,2016.216573597544,2219.817686218895,2233.9566523731555,1971.914479647528,2088.7965998560812
708.0248987816849,446.34717406469485,741.4061480779878,2075.7492789661283,1978.9624180636786,2217.640696405642,2180.993244219277,1994.9369485038887,2012.7908354664764
708.9875555656436,443.47241166062236,736.6151922498473,2099.9170340285827,1946.7687223745966,2147.8346039325907,2173.2027291758886,1984.3511301424458,2055.75770490136
709.9501098729053,460.7184852689775,751.5998099805519,2089.653903653794,1939.5216070284653,2175.9799742133578,2195.6848381454324,1957.349817252723,2036.1692729810206
710.9125617198332,454.4382975407202,741.9978011712589,2058.1717915589047,2028.944432173506,2172.25277496643,2225.9934035137767,1968.6040773133273,1996.888618654036
711.8749111227879,468.92200351153605,702.9112527486808,2069.106546681687,2021.9312948193597,2192.7057065609856,2219.123847603889,1995.5131537764562,2060.6150013464685
712.8371580981219,444.7953940979612,732.4928404932383,2103.787576765463,1963.7243462835522,2158.6772211435095,2191.8002824061236,2015.774871124803,2045.1124396716898
713.799302662188,451.2594298665715,719.9338073971927,2206.157212681016,1969.6480775308214,2208.0492857622176,2196.696847275008,1945.0511274752012,2014.111794939058
714.761344831335,474.91884636185495,723.7309112884841,2076.5873859846047,1968.7372894004386,2192.9519638780475,2233.6322634668118,1988.6044124554167,2033.0689259594149
715.7232846219123,430.2169584997288,712.3109729545947,2074.6646748704025,1968.0538934877943,2152.028250740968,2156.7455419525877,1939.7501462180753,2014.2833473616686
716.6851220502541,447.9593553443617,688.9501477764551,2081.026372295959,1972.3442502187404,2115.99366374689,2182.1479989243276,1930.7615252500655,2026.2127802917964
717.6468571327022,452.00168804955257,699.2343441434623,2065.619405303696,1922.1867193255503,2137.3357482927695,2225.093904845188,1950.4958020843949,2031.6485059930828
718.6084898855879,454.2423978742048,717.1752381374894,2090.2689595124198,1950.7920406630788,2145.8712447293865,2180.7404744417217,1925.3469270892126,2066.708669166247
719.5700203252492,444.6068155119196,671.6200412288108,2088.3332838769616,1998.8467426192656,2144.8510994081375,2160.8644804753044,1924.4316188365503,2032.7574319379714
720.5314484680057,442.6806898226378,660.2374390944469,2044.0875442451288,1954.2271478067728,2192.5936730958856,2175.5674927180917,1944.7681587079985,1974.091024914199
721.4927743301887,471.2392574273676,691.7186690349512,2082.726115657904,1948.3566888412647,2201.9553253684426,2221.826860320199,1922.8075724747207,2046.7681000309158
722.4539979281108,460.3957631353167,691.5370786438261,2105.7445559795633,1899.1325229331815,2151.029385140414,2168.011196075733,1957.625427265947,1968.0032006153087
723.4151192780993,461.0963928901815,666.1331085811024,2039.0287210184667,1986.116020195003,2134.4605564322133,2176.0348213649345,1937.927667659349,1969.10836635889
724.3761383964592,447.239464483627,640.948277126217,2067.1768878574435,1957.0287394920495,2167.8295061913386,2182.072801238588,2015.9010256873464,1980.7675645707982
725.337055299504,456.94430870619806,654.1318942059681,2060.9894753677895,1993.6802514712333,2157.687233641715,2120.7145613605085,1930.1630965265958,1949.123441286189
726.2978700035419,465.8919163156126,680.8461134774908,1954.4734050313505,1929.8531005106067,2126.815536676557,2154.2766455650785,1912.8082743039379,1991.4038618124662
727.2585825248717,465.80398841760564,661.079689083473,2049.9185747948613,1986.096760430895,2152.7955292920014,2105.1673096173995,1952.7570066586738,1953.709571052166
728.2191928797985,472.2013707827827,683.0225888494392,1981.337872961292,1981.337872961292,2208.3761078023067,2123.475255277726,1966.0747983501315,2001.3706583884405
729.1797010846167,445.5867655461376,670.765516443115,2027.5629053223604,1981.7638373433142,2167.8225510081897,2143.0147225195396,1925.4691496190699,1990.3511625893855
730.1401071556212,465.6285006177914,700.3510644538092,2075.2909607452793,1949.342267955221,2206.964594116704,2169.752480337823,1988.4626952612239,2032.3539063850321
731.1004111090953,472.7284410486104,665.2509109917945,2084.389315671998,1983.362673028545,2216.8676489497334,2154.9173492155405,1922.3654548287243,2006.2366298534778
732.0606129613298,486.9221173671069,662.5178127139194,2044.5033933893728,1962.875124201125,2185.9291155876163,2128.029994419208,1923.9593214485883,1984.7059403793774
733.0207127286048,477.6874513804219,646.0604540452043,2075.339145205239,1938.181362135613,2168.0388882454004,2166.1470567547844,1977.9098234385392,1978.855739183847
733.980710427204,470.5726462661937,694.0710774587546,2014.314974798777,1935.1003409583757,2142.567239111808,2181.2315246767657,1893.6069613276893,1948.302779931776
734.9406061,428.0269797464384,658.5030457637514,2023.4857877683276,1981.1534491120865,2139.194180095387,2141.0756173689974,1924.7103309037648,1969.8648254704221
735.9003996834617,471.18338250132774,641.149332101005,2042.4241610227893,1943.2773570896443,2129.2956463737355,2097.1909670049076,1910.2284224452626,2005.5982052761926
736.860091273662,481.8297441953086,629.7932089481986,2077.1794090309563,1946.2886517495538,2163.491430136809,2182.4611051051284,1915.9371718002428,1989.9189041766879
737.8196808602661,485.8340073899302,615.3897426939116,2050.0289880453524,1991.919430298714,2148.148405224103,2191.9687274592734,1929.9994097490169,1981.4406575903035
738.7791684595359,495.2719193571922,611.4703312063796,2134.4314832297455,1946.799621473271,2216.341839123435,2173.4817691790627,1962.991203452256,2047.758897342237
739.7385540877257,479.1670624544568,678.1026891820557,2059.1750208871167,1998.9204800994307,2232.2872729914216,2172.9891534860794,1981.7048970172345,1959.7072075233175
740.6978377610941,486.3616547559779,640.2009993840967,2084.9531054568643,2006.600147323288,2234.014830686594,2235.9258784459494,2003.7335756842547,2021.888529398132
741.6570194958913,483.4342191839417,610.0026269624146,2102.177539719148,1988.932122233146,2195.438471766444,2209.713104222663,2001.303470361869,2065.0634953329795
742.6160993083648,507.5567948405321,669.7852283316181,2119.4053825677547,1997.9712335217957,2197.1991343003224,2176.327639933048,1953.3821319189826,2033.0732922303932
743.5750772147585,490.44666890292444,626.7870556249729,2076.3504727878635,1948.531360235943,2159.669598006893,2206.063201822035,1943.7973190303164,1976.9356074697032
744.5339532313154,486.9065575835939,656.7576823220569,2075.014573888223,1958.949638650273,2130.6879981080524,2162.7709883364287,1937.246439378136,2027.8337059053163
745.4927273742724,503.3948185808408,630.1826926637018,2022.9709686998715,1968.4991413161238,2173.238078724003,2161.9680454721934,1911.2098056194236,1950.654922000758
746.4513996598653,490.1166002268428,643.1606727114699,2082.526090619037,2024.3130078334734,2136.0445699541524,2176.418159628011,1911.642525022705,2013.9848802424863
747.4099701043233,480.66161384539316,664.0843431993103,2052.4533100012677,1966.8560363027732,2174.7351295705457,2218.9447104917463,1958.390371871054,1986.609253310118
748.3684387238718,484.38001961507047,618.1970678355764,2073.2218738388233,1999.7167346754466,2195.730439111117,2195.730439111117,1934.692957723229,2000.6591082544642
749.3268055347362,505.66950574121927,635.6180938087952,2067.877531857947,1987.8367348598024,2177.1096783495327,2193.1178377491615,2022.678022964877,2028.327961576511
750.2850705531309,497.1057042589005,648.0296372407299,2062.94150894538,2010.11813240174,2123.311082138112,2195.9432248856174,1948.8052846278717,1976.1602474808283
751.2432337952887,489.5321204993243,631.0153923199383,2080.7473175751625,2023.2107870347795,2181.672051473867,2187.331382346692,2012.8353471012679,1994.9141326706567
752.2012952774057,518.6534300481155,663.0885624665781,2078.365282073461,2038.0359918527215,2134.6387102884464,2212.4836193191763,1941.4332734169966,2011.7750586857283
753.1592550157076,490.28620724225516,649.3485263857349,2073.4241130703003,2021.0271138230366,2212.8375574960564,2166.0545224538564,1977.0510608833688,1995.7642749002487
754.1171130263829,501.802261658086,648.511675215478,2053.931789803488,1994.1266785444238,2145.50836641893,2261.380769483367,1962.3552131880458,1975.437581275966
755.0748693256463,501.24956896797823,654.0468353448341,2052.5144989525206,2010.5884197637492,2209.9702185725732,2225.8089595994425,1909.9658297106978,2066.489858682111
756.0325239296982,523.7497625674528,676.7032330517532,2082.9481707771088,1966.1473387709157,2214.580854466628,2196.0410398624704,1941.118589055303,2001.3729865188152
756.9900768547342,474.44777586291264,666.2655289949887,2063.6624938412233,2044.2027217843463,2205.440833112758,2198.0275866149,1953.3904521855857,2014.5497357929141
757.9475281169433,508.9013056104105,649.7992991491762,2068.0488393749106,1985.5493563160278,2196.896346624176,2223.778200654599,1995.7459216379123,2024.48169663595
758.9048777325153,529.9093928432104,680.651506339621,2075.247255741997,2035.4809313226983,2202.869413180676,2213.966992088387,1976.2938438149051,1966.1210631495032
759.8621257176383,537.9592171727539,697.8680566416309,2064.949984817753,2058.4796849548507,2222.0858386311006,2228.556138494003,2004.8686289479438,2097.3014841322656
760.8192720884946,550.1967477782613,683.802703393893,2166.4576830729175,2003.1615150982564,2234.188480016953,2180.3749701162124,2012.439706460453,2040.274280547043
761.7763168612619,567.9090952630985,694.8316826220617,2162.3161963198563,2000.1888037080419,2203.079655033684,2214.196961955637,2003.8945726820261,2016.8647640909714
762.7332600521148,568.9667076969425,694.2693268471663,2121.791017610458,2013.1954143469302,2202.5415943961575,2208.110599691723,2046.6094461203234,2071.669969950368
763.6901016772317,573.938337129837,670.9810511372974,2148.8029530223366,2094.274189913383,2272.6479404223337,2231.9824221715885,1951.0206597118938,2029.5790472417425
764.6468417527722,565.3092053581692,698.3231360306795,2071.8767117947277,2012.759409273612,2246.4574958023977,2253.847158617537,1961.0317695676356,2018.3016563849665
765.6034802949107,618.247277393498,701.2954191329233,2150.0241139206723,2046.6753153116101,2269.059783747182,2217.385384442651,1976.5457733983178,2091.890414703075
766.5600173198036,644.2419151434178,728.3538438063318,2214.639352487273,2041.7939606195266,2210.9421248537383,2235.898411380097,2015.9133671847837,2095.4037613057794
767.5164528436072,684.951644578271,728.2796759311361,2098.1829650876784,2090.8079810276163,2237.385789221351,2174.698424710823,1982.9488391492073,2029.9643625321035
768.4727868824813,707.435266460441,709.287191241751,2126.935611334598,2051.006695300886,2284.3492177459525,2284.3492177459525,2065.822093551366,2093.600965271017
769.4290194525785,736.5695503480938,742.1496226992157,2130.657626070054,2084.1570231440382,2271.0894469066225,2241.3290610339723,2035.7963961009814,2063.696757856591
770.3851505700441,783.1899855952612,746.8708304963133,2167.0429209038916,2098.129652254606,2298.3506354923957,2222.9185441330424,2005.0036135393548,2085.092006834471
771.3411802510201,809.7374182918796,729.4174436977601,2171.4411736200923,2073.37608835983,2280.713697195813,2271.3741652662643,2025.7444755191314,2083.649573482334
772.2971085116515,829.6379232461542,795.069676444231,2251.6074268279635,2089.0432391648656,2260.9501962338886,2263.7530270556663,2028.3152380263523,2077.8319158777554
773.2529353680803,904.3702374072246,777.1785597573978,2122.9787372434334,2138.8776969496616,2316.571952489861,2269.8103062950718,2016.3621839193138,2162.258520047056
774.2086608364298,939.1122173693166,796.1428947250325,2215.557280977761,2130.5232394050167,2300.5913225505046,2296.853562481373,2075.391278385325,2153.8842398370894
775.1642849328418,941.1320106332998,800.5246385267312,2240.344128897995,2171.915207806131,2298.461842702043,2260.0291609929145,2088.4881670229006,2130.670378654871
776.1198076734399,974.1216611650016,794.875767829245,2203.5044898029128,2148.1353395054803,2252.304418878616,2317.0581709213766,2120.91999444403,2184.735286312258
777.0752290743477,969.3220781204839,802.4251833468207,2230.0065318627862,2086.6826448255165,2394.074665708082,2327.127323736726,2077.253441730959,2093.2830869917066
778.0305491516847,1049.715621102613,856.7949123594301,2183.5976298431833,2177.9234913507366,2287.6235022047035,2319.7769536619007,2124.0191756724944,2150.498488637245
778.9857679215712,998.05776654148,831.8730765845257,2251.5651422167925,2145.206940644342,2379.764760183586,2282.9028266086757,2081.5819450608224,2127.1640314490155
779.9408854001193,1031.5563838964342,848.0629441802944,2216.1824247581458,2121.1081036617,2378.759513833068,2368.3013385124586,2095.43803696566,2142.975197513883
780.8959016034387,1042.0310963755546,867.5647737,2295.7098628292183,2176.5388774248777,2354.8186715897714,2323.3575314430254,2127.9171153799066,2179.398981074582
781.8508165476414,1081.6572811089477,824.3467384662906,2289.1108275098613,2183.3276044234353,2343.4319420677557,2304.358859666463,2129.9594918753287,2197.62263457025
782.8056302488257,1052.5393191179814,852.0099502067161,2276.8238872078123,2193.3499393835054,2321.9190084462307,2468.7180201372526,2123.3085808642595,2192.3904687188583
783.7603427230932,1098.5136149040159,865.7287683131473,2305.724286274016,2195.1033881006692,2410.5736593252745,2399.030609081099,2111.416273830398,2173.941129319681
784.7149539865422,1091.0252151630607,868.3670079869258,2268.2094757116693,2259.4967632569505,2422.134062411693,2397.9320833708084,2161.7207679317785,2145.263422183977
785.6694640552669,1083.008705891838,891.8324379163074,2260.1498889086834,2229.095875836516,2383.3955032888475,2386.3068170143633,2194.1601111303276,2229.095875836516
786.6238729453543,1111.8745176514142,888.1377380715146,2303.516061066097,2192.6204398830164,2413.4389136423088,2419.275525283523,2176.0833735662413,2250.986556295164
787.5781806728955,1091.843148051707,903.0574343957078,2315.0577978743413,2170.062584808651,2452.26803305731,2412.3700214083615,2229.4230411644035,2291.7028642261766
788.5323872539667,1083.6370775051303,886.5238815073333,2248.8382361127974,2236.2152235612143,2402.256388662807,2440.125426317556,2195.433183009946,2242.0412293542527
789.4864927046547,1068.99580680696,918.7585582827386,2302.6747514193166,2134.1393764722734,2456.7642370851845,2397.0545613896606,2165.9203328908584,2235.260601440499
790.4404970410324,1090.6291992791735,903.5819751283918,2299.2420322534554,2186.05448122888,2331.855394413079,2449.8390281081874,2189.891347365306,2219.62705992261
791.3944002791723,1061.3484187822646,904.1116159997069,2312.5315140946905,2135.1607304680247,2435.2529211444917,2414.160179307807,2205.1502829261144,2269.3872694287447
792.348202435147,1093.8401151613837,901.9885766383137,2336.57993186306,2220.1327293764207,2352.806181389887,2470.2078691428105,2166.6815544645206,2201.997509317026
793.3019035250181,1128.8976617388305,907.6947415332488,2313.096053529056,2221.563810685367,2456.1151829723203,2431.325200535488,2202.4945934262655,2233.005341040828
794.2555035648547,1077.2206162297844,920.7421564762993,2280.38730982213,2210.735312492835,2366.2596352966034,2424.461989229302,2184.0194779007766,2252.7173382803553
795.2090025707112,1078.286291382882,930.3797646887698,2259.630033623597,2244.36226312614,2438.0721013126226,2504.868597238996,2173.748824575403,2243.408027470049
796.1624005586455,1105.3726765224699,890.386252345122,2357.2405270418935,2262.113790680235,2425.7317772222877,2361.04559649636,2257.3574538621524,2285.89547477065
797.1156975447084,1102.3174075606369,899.9091249654509,2326.2698394038266,2324.3692921494116,2407.993371343667,2454.556779076832,2213.1872777661406,2267.352874516965
798.0688935449507,1069.8282214377957,901.6580658476627,2314.4773955794585,2241.318627328384,2456.994476588046,2381.93548059019,2233.7177163412593,2209.014755633104
799.0219885754194,1095.0024211902655,902.2136167656134,2334.359021063029,2172.9102685891826,2490.109582273093,2444.5240521628307,2214.69700452359,2287.823792408803
799.9749826521547,1093.3206574329938,888.855495523447,2270.8885343564953,2238.704203315178,2498.0720475893254,2402.465652437176,2179.06853109156,2285.0875039335474
800.9278757911961,1069.4132641521644,947.2216688681704,2277.1208919590817,2207.026488462837,2401.206930580812,2394.5763788987347,2256.2820152439817,2287.5403303166313
801.8806680085762,1069.1866287660632,881.5604037885971,2349.5706163007317,2187.4012158176956,2420.2840176741483,2461.769213146553,2231.7149473450368,2285.4571323888335
802.8333593203353,1058.711050077147,898.2149600388561,2288.242500078089,2278.85676381854,2424.335675841552,2410.2570714522285,2225.3580671391096,2276.97961656663
803.7859497424942,1057.1191039546932,886.5555605861168,2307.293647106786,2171.4051098076457,2427.25042486051,2455.365294646539,2222.0118754224977,2176.0909214386506
804.7384392910826,995.4655338915467,901.730549532644,2284.3215688264586,2246.8275750828975,2435.2348936442922,2391.1794509956076,2200.8974327470355,2194.335983841912
805.6908279821218,1045.984357489754,913.249970748427,2313.504275949188,2155.531660742961,2401.370700975137,2427.543678642441,2173.291895588631,2258.354073007369
806.64311583163,997.9664543023213,891.2420867690524,2228.105216922631,2220.615787622051,2487.4267064552228,2389.1279468851067,2148.5300306039658,2339.5104777687625
807.5953028556213,1034.4785808466725,930.3742087034443,2354.0718385540777,2241.5265713722097,2421.5989988631986,2409.4065949184965,2193.6948328199155,2291.2340643775347
808.5473890701068,991.2224218010296,909.164497888997,2278.0398649669946,2172.67003085268,2386.207128305583,2454.277906096246,2246.335667091891,2198.779370279236
809.4993744910971,984.4829927337782,918.3540499862869,2311.718815482722,2190.637652705626,2385.298906708804,2445.8394880973524,2210.1969174619258,2264.2177439317074
810.4512591345994,994.4747767178085,914.2451042996738,2333.190822299474,2193.2553471515644,2419.0179137235245,2392.8966250292483,2177.395993301468,2201.6514756604392
811.4030430166132,983.6644323301318,875.7126119419622,2283.739372694554,2198.12241169704,2394.4830505065556,2410.30357590827,2164.6201226110566,2247.445226184738
812.3547261531313,1008.3822240934707,896.2359155751977,2277.504615491926,2144.7981504119693,2437.3131051304645,2432.6403422755366,2165.358306973653,2232.6460920846166
813.3063085601572,976.6392110752618,947.4154508982994,2321.8748811567275,2166.329060859992,2420.858584981923,2370.895382098729,2163.500955036415,2267.198168567572
814.2577902536797,988.4793759442274,885.2760694519661,2333.9096376460925,2230.7063311538313,2494.8689230009954,2428.5915702078,2161.5885203837847,2208.9294866646383
815.209171249684,987.7909689032927,921.4962730037428,2245.496056826181,2180.1484280109103,2468.0568216318125,2414.0739978278934,2201.930970949334,2297.5847464615417
816.1604515641558,941.8396640923467,909.5262951931138,2316.1082355126628,2210.6145899886965,2482.42704602342,2432.0562062687336,2177.350827886545,2304.7035170776394
817.1116312130797,962.376245288372,871.7107697754341,2275.1367761527854,2187.304596749627,2445.1345427395436,2426.2459020076817,2185.4157326764403,2171.249252127544
818.0627102124307,906.267605950588,885.5205847945911,2325.552462304006,2154.861060975123,2406.6544540956297,2413.2557790089018,2132.227946986763,2265.197491668379
819.0136885781868,925.089720039901,869.50897311286,2265.6219721954803,2150.692292109057,2410.697142140638,2370.189140142964,2185.548014758218,2204.3889459199268
819.9645663263145,910.0745696400808,932.732027805394,2218.542778686919,2213.8224749024785,2381.8652896285516,2351.655345408134,2066.5489968279426,2198.71750279227
820.9153434727814,926.627091151257,875.7238735295196,2224.659140505561,2202.9781404074133,2358.5157498071667,2359.458401985347,2164.3294011020203,2207.691401298315
821.866020033558,901.1802280861131,907.799600170691,2309.2152329341952,2159.8065487394356,2359.3333358602854,2360.2789604437967,2136.165934151657,2222.2177712511707
822.8165960245971,880.0956572084896,888.6035636691518,2245.1419826747183,2175.1880851092747,2382.2138089853856,2380.323163105238,2126.9766151655226,2159.117595128024
823.7670714618653,893.3120031050836,872.5153215513144,2260.22116341191,2091.9571035677777,2413.36036394421,2337.7360673850494,2251.7134300490043,2194.0499039226443
824.717446361312,911.3236277718252,866.0872946456126,2253.3348438494663,2071.44708773782,2326.8438851795618,2385.27414880092,2156.2652123494686,2200.559121868885
825.6677207388858,868.6969476200667,869.6432405913304,2200.1311581880773,2135.7832361421465,2377.087943814387,2320.3103655385657,2169.8497831076393,2171.7423690501664
826.6178946105392,875.9220505205183,827.5757035762039,2209.712445631307,2152.8343904027024,2361.387259574254,2342.4279078313857,2124.3953627884,2201.1807373470165
827.567967992214,835.480199413549,847.8085110961554,2195.387811171812,2145.126232773494,2322.464254669446,2325.309249673124,2141.3329061019226,2193.491147836026
828.5179408998482,806.0688290014366,875.3774562300642,2213.128905067548,2080.2082501085365,2386.8751897639713,2387.8246230136783,2153.314610335993,2232.117570061693
829.467813349387,833.2315841366229,843.6707042112275,2231.124663217768,2113.447309649498,2266.2380671050746,2334.566853047941,2103.9572004907664,2125.7844515558486
830.4175853567576,824.6414979682736,869.242361494751,2187.3402218836254,2108.576994804953,2291.725221626445,2352.458312385904,2152.2289037883133,2158.871585590129
831.3672569378941,803.7531580036695,826.4740953323951,2205.8243323304473,2071.392119802154,2366.7643050755873,2347.8301906349825,2078.019059856366,2160.382457672996
832.3168281087237,802.4012985356233,860.1893495517662,2220.576911177687,2077.5278012852677,2297.311864166336,2300.153899462212,2086.0539071728954,2141.9472679917876
833.2662988851663,765.3467833843209,835.3537821116878,2174.0011226417423,2080.3431108308055,2260.090810265937,2343.3423763201026,2071.8287461207206,2126.699096474603
834.2156692831486,749.0455531060444,862.019470494662,2123.7197747759456,2057.2645292532297,2239.541774115537,2276.5668394781933,2072.454299658422,2124.6691354262703
835.1649393185835,757.6086861860741,819.2414328720502,2165.6798989349104,2040.518013357236,2297.479157232613,2251.9657442952766,2031.9842484314856,2130.596643129047
836.1141090073834,746.3953437374857,800.5232503444028,2183.158899812315,2002.7325444559256,2287.6162634396987,2315.1550229414634,2071.104637012031,2111.937970066372
837.0631783654643,720.3590724587754,807.9060138936595,2115.4005522798648,2034.5147911715478,2273.3656857384603,2267.6561026014024,2045.9339574456633,2145.8516623441724
838.0121474087317,705.0162020863789,767.1111250343663,2160.9033185899584,1949.7805805668013,2280.316631951472,2290.8250035272854,1996.590599404515,2145.6184144796844
838.9610161530873,730.4913215333639,821.0875037078672,2139.9771873640584,2041.7518530064388,2210.546845057882,2284.9310788432635,2040.7982089835493,2172.4010841423014
839.9097846144322,678.8387258845711,786.5757708634426,2118.510742858872,1965.0092893934002,2231.0149137217645,2245.316291373827,2078.4668854330966,2111.836766621243
840.8584528086649,648.9034486524745,833.6208020299489,2127.599360404795,2050.0754970702073,2237.6641046452587,2244.3636977729393,1982.1224810608771,2122.813936742166
841.8070207516757,633.4006167350029,800.5878081808935,2040.6390910195569,2053.058710955537,2239.353009995244,2250.8172745515335,1974.7195698208914,2124.7103644323474
842.7554884593593,637.8742569866866,811.6663449680893,2075.0011383713627,2004.3384212800229,2212.50696622478,2223.0108836302493,2015.7972402678079,2074.0462367890473
843.7038559476023,631.0268424063235,773.7021072296045,2030.010479364804,1969.6846962516047,2218.6482456076656,2210.0302765914944,1997.4537075259345,2053.9492821875024
844.6521232322847,584.2804584073469,786.7158881675279,2063.6900920101857,2005.1661052074796,2202.804486869078,2208.560944587377,1989.8155512920157,2058.8930439116034
845.6002903292865,597.3596452029092,790.7356841948766,2062.039544498504,1950.0346110229584,2175.9590922214948,2191.2760062010566,1987.3695888481404,2092.6733724576275
846.5483572544908,572.9503301737041,773.81772472542,2043.1083560117393,1957.0223297752896,2166.4983269506506,2200.9327374452305,1897.7186228124021,2041.195333206485
847.4963240237668,560.6084797163478,750.3528882357269,2038.3149339430286,1930.98476346742,2168.6444266634103,2154.269850260427,1987.524763985821,2046.9396797848185
848.4441906529828,521.0064001585866,778.1636875763111,2049.610498972495,1981.7362706949546,2169.107379742813,2185.358955527576,1883.2708409402123,2034.3148982338944
849.3919571580083,528.8980743528019,765.661111247197,2030.6249172353967,1915.1074677828894,2162.372090991149,2129.912642384659,1932.291881751031,2001.9842272884941
850.3396235547079,507.4477419552949,724.9253456504213,2031.698666099207,1915.329071139534,2077.483424771865,2111.821993776359,1871.4520107449032,1990.6831531216174
851.2871898589401,492.38422290576256,712.8120436252027,2031.5620359813342,1885.5643884918347,2050.646695783883,2149.8869267571376,1862.6627967287761,1989.5757844157265
852.2346560865626,449.51484547038467,737.7388015893998,1969.848494800157,1867.729411009645,2105.3710172137335,2050.0167474955124,1953.623967468954,1987.9817900526778
853.1820222534261,480.02877954050655,721.4803812255518,1992.933855178151,1938.3198024160574,2111.743373467618,2112.7015147441457,1838.67310965715,2007.3059743260703
854.1292883753848,448.21556712299844,729.4300449967426,1970.420897866201,1844.6901927417623,2069.2778644907594,2123.025341490519,1892.679011491548,1946.426488491308
855.0764544682825,423.9327771143703,695.9803415664492,1948.5526966231942,1833.196838904998,2038.9147851691143,2088.902323513666,1868.7648950347752,1965.8560752809235
856.0235205479657,410.71004706392796,731.7580415998153,1952.3188856912068,1856.8721846129702,2123.930126013693,2178.8842872405567,1931.108507673821,1985.0985608089852
856.9704866302709,383.36654531532145,699.4758019788321,1970.638557498056,1885.125719069325,2090.7408586620036,2055.190577517475,1789.0438781381667,1970.638557498056
857.9173527310339,400.8141317151062,706.698600655582,1932.1542473826291,1824.7590733345626,2075.987069768433,2092.2881229721575,1832.4301571951387,1937.9075602780613
858.8641188660948,399.3673989081402,671.052432299976,1908.5153582437088,1794.2732417291204,2005.477154613233,2051.558008333403,1839.3940776634536,1950.756140820531
859.8107850512752,400.4880070726264,678.0444436289549,1958.2615022088373,1789.2305927489278,2037.0145395708405,2070.628640883891,1802.676233274148,1890.0728966880783
860.7573513024072,383.2848414940323,667.8738363033514,1875.2210870095532,1762.1520587688135,1994.9975999764383,2021.8275388810205,1815.811936577978,1888.6360564618442
861.7038176353163,351.6251528033444,692.7111320894223,1921.0039001926582,1769.6230442173764,1984.2389412962568,1988.0713680298084,1750.4609105496193,1885.5539529073073
862.6501840658128,356.8426724375269,685.9415446051121,1862.6613491578148,1784.2133621876346,1948.7627982714273,1952.5895293431433,1819.6106246010086,1860.7479836219568
863.5964506097263,368.9028726317306,692.8875198393903,1863.628501636981,1789.0833615715017,1971.6233840395341,1982.1361602026145,1758.5007400061768,1828.267345452074
864.5426172828592,354.5840987565096,644.1770419457883,1884.7435114496952,1766.2302277682743,1974.5842264985145,1954.5134284556932,1798.7258055518896,1777.699255221315
865.4886841010266,355.7395733696943,661.6180744611565,1833.3532729996107,1736.5077287668908,1947.4584191747956,1982.936489834307,1752.8084639347742,1850.6128749420757
866.4346510800351,340.8055181504079,621.1300570234196,1868.1902487906868,1697.30748194344,1968.031865375595,1920.0310881713124,1727.0679638100953,1827.8695959390893
867.3805182356847,350.52507047593065,634.6044545154898,1834.47873422156,1664.0311037978245,1912.480192212083,1942.3326020603079,1775.7368954879562,1803.6633434104892
868.326285583782,332.658488242455,637.4351956784615,1826.7373631811113,1695.9814256060424,1938.2644864069055,1938.2644864069055,1737.3233764569832,1826.7373631811113
869.2719531401162,342.95586110808165,610.0195288617139,1761.8516786336745,1670.5889144732605,1898.265494536609,1906.9114406149638,1750.323750529201,1777.222249439639
870.217520920487,325.2823266512008,625.6167462436074,1859.5786107670415,1665.7525636179485,1894.1218666946027,1925.7865179615337,1671.5097729392087,1822.1567501788502
871.1629889406759,339.12240939334754,603.3112552380234,1833.9509335181315,1673.5162525870012,1880.0638957019296,1862.7715348830052,1704.2582273761998,1781.1131643491965
872.1083572164789,331.4550138666285,574.5220240354895,1784.0926398560266,1687.057983622608,1829.2473808755383,1864.794730188771,1661.1180260156543,1780.249683173515
873.0536257636742,326.62102263960395,581.1932902851776,1723.4062194572043,1669.6098157283284,1913.6149326414443,1865.5824293120907,1649.4361643299999,1803.1401749839313
873.9987945980465,318.01704590728616,581.103874794223,1747.1663764542723,1694.1635354697246,1802.0965934746216,1864.736314638178,1644.0517585388795,1782.8228331166044
874.9438637353633,336.40021532509553,588.9413511851958,1748.5100017184047,1591.3947149046783,1856.466517811272,1846.8275431601232,1683.9288715557072,1737.907129602141
875.888833191406,329.8409466188668,562.5567165365512,1720.3657536476755,1583.8135250182904,1811.72111787156,1839.6085448451668,1668.4374413519938,1728.0588369507395
876.8337029819451,337.00430823402854,548.2320797767245,1725.3468430101118,1588.0487915073595,1804.0771942214803,1814.638582798615,1577.4874029302248,1694.6228035129925
877.7784731227404,308.917367931403,524.1941587085995,1701.9416239470734,1560.032708053585,1756.0021633350689,1801.3744017499937,1619.8854480902944,1677.8074545774325
878.7231436295624,305.87655364491155,536.7267828108826,1640.9603789881105,1576.5146900126101,1765.0423771648198,1783.3180203071258,1616.9134801166551,1731.3767187447825
879.6677145181676,303.86446230151535,538.4939838254702,1651.0610182648793,1588.557252285137,1761.6446042290384,1794.338881818442,1516.4375223085117,1655.869000263321
880.6121858043117,300.46245752191567,536.4025283323944,1686.2492407720333,1565.8716536238298,1721.8810065679015,1784.4773518849672,1586.095088264728,1679.5080958917338
881.5565575037508,332.58334219788713,548.1824274017499,1639.7132219988853,1533.3638974588632,1769.2660355294577,1746.0625465389073,1554.6337623668676,1689.0206361038047
882.5008296322338,315.1414494368103,523.3082784225933,1649.9148667762056,1533.302893131392,1687.500544231972,1724.1224863683597,1544.8677169639354,1645.0961901793125
883.4450022055063,293.0991361508428,507.13863689257676,1624.579093467665,1518.5234849920312,1726.7781343623667,1760.523100695523,1539.7346066871578,1627.4715191533642
884.3890752393128,321.9661409317089,493.10129692243703,1571.156093135216,1543.1169997808029,1693.9479847217835,1720.0533475000302,1488.972543648143,1664.9420260792874
885.333048749395,296.9370024266745,516.2434159836301,1598.2197483553362,1466.2477472768142,1707.872955133814,1777.7404851165609,1507.0038064334165,1621.5089250162519
886.2769227514873,303.97975248755307,511.150666603274,1585.7287725306114,1468.5900781006944,1668.0162851466687,1700.9312901930916,1502.4731715308358,1556.6861210190616
887.220697261324,308.1356477284303,481.5830720787102,1563.933759225429,1468.0047368194084,1654.0489014856303,1687.9632023362437,1524.2055782289963,1572.6545794441581
888.1643722946354,307.88494464932126,462.31303991506917,1597.6994761770773,1480.178724433961,1642.3767867571048,1684.140359690609,1500.5748879596258,1576.3320667692378
889.1079478671454,304.1029367639298,449.37504031357776,1545.6951817682545,1444.004709283501,1646.4171735626771,1595.087696975135,1458.5319196384658,1597.0246583557969
890.0514239945842,308.79613477650156,463.6782086455933,1528.4924664955988,1424.9150795956436,1626.2617756254629,1630.1338274721902,1484.9318832199167,1585.6052312348263
890.9948006926642,291.45194820570623,440.07314033709287,1496.8277207518224,1393.564944400794,1575.963680198405,1591.4048430172502,1437.9582875049744,1539.2909185036472
891.9380779771091,322.4086471879646,437.2787939405628,1493.3119077837764,1411.2618029604919,1575.3620126070607,1602.3902824312015,1449.8736169949786,1515.5137008536062
892.8812558636273,310.3973025868162,415.1563922098666,1469.537229434458,1417.1576846229327,1611.1559987396927,1618.915931304363,1411.3377351994297,1501.5469512637233
893.8243343679352,291.9528132374874,424.8349906910946,1484.0126387154676,1421.9362930437094,1569.367614014135,1588.7664720365594,1398.6576634168002,1507.2912683423767
894.7673135057303,297.3820107862346,406.8418388606467,1474.3173303473911,1419.1030807877319,1552.7796849848014,1550.8423428949889,1373.5755416771358,1505.3148037843928
895.7101932927252,295.60488211430777,399.01781117079827,1444.8542257798342,1389.245386570212,1507.2922206818664,1578.5105586169966,1312.1734866130164,1434.1226954060476
896.6529737446181,301.56789087236007,374.7639808899232,1516.6229851639077,1337.048577654153,1525.4065159660154,1575.1798571779582,1387.7978667329967,1471.729383286469
897.5956548771028,294.2733849003121,371.9693281083153,1428.6341557371588,1380.0741912321569,1540.3220740986635,1540.3220740986635,1320.8310345360544,1452.9141379896598
898.5382367058737,302.72084065661994,396.83597380947936,1421.4295883395775,1325.373936977381,1536.8904217951474,1501.961094027076,1297.23642294199,1431.1321793862642
899.4807192466251,294.37240206966715,363.57915884763526,1369.5139897611998,1315.903121834605,1492.331614465763,1478.6852117208116,1348.069642590562,1440.6702326455897
900.4231025150402,288.03879365499864,365.88711626445775,1427.543615850956,1288.389739186548,1495.6608981342329,1522.9078110475434,1299.0938835453485,1435.328448111902
901.3653865268024,293.41344599209515,342.15322107383855,1383.234816819877,1291.6040396661997,1454.3948884392225,1452.4452974359529,1270.1585386302324,1423.2014323869066
902.3075712975952,297.2079564233155,357.8227370096496,1379.4750872147968,1282.6869698269406,1478.2185201054376,1477.2408623540452,1315.9273333742851,1390.229322480114
903.249656843098,290.09530426203105,340.07794114501615,1370.112281615944,1264.2666976284463,1461.2570900496228,1470.0775553819142,1269.166956146386,1396.5736776128185
904.1916431789759,299.34576463457523,352.1714878053826,1344.1211784572101,1302.056250747123,1452.7073871972032,1465.4246909235087,1267.8173560993773,1427.2727797445923
905.1335303209088,277.94929581018994,349.1433259650807,1323.4287523313255,1283.4430641621402,1350.7360515688179,1417.0537782884421,1258.0862862987544,1455.0889450835207
906.0753182845584,277.9637573920564,340.1654373679012,1319.8418969874567,1258.6121182612344,1394.678293208395,1326.6452057348147,1236.2583895199152,1356.7741444731146
907.0170070855893,265.53697448350084,331.43666158159596,1270.5072027294511,1204.607515631356,1395.5227856067197,1405.213916062322,1226.897115679241,1335.437776781986
907.9585967396632,267.658769740942,322.9361243613539,1275.2582688744155,1199.6155730780624,1382.9036436615336,1412.9667663498276,1202.5249075317683,1343.1427394608863
908.9000872624383,294.90237242346075,333.5780933970294,1296.6035456388881,1205.7156013510019,1354.617127099241,1375.888773634704,1190.2453129615744,1317.875192174351
909.8414786695683,283.0561660564202,329.5859467780235,1283.4464515708917,1218.498632646987,1374.567272150698,1359.057345243497,1213.6517804884866,1278.5995994123912
910.7827709767045,294.8687144382247,329.7873779901197,1265.8015537561948,1249.3121848566889,1331.7590293542187,1345.3385096244,1163.9554517298343,1294.9004400494407
911.7239641994928,269.5250083408969,319.9397581025035,1245.8260277627787,1202.1978789306193,1331.143296590113,1339.868926356545,1153.7221580059975,1306.9054361278022
912.6650583535776,271.59031036350177,319.91598836412487,1263.2332229362876,1181.0795703352283,1364.717146737596,1339.5877941772721,1139.5194872546924,1262.266709376275
913.6060534546015,277.33201400807354,306.3214231378373,1240.7467107538898,1170.205815204798,1306.4560381146878,1321.9170563172286,1120.9238196841995,1228.1846334643255
914.5469495182007,281.772628199549,317.4766941015467,1253.5022055863499,1154.1098059132214,1322.9803878821292,1305.6108423081844,1118.4057400112235,1267.0118521438626
915.4877465600113,287.0170608536032,313.10952093120346,1216.6817495443986,1136.471594491035,1311.3877157519848,1268.8666696995992,1106.5135847723086,1236.97588516031
916.4284445956582,273.6615551011544,318.95061527634545,1260.3849087053168,1186.187937780004,1304.7103718555038,1293.147207555455,1131.262907354772,1217.986639605138
917.3690436407777,281.3901824089136,310.3994795644717,1238.696988542331,1167.1407222252876,1293.8146531378914,1259.0034965512216,1112.9900342015792,1206.7867616712172
918.3095437109914,245.01451564368185,303.1207248872428,1254.1256828401897,1195.0510367759027,1285.115661103422,1281.2419138205182,1107.8917229105614,1250.2519355572856
919.2499448219168,268.1118076775412,324.25074213709854,1238.9282087626452,1118.907038538764,1299.9067065376817,1231.1849074578786,1091.8054839720812,1213.762479522154
920.1902469891755,263.382133104892,307.7615401482071,1222.3632331278318,1104.6613274912136,1305.3334289044644,1273.4960281994777,1055.4580718562338,1177.9838260845167
921.130450228382,260.3945963037334,320.1889110105166,1181.4199276743461,1105.2303976447351,1288.471039488103,1260.5027309962206,1081.119786875871,1178.5266543820824
922.0705545551464,256.16992798591383,320.9374192125411,1216.082148702942,1130.0477200586163,1252.8159496971484,1237.3490861206405,1066.2469078055206,1168.7148789998862
923.0105599850797,257.5882796804193,309.68478568320074,1190.5016371746722,1132.616630504915,1219.4441405095506,1226.197391287689,1088.2381253914346,1169.2771347290945
923.9504665337809,256.0487391060134,318.8531468112619,1201.9797413127571,1122.7495654384436,1208.7432929117838,1230.000169365868,1075.4047042452562,1188.4526381147036
924.890274216854,269.5494840786688,299.3924626730929,1191.7937903192571,1135.9585400458186,1272.6586355428578,1209.1219714386002,1093.6007639763136,1145.5853073343426
925.8299830499018,249.93048666621135,307.8294411062603,1189.823513743006,1089.4653260469213,1245.7925030350534,1208.1581826490217,1012.266720126856,1140.6094024689646
926.7695930485132,245.95843874576815,322.52137687674656,1162.7996228642346,1136.9596312450294,1217.3507162825567,1199.1670184764494,1027.8574444083852,1113.990749805736
927.7091042282808,271.23070142664955,315.16243475631813,1198.5722897550886,1107.8437100525123,1181.3816114956533,1218.6280810577634,1058.1817506363652,1111.6638607768314
928.6485166047933,248.69773141961255,309.4483223007393,1162.8042785840664,1087.8152679651755,1253.9301649057566,1223.5548694651932,1016.6231692763552,1099.2060037553867
929.5878301936392,256.1027290320059,325.6027261299109,1167.2191293428968,1092.006803716397,1213.869812326422,1167.2191293428968,1045.3561207328717,1106.2876250378843
930.5270450103965,251.06362977782993,299.564558257638,1183.9932540659024,1065.1184293604906,1202.062227421125,1209.6702162022714,1028.9804826500454,1085.0893999109999
931.4661610706462,252.92329548069722,308.07198396896956,1168.5816922773568,1071.5960676945328,1185.696802497855,1175.2375684742171,1011.6931819227889,1080.1536228047821
932.4051783899632,242.34362151112776,301.26638438834317,1190.8100304056593,1059.6593646466958,1222.1721461306286,1227.874348989714,1028.2972489217264,1093.872581801208
933.344096983914,249.177586802055,318.3409473973022,1089.5597901990998,1067.7685943951178,1205.1478722897868,1206.0953155856123,1035.5555223370575,1134.0896251028892
934.2829168680763,236.28541104555282,317.567592445223,1138.8956812395645,1048.1620833980724,1190.8784716695861,1162.5242223441198,981.0570266611353,1118.1025650675558
935.2216380580104,240.51620667928907,310.31306665680825,1146.9321855765315,1080.9081288410403,1168.6258042181928,1140.3297799029824,998.8496583269299,1095.9993418091526
936.1602605692752,239.67406887328374,315.1619645814046,1146.4724160670858,1067.2101255735588,1153.0776069415463,1174.780376957631,1003.0454142216561,1077.5897112334253
937.0987844174381,224.28271655842386,320.40388079774834,1126.1254045685566,1058.275170987857,1200.572188636269,1137.4337768320067,1004.5604027364699,1103.5086600416569
938.0372096180472,231.46715892695897,314.60638335786666,1124.2690576452294,1040.185069300334,1140.3300441830183,1175.286309000559,990.1125818589918,1126.1585854732045
938.9755361866593,245.8788740510883,320.5882242435344,1089.432549641745,1009.9947595637012,1218.0461145300067,1126.3143807494084,991.0810000213098,1094.160989527343
939.9137641388223,240.64983818822816,317.39250312226943,1170.0887801671724,1047.868980457403,1167.2464592436895,1158.7194964732403,981.5481589094661,1120.8218841601335
940.8518934900823,231.9036579926866,327.5047578182431,1141.5339246497144,1032.6811872245758,1166.144108763224,1147.213197906678,982.5142734547293,1087.5808287085588
941.7899242559796,232.31545164863834,319.5522743085352,1125.5446575793212,1036.411382252905,1185.2829165746855,1190.972274574244,961.5015019253848,1046.8418719187623
942.7278564520531,217.1100388759437,324.2429401553395,1097.875218420711,1002.1192624099235,1184.150386707658,1143.3829994951445,1012.5481289061479,1104.5117698273991
943.6656900938432,240.44052379853508,325.6359849869924,1112.2740766270815,1032.758312851188,1156.765039692165,1125.526703923064,985.4275010798228,1096.1816006248173
944.6034251968813,243.16512926921445,314.7951673485179,1142.3106072646817,1027.3255461373788,1139.4831057615513,1107.4380887260736,974.5455180789447,1057.4855621707698
945.5410617766937,230.8471362480668,323.1859907472935,1119.37305250083,1036.4565300933612,1132.564317429291,1114.661886454951,981.8070039611657,1081.6837241337987
946.4785998488113,227.38533736218815,328.34065312050404,1091.6383208632851,1051.0674930351768,1179.384529886868,1125.6045953240268,991.6265127288787,1053.8980159069051
947.41603942875,238.6332610532097,311.26077528679525,1126.1980778558593,1028.1037729169905,1136.5734370320856,1108.2770029151043,961.1355455068011,1097.9016437388777
948.3533805320368,229.24666076013833,300.00180297005755,1132.0822753587076,1008.4966269653821,1123.5916582935174,1101.8934146824756,937.7414847554629,1046.2327028106724
949.2906231741873,224.70090042296184,336.1072292040942,1110.286802089929,1030.0364805103,1116.8956521023692,1113.1191663809748,971.500951828688,1079.130794888426
950.2277673707068,232.90087415298856,323.42105196143757,1071.1554373999797,1012.6944892320231,1116.4155263042044,1148.4747559446967,937.2610077249823,1088.127970739064
951.1648131371147,220.70891962922508,328.71541221373946,1096.9702899018505,1011.5042827262783,1108.2405326063217,1144.8688213958526,960.7881905561585,1082.8824865212619
952.1017604889166,229.69822968284564,325.7196207797729,1078.8285705595947,1007.2832203305115,1135.3117417930812,1113.6598594869115,952.6828214714745,1044.9386678195026
953.03860944161,221.8054516398657,304.5125692004936,1044.1773592029272,977.4477529892387,1095.8693076783195,1111.846819025259,933.2746333829942,1077.0722355054495
953.9753600106959,224.48149534210904,315.9718526874224,1095.9978890232383,1017.7123255215785,1113.9186806681967,1088.4522925411507,915.8467730133945,1040.3491149678416
954.9120122116764,241.40762267740675,339.3279836831018,1111.0567694309564,966.5999992344358,1173.1053150187236,1107.1787353317209,966.5999992344358,1055.794783516851
955.8485660600418,228.72003848658574,328.5427671481041,1092.235099043992,1067.0371287022494,1128.0937491457025,1090.2967936330888,924.5716810008593,1119.3713747966378
956.785021571286,113.093737164738,113.093737164738,294.8170071388469,235.85360571107753,367.31299250085846,308.3495910730891,202.02214587547215,291.91716772436644
957.7213787608888,227.0907375787998,318.89337617448484,1091.0018839424042,1019.4924601941864,1169.2757126397778,1119.0258473031922,947.0166928818035,1006.92999386004
958.6576376443409,234.26798468412267,333.56676008521174,1069.148950677745,1011.3050038421592,1145.3101473445997,1083.6099373866416,963.1017148125044,1054.6879639688486
959.5937982371181,225.32345309460672,309.81974800508425,1096.5741383937527,1009.2613003195926,1093.7575952300701,1076.8583362479746,927.5815485727977,994.2397367799522
960.5298605547032,224.77725151270036,337.63612256510226,1083.4451621030578,1014.7893488795135,1085.3261432872646,1060.8733878925775,949.8954980243823,1011.9678771032034
961.4658246125656,228.9921560175633,335.9182453976652,1014.3784762430904,971.7972902067667,1123.197062780362,1065.4758994866788,933.9473470633677,1021.0022162931851
962.4016904261772,232.39334022467204,325.35067631454086,1047.1928473797468,953.2869670440629,1092.7229711788661,1105.054046374461,911.5510202282035,1009.2510775471472
963.3374580110068,227.38738018966376,332.04265977486466,1076.9979680949764,1005.6420956505214,1071.28949829942,1076.9979680949764,917.1608138193969,1047.5042074846017
964.2731273825156,224.5594882532108,319.71181378423233,1068.5606157133716,1003.8570343522771,1082.833464543025,1043.8210110753062,924.8806041615292,997.1963715651056
965.2086985561692,221.87302462780423,318.04974345788247,1082.702270394049,982.7165726004032,1117.9353258070478,1072.2275782442384,872.2561826569471,1051.2781939446174
966.1441715474248,230.1773677969424,338.6080286599649,1035.7981550862407,995.8500168735484,1087.1600470739884,1064.3325395238783,920.7094711877696,1011.0683552402884
967.0795463717333,232.56050200010336,340.2627016968725,1076.068880156216,987.4290166889634,1075.1157633447401,1081.787581025071,879.7268169921942,1023.6474555250451
968.014823044552,220.0286918559892,342.9018574379052,1069.6632941743544,951.5526543901871,1067.758283855255,1047.7556755047106,876.3047467857579,1015.3705000800194
968.9500015813246,212.53685347721637,353.27071591483264,1062.684267386082,998.5402620573724,1070.3432530969726,1062.684267386082,891.3144621049029,1011.9434870514311
969.885081997494,226.17308548708718,326.80094131820647,1103.0729720154125,980.4028239546194,1053.2382243657153,1052.2798638339902,880.733328655225,1002.4451161842932
970.8200643085074,216.13228955548837,351.9322237009722,1090.2248234214899,943.9051760675532,1073.967084826608,1055.7966711029167,892.2629475896931,998.4164172386277
971.7549485298005,231.0701337368061,323.1146683373596,1049.882972787563,967.4264105412338,1117.9575765025556,1067.141323025167,860.0411201739215,976.0555856600358
972.6897346768093,223.6660191890795,344.61845875055593,1040.5749562273054,992.5779564013227,1080.8924360811309,1069.3731561228951,869.7056368468069,963.7797565057331
973.624422764966,218.96412221917936,322.68396958615904,1054.4851148976268,956.5274812732572,1068.8906492541519,1054.4851148976268,886.4205474048357,979.5763362436971
974.5590128096956,224.07930984745795,341.4083905401183,1035.7657369343872,932.862362884267,1055.9617262339434,1035.7657369343872,888.623529180477,973.2543414833796
975.4935048264307,213.4039422170208,333.141900746028,1049.6383945244418,945.3504951604677,1097.9198294151704,1083.4353989479519,873.8939715221893,1006.1851031227859
976.427898830585,210.743288080243,353.8167130154538,1054.6831527318582,971.545892296533,1101.0853446027375,1024.7150704819153,914.5098647885774,1017.9480841674122
977.3621948375841,221.84454270467893,346.81373925010945,1025.909915826441,980.3785031315942,1097.597671984285,1063.6913008285478,882.5344035107534,965.847201207707
978.2963928628417,219.0779315136259,339.7155589991027,1073.1923341108018,945.7989994861383,1065.4715259517313,1047.1346065739388,885.9627362533417,994.054050480329
979.230492921768,224.02982750585957,365.0141155052367,1045.7944102967497,951.1611210916883,1043.8631186803198,1060.2790974199734,880.6689770919997,958.8862875574076
980.1644950297776,214.90417712322315,349.82159773869955,1036.93674701609,931.8938981083264,1061.9928394161072,1051.392184939177,877.9269298621358,999.3526084160645
981.0983992022702,195.67202286975245,341.22116303395256,1043.9054225021769,961.0098857199172,1055.4722415880735,1014.0244731969437,883.8977584806058,1046.797127273651
982.032205454656,209.87049373640903,359.09034020036955,1053.2033034295023,939.6036783795194,1031.061003631624,1039.7253818134025,878.9530311070708,974.2611911066327
982.9659138023272,207.96728194114988,357.89718287546725,1059.1822033746937,937.3037032603453,1068.8551002091658,1017.5887469864637,885.070060354196,997.2756636340722
983.8995242606834,219.54263242946712,347.206189613122,1052.2571986046705,915.8893079766756,1043.5528651603304,1041.618568839366,883.0062705202796,960.3781233588583
984.8330368451207,223.2821372939521,355.3098358677673,1015.448328736843,929.0478495230964,1052.338420985409,1024.1854558483456,909.6320114975352,995.0616988100039
985.766451571024,218.32972934261724,373.58642576403395,1061.5676617814368,974.2357700443898,1063.5083704867045,1017.9017159129132,872.3485630178351,994.6132114497008
986.6997684537855,202.812682366771,354.1943974347915,1064.5239835231953,963.6028401445149,1071.316752789068,1041.234488897346,836.4810153117542,1001.44826891152
987.6329875087796,212.13982116235985,373.90854323594016,1020.9834315302616,925.0846082650852,1058.7617558468462,1039.3882561973155,884.4002590010709,965.7689575290993
988.566108751398,224.20823035280299,361.0626047239944,1064.7464445758653,936.627455802835,1023.0107133846509,975.4513917946624,919.1566846065127,960.8924157977272
989.4991321970084,209.20740355669554,366.11295622421716,1031.5087258698181,950.1502911533255,1070.2508376395767,1016.9804339561588,841.672378198002,998.5779308655236
990.4320578609912,208.63939630219716,339.64552886404186,1036.404070933705,940.3329070550188,1108.214839893531,1032.5224077466873,868.5221380951928,993.7057758765111
991.3648857587103,214.27721048961251,372.0631563955999,1034.374534272584,948.663650076739,1047.0363694378793,1024.6346610685107,891.1983981727066,973.9873204073295
992.2976159055361,215.19860258794097,375.86724252916383,1038.0167889535976,917.2718716644362,1075.0192636067277,1049.701780949323,886.1118930091686,933.825610325047
993.2302483168423,217.23784747828952,378.948532148227,1086.1892373914475,913.7627844602491,1087.1633981424714,1040.4036820933327,897.2020516928459,992.6698052931705
994.1627830079706,222.63523017998529,383.7528309681325,1053.6114621237023,953.0350204195861,1062.3996948939648,1050.6820512002814,893.470331643362,972.5644265757252
995.0952199942984,217.57617269932823,401.0036187418112,1037.1456124636138,932.7480766841155,1064.46459378909,1035.1942566546513,858.5965559435374,964.9454475319982
996.0275592911639,219.2527670639432,380.03812957750154,1060.2089358469786,950.0953239437539,1054.3621953919403,1016.35838243419,854.5985631781252,962.7632615963373
996.9598009139264,229.86788027564333,368.76676963369164,1076.9554731212056,958.5979688090658,1041.7416701853624,1017.2876403688045,867.6289778914708,941.9692285338065
997.8919448779344,210.41724496227397,382.6657803732517,1053.0649096716595,967.9193268264603,1090.254934362666,1021.7469941423908,867.1147862166267,922.8998232531366
998.8239911985327,208.92887013997785,387.45025213751757,1030.9119367000785,948.517452701214,1028.950163271534,991.6764681291905,868.0847421308938,940.6703589870364
999.7559398910597,215.857152850299,375.7876797348387,1066.5305688557955,974.3006944561223,1024.340307162328,1056.7188800898728,857.5415981416423,959.5831613072382
1000.687790970856,205.1370670606439,377.8840709011861,1029.6114035723226,956.9791405939128,1083.594842272492,1040.4080913123564,867.6610874718143,984.4616184776354
1001.6195444532569,224.50087537227307,355.86819982591754,1044.0761234562044,958.7853978780919,1029.3708259427367,1021.5280006022207,862.7107874567698,980.3531675645112
1002.5512003535949,221.96643771383626,359.46777081090295,1057.778112468149,925.187541267406,1067.5996362607964,1013.5812554012346,836.7938271335773,986.0809887818212
1003.482758687198,226.1502097810904,375.9380110646698,1036.7665461392846,951.5930905074454,1052.4306299336458,1031.8715199535468,817.4693730182273,991.7323052304961
1004.4142194693891,216.32609868806907,368.04802310730304,1031.709086050791,952.4221449026752,1089.4613024426285,1009.1955101692272,861.3889902511348,982.7665297865219
1005.345582715494,231.99249316068722,363.1612445679956,1057.1809814917392,912.3080321762046,1043.476783583513,1047.392268700149,860.4278543807767,992.575477067244
1006.2768484408299,209.694732977947,390.9728899915928,1052.393192608949,936.7671248921372,1068.071303485805,1036.7150817320933,877.9742091039277,976.9422840140803
1007.208016660716,227.7989080369058,388.1380536079468,1005.052692969696,973.7670060290051,1049.0481902300426,1007.0080484034892,869.1554903210698,982.5661054810744
1008.139087390464,225.58819448280317,380.55747591012016,1024.9550575414319,955.3169627228274,1082.8233335174552,1037.7056946208945,860.1775937452974,964.1443268547631
1009.070060645379,217.15888219118858,376.34322117296483,990.4803314421633,919.7317363391517,1075.9682171916359,1002.271763959332,883.3748194112152,984.5846151835791
1010.000936440771,235.02955046473687,383.52102377090955,1054.191121749782,964.7028828699032,1052.2243472689056,1039.4403131432086,828.9954436894275,1004.0383724874324
1010.931714791943,237.91036979078382,390.29097854107926,987.0331044212685,933.9456665340688,1025.374031784246,1011.6106219616387,870.0441209291062,983.1007016148092
1011.862395714194,232.95485836108614,379.41171024210655,1033.0614183016942,960.3244583070934,1077.293353433546,1029.1296907344185,874.8093837188467,942.6316842543528
1012.792979222824,245.98099819375025,378.8107372183754,1005.570320616051,932.7599451507009,1106.9144918718762,1001.634624644951,881.5958975264009,992.779308709976
1013.7234653331219,248.83784616390915,378.6662876407313,1017.9730070341737,935.3549079125597,1043.5452758099116,992.400738258436,847.8190647956114,991.4171894593693
1014.6538540603799,239.95994043244824,379.6087582251026,1050.3164605813718,909.684200409896,1065.0680962636945,1000.1608992614748,870.3465052570357,991.3099178520813
1015.584145419885,232.89247056742707,385.20611165582875,1049.4901205316967,949.2579180090066,1043.5941086185974,960.0672731830222,859.835070660332,972.8419656614043
1016.514339426922,268.695235742351,358.5895977002699,1038.230488107393,935.4940744,1046.1332891586387,1044.1575888958273,913.7613715502746,945.372575755257
1017.4444360967681,252.88164938033572,382.2859308991794,1051.0393552370203,974.9772966343412,1054.0028120656962,997.6971323208558,887.0614107169589,989.7945807777203
1018.374435444704,249.50183992503264,387.1238865503483,1027.709959691206,937.6120730516108,1022.75952635936,1049.4918663513279,836.6232330819547,977.2155397063779
1019.304337486006,270.0812210457865,389.2347009189276,983.0162089534142,958.1925673131765,1059.4730252053464,1015.783415918528,865.8486204114921,971.1008609661001
1020.2341422359419,293.4675914204402,376.3172855969591,1098.0079951104906,960.2579011784474,1100.0043732834188,1018.152868193364,895.375610558282,975.2307374754085
1021.1638497097811,256.83950470141593,389.241264876952,1008.4434816377299,940.7493486156513,1049.2590618422184,1041.2950461925623,855.136180381846,981.5649288201399
1022.0934599227879,284.9048370703135,389.13831404725744,1012.5537763474556,901.3714009053821,1061.1960656033627,1005.604877882326,883.5028048521916,1002.6267785401276
1023.02297289022,281.81238705173854,390.9650721774119,1009.1661888437256,927.7978235682236,1026.0352401813298,1006.1892974312073,893.0674237555095,956.5744405559012
1023.9523886273421,302.8581476327273,395.2050582223786,1028.724724418051,912.5463530310702,1080.359556145598,1006.8792186871657,873.82022923541,989.0056230891686
1024.881707149409,296.0501838826886,363.3793226921295,973.3021095541234,939.637540149403,1010.9272165358698,1000.0357381990485,875.2788045227315,955.4796904575068
1025.810928471667,292.2961730344935,388.73402604247264,1025.025014961098,946.482846016455,1066.7816111088828,986.2510328238692,848.0565836681052,972.3321674412742
1026.740052609366,314.72881258087904,359.83326024374384,997.3094538789002,964.2328589261326,1063.4626437844352,1007.3326644706478,874.0239636004029,1007.3326644706478
1027.669079577758,307.31471951884777,383.89150208747867,1042.8548678754341,934.0352294884324,1101.2950440462314,1061.999063517592,857.4584469198014,1010.6120120570633
1028.598009392081,315.30419468248743,380.7827015654321,992.2512197,930.8021593821672,1037.5824936835847,998.2953895538179,917.7064580055784,999.302751198171
1029.526842067571,314.6180162470454,385.2053916870876,1015.4498152588932,911.5855342542596,1067.8861513000675,997.2987758600252,852.0904606690812,973.0973899948679
1030.455577619472,326.0046934015267,367.2583737393742,1025.3048844943078,955.8779590476863,1043.416256349948,977.0078928792667,883.4324716251248,969.9645816020733
1031.384216063008,328.7675497762395,366.85647322592575,1033.4126335954356,924.1575637002829,1030.405613323092,1036.4196538677793,876.0452393427844,984.297969147156
1032.312757413412,361.2123143030246,396.2328987922375,995.58518762191,897.5275510521138,1022.601067085017,1013.595773930648,833.4899108432674,942.5540168239589
1033.241201685916,337.8451713274707,359.8350937215664,999.5419270043512,910.582695500964,1034.5258944495035,995.5437592963337,870.6010184207898,962.5588757051902
1034.169548895734,338.3571951600008,389.26049000708053,981.1360555819492,901.2877499394712,1045.0147000959316,944.2062142223031,854.3768703745153,981.1360555819492
1035.097799058094,330.50561231007043,398.60979908911526,1014.5520765760647,902.3804748223438,1027.5719946367644,1005.5382871494264,871.3329779083675,966.4785329673272
1036.025952188207,362.1373467064564,389.1475907978219,985.3737196294462,916.3475402848454,1002.3801696128986,1013.3843431316031,887.3365373718973,1004.3809284344812
1036.954008301291,336.8016527303005,370.78164143306077,1029.3937754071499,918.4591064069618,1017.4008382179403,987.4184952449165,834.5085460824952,979.4232037854434
1037.881967412555,347.888980920102,376.8797293301105,945.6982067540703,920.7061822626837,1025.6726851265075,982.6864030013226,839.732022910591,970.690231245457
1038.809829537204,349.4742336748904,370.623971159538,990.0091403527875,915.4814939783153,1050.4369617374948,1027.2729635400237,867.1392368705494,944.6882743142571
1039.737594690447,361.2393485199491,371.30172591604793,1052.524675631941,911.6513920865567,1019.3188302248145,1008.2502150891058,847.2521767515241,974.0381319423697
1040.66526288748,366.75511363500686,398.99732142709536,962.2283887951417,925.955905029042,1073.060978080446,973.3116477236721,862.4790584383678,961.2208198016389
1041.592834143507,396.9899698885127,374.82301725514395,985.4218034288463,889.7008716029359,998.520457257655,1014.6418773546505,851.4124988725716,1013.6342885985882
1042.520308473715,378.5491401189335,400.81673659651784,957.506648536126,927.141744248511,1078.966265686586,978.7620815374564,858.3146278632504,970.6647737274258
1043.447685893301,383.978432427505,388.02031066358404,958.9356115097429,921.5482378260122,1019.5637850509279,994.3020460754341,870.0142903160048,993.2915765164144
1044.37496641745,398.8346863221513,371.5033753305318,978.8658418109653,913.068241275585,1044.6634423463456,946.4731769320089,854.3565361824765,966.7185924813566
1045.30215006135,374.961426535539,374.961426535539,1005.3019868196072,895.8537866416661,1068.1333609958326,962.7387978615191,868.4917365971809,958.6851608178915
1046.229236840183,387.85126909807536,384.7973220973031,981.334969581482,888.6985772247239,1011.8744395892045,981.334969581482,866.3029658857274,932.4718175691261
1047.156226769126,409.92833374639105,370.1591670396516,940.18388983625,875.9413897715172,1028.8997232589766,995.2488898917354,872.882223101768,949.3613898454977
1048.083119863353,395.24557115075595,368.7600431870455,998.3006694013939,894.3959058514529,1019.6928266028524,947.3669617788738,817.9953444176728,953.4790066935763
1049.009916138042,384.5733421045768,371.34727478351994,958.3811858796597,860.7117656626243,1014.3376245456695,973.6420327885714,838.3291901962203,957.3637960857322
1049.936615608356,406.74570176270163,346.6003473667132,963.3450831221882,924.6073972400261,1012.2768968680771,963.3450831221882,884.8502985714913,943.9762401811071
1050.863218289465,395.8078106965983,347.09300322624773,973.2812575847122,879.911209933207,1008.8024713651762,939.7898274488463,845.404887975042,966.1770148286195
1051.7897241965331,422.50334939439404,358.671908118982,980.7751611841089,895.6665728168929,1047.6461949012073,972.6695813396121,868.3102408417163,974.6959763007363
1052.716133344715,410.61154628884174,372.08503083458004,931.7333605912237,922.6086595625827,992.5647007821632,939.8442059500156,842.5140616445124,949.9827626485055
1053.64244574917,390.8752912427825,358.4711220205829,939.720907443788,884.0262415931325,969.0871858014063,948.8345800375316,820.230533436927,945.7966891729503
1054.5686614250549,395.2795125996783,347.765095484116,930.0694414110078,881.5440792504335,973.5400783465224,946.2445621311992,812.7998161896198,914.9052657358284
1055.494780387515,401.9780713009219,354.38872784716034,920.3981531801965,884.9592803954804,1007.4765263083558,969.0000358563784,823.1943878278324,878.8840450609576
1056.420802651697,427.69078776338415,361.81424462447427,924.2985745028586,892.880530851994,988.1481470836483,961.7975298280843,820.9230760387231,909.0962953169565
1057.346728232751,413.9224213654001,349.15216472142555,884.518817294278,853.1457242323528,961.4334970589979,954.3492502385631,841.0013011116076,932.0844745171969
1058.27255714581,420.84796910903503,333.636100811741,915.724617121587,864.005951038308,978.598289614985,936.0064469581671,807.216827495884,911.668251154271
1059.19828940602,419.57714872370144,330.17572236126625,918.3964708141068,877.7594588311816,986.4634658855063,915.3486949153873,831.0268950508179,909.2531431179486
1060.123925028511,408.648020412255,363.01734815778485,896.3892060655916,879.1509521027917,975.4823713066733,924.781624357262,841.6323993602274,927.8236691742267
1061.049464028412,419.2342810838526,353.253098830946,907.4950297553612,854.710083953036,958.2497853345201,959.2648804461033,823.2421354939574,920.6912662059425
1061.974906420852,417.53962735264616,348.2891525722073,914.5136228357958,882.9435534505957,929.7894628608926,968.4882575911379,812.6746893351503,926.7342948558733
1062.900252220959,401.6302897044347,342.6567281782139,880.5362807190897,865.2844975657567,978.1476929004207,898.8384205030893,826.6466469106466,940.526627788866
1063.825501443855,404.8033078583365,341.7434960814097,912.3330832887634,878.768989923625,964.2048639439774,942.8458954388893,783.1621785198972,922.5040206721387
1064.750654104657,412.85951070873944,342.5204829583616,887.90279957361,837.9518958088489,984.7463885052896,936.8342971390902,816.5443656239513,900.13567396498
1065.675710218478,395.534763548417,337.4278524085722,906.263929882842,847.1375992493158,950.098968111146,943.982451149057,795.1472050715599,898.1085739333902
1066.600669800435,422.7951425251583,341.29246444801936,915.886344891849,828.2709659589246,982.1072708295244,932.1868805072768,784.4632764924625,911.811210987992
1067.5255328656351,411.551441435661,335.149564931516,913.766442989574,833.2897997385413,965.7197190123926,956.5514938318952,764.0187650414498,908.6729845559644
1068.4502994291831,405.7271121941146,356.7951991656787,868.5414562547379,836.9395957572063,963.3470377473325,898.1044870427512,793.1047570025657,875.6773602380514
1069.374969506182,402.41520961122194,323.7706128090288,878.3682240244946,858.9624144239534,940.671086426232,891.6458832248649,813.0012864226718,910.0303344253775
1070.299543111734,393.75701323629124,325.7628898166224,906.250033041258,853.4784745662911,941.7693512455626,925.5319486378805,774.3211368538408,873.7752278258938
1071.224020260936,401.24041262602583,327.27437696516756,888.6056612955168,850.1027934172618,954.4658300346372,872.393927452041,818.6925590955275,878.4733276433444
1072.1484009688788,401.4251665109307,332.31906189639074,891.2654962786993,843.5009827951202,952.2414709385874,881.1028338353846,788.6226056012208,861.7937751930866
1073.072685250652,385.1665586627383,323.3371900352987,850.4072176790459,823.0401200898513,922.3725483765575,899.0598356153918,789.5914452586135,901.0870280294062
1073.996873121349,370.88747087366266,329.45317576243605,864.0566419536283,814.537606332894,942.8828619213276,890.332048609528,747.838497129456,859.003679135186
1074.920964596047,385.69600032255863,330.88656869777395,887.1008007418848,855.6361270313603,905.3706112834797,889.1307796909509,756.1671585271215,860.7110744040256
1075.844959689828,380.4624653727341,320.60303748742393,840.0611235429968,790.3473614009596,964.8528121852537,891.8040188336887,780.2016956576867,825.8571915024148
1076.76885841777,362.2715282904289,319.6513484915549,822.975376592543,818.916311849793,902.127139076166,858.4921930916046,767.1632363797318,904.156671447541
1077.692660794954,369.33859115276783,300.3412719264266,846.2318269818912,826.9531642568841,914.2144797490215,870.5838220029528,787.381172347659,913.1998132898107
1078.616366836443,389.33359559464753,334.44060822621157,877.2712610918559,806.1136848735131,909.8004387916698,856.9405250294723,748.1710870957195,859.9901354388298
1079.539976557306,360.6060822927674,314.89545214298,848.1861372238332,804.5070906362586,930.4652714934505,862.4072221593226,762.8596276108966,828.8860933828119
1080.463489972612,364.77466773839336,325.0366452752723,850.801250171951,811.0632277088299,923.1448295278893,860.9904867009564,766.2305869812061,852.839097477752
1081.386907097422,357.60711569422364,321.03366068004163,858.4602635273266,801.5682223941546,884.8744254820135,867.603627280872,784.2974241930132,835.0938894904881
1082.310227946797,357.11000794209406,315.39630331068133,835.2915000582884,856.6570560890119,903.4577978705969,838.3437223483918,807.8214994473581,853.6048337989085
1083.2334525357871,335.39407527823624,280.51140841452485,839.501533878252,824.2563486383322,876.0899784540595,860.8447932141397,755.1448422173622,820.1909659076869
1084.156580879448,364.3600165441754,304.3118573930403,833.5498702505018,819.3011545197239,892.5802639922956,838.6386972972082,774.519476508708,819.3011545197239
1085.079612992828,326.4372071866611,298.05136308347323,828.258379725162,799.8725356219741,889.0851885177075,872.8647061730287,729.9217055105466,905.3056708623863
1086.002548890974,311.7630608696647,277.34765804639005,881.6416429138895,772.3221280634875,861.3972883119632,871.5194656129263,738.9189429703092,829.0063209488811
1086.92538858893,332.25758884676407,285.660487971913,811.3973434946892,799.2415780490758,851.9165616467335,831.6569525707113,759.7353403508325,832.6699330245125
1087.848132101739,308.8974163926624,279.52684237499943,861.8744306562483,827.4399645665744,867.9511011426613,856.8105385842374,745.4049129999985,815.2866235937483
1088.770779444432,322.0635283305098,290.66739821024004,810.2227127811568,785.9160313977221,881.1172001495081,865.9255242848614,720.0854359842532,819.3377182999449
1089.6933306320461,321.44743497618265,284.82684111813654,848.3770910447352,801.5841100038984,909.4114141414788,843.2908974533399,765.9807548641314,813.7909746232472
1090.615785679609,300.7243471592251,290.53030149281074,832.8535309460574,837.9505537792645,867.5132862118663,839.9893629125474,719.6996240488575,831.8341263794159
1091.5381446021531,291.2576435331886,272.9267428912397,821.8353787807106,829.9824457326879,876.8280807065574,833.0375958396794,728.1441088329716,826.9272956256964
1092.460407414699,310.0591412420594,277.52834609535154,817.3362280610353,812.2532913193622,896.6300412311358,835.6348003310585,696.3623336092154,807.1703545776891
1093.382574132269,293.5472797574061,269.169650988625,807.5089529658749,772.9739788767683,882.6733083362834,855.2484759714046,731.3288630634339,862.3586176956325
1094.30464476988,298.40015763875346,291.2953919806879,816.0330841549584,781.5242223872114,875.9161089872252,831.2575819936703,733.820795825914,783.554155432373
1095.226619342549,285.5897160672753,270.3447134302321,815.0994743272412,793.7564706353808,884.2101529485035,787.6584695805634,706.3517888496666,797.8218046719255
1096.148497865284,285.7741676372402,278.6552381943197,796.3031076866872,787.1501984029321,890.8831702854891,830.8807649808729,726.1308031778987,824.7788254583695
1097.070280353102,267.82907752090796,279.0310541472577,832.0013548843415,807.5606786086693,867.6440077863634,844.2216930221775,725.0733961782755,840.1482469762321
1097.991966820999,273.5891423424598,269.5209023076277,846.1939272450802,780.0850266790583,884.8422075759853,836.0233271579999,695.6690459562918,853.3133473060363
1098.9135572839841,256.7856052560373,281.2413771851837,808.0594641588792,799.9075401824971,864.1039414965064,846.7811030466944,695.9705094836248,816.2113881352614
1099.835051757054,269.7818132966647,291.16074944470233,805.2732615760823,785.9304145850007,882.6446495404087,845.9950447152015,687.1800904726366,809.3454398899942
1100.756450255205,271.97085120907286,260.7660595862272,767.0189174548011,760.9072129332488,843.4152239742035,814.89393620696,698.7715502974681,808.7822316854077
1101.677752793432,246.9486798505866,268.37811074671185,808.1956795110107,823.5024158653858,882.6884631023032,839.8296013100527,717.375710475051,825.5433140459692
1102.59895938672,260.93941097485515,266.0558700135778,798.1676100407335,798.1676100407335,864.6815775441279,835.0061151195366,726.5371834986164,817.6101543878796
1103.5200700500611,269.27078441848226,262.1310287710225,783.3331910355847,793.5328419605272,866.9703286201133,818.0120041803892,720.0953553009412,810.8722485329295
1104.441084798436,250.86034636346747,255.95913389118024,836.2011545448916,802.5491568619874,875.9716972610511,844.359214589232,686.2968012301367,826.0035794894661
1105.362003646831,244.04153949802824,255.2267767250212,788.0508046290495,805.3370803434932,885.6674204282608,838.8927920244721,686.3668298382045,821.6065163100284
1106.282826610215,234.28688789933312,249.5003221785106,813.4116194600224,794.1412693730642,845.8669459222676,790.0843535652835,717.0598690252317,795.1554983250094
1107.203553703566,237.216056493597,276.7520659091965,816.0637840912204,753.2116665587289,832.283685389928,803.8988581171899,683.2633422080529,807.9538334418667
1108.1241849418582,234.79844118635165,273.2568065530817,805.6015482083444,825.8427931382023,873.4097187233684,822.8066063987236,695.2867633406189,782.3241165390078
1109.044720340055,220.9291300391018,256.3994032105172,801.6281736739887,799.6013009213364,884.7299565327335,813.7894101899026,703.3248451703516,781.3594461474656
1109.965159913121,227.81307257058873,257.3067292873167,793.2776634154429,755.6478255354796,869.5543618207739,780.0563690251855,703.7796706198545,801.4138445786782
1110.885503676029,220.20802717111144,265.06521789115266,813.5463226043839,765.6306870625217,873.6957374335301,833.9359547498573,721.7929779497542,786.020319207995
1111.805751643722,222.06843520488437,268.9269123582086,805.7620745278143,814.9300374491169,842.4339262130246,806.7807370746257,734.4556962510165,834.2846258385334
1112.7259038311709,217.8191363502799,265.88251385480174,772.0819152322127,782.3081657650897,883.548046040572,804.8059169374192,707.6565368750877,822.19054284331
1113.6459602533141,209.78927055857625,266.0741968059992,798.2225904179975,789.0123297593283,858.6009658470512,801.2926773042205,696.9097231726363,828.9234592802281
1114.56592092511,219.74585148300886,262.67294805178267,810.5044661675629,804.3720238005952,838.1004568189175,821.7472771736703,728.738567941327,822.7693509014982
1115.4857858614998,216.61129364298864,251.3508407366755,818.422859471858,768.3570416015447,870.5321801123883,780.6180582228459,752.0090194398097,775.5093012973036
1116.405555077432,213.28303891165385,264.30768936898727,817.4149003264819,762.3082778325618,855.1731416649087,822.5173653722153,672.5048930276549,762.3082778325618
1117.3252285878439,205.30147355210636,261.2003896182739,796.8136399250069,802.9117034958615,819.1732063514738,773.437729570064,686.0321517211474,816.1241745660466
1118.2448064076739,215.30826224147856,250.854437611534,803.3435633632525,811.4684034478366,863.2642589870603,810.4527984372637,735.2980276548608,790.1406982258035
1119.1642885518559,208.3996941665144,259.22888786566426,801.0680926986017,786.8359184628398,812.2505153124147,825.4661056741936,737.0233086376729,792.9354217067378
1120.0836750353192,203.92640357323538,247.55245010880316,779.1814823096755,805.5600220753677,843.098713280391,788.3125153054921,738.59911343938,796.4289890795511
1121.002965872987,213.16962763156496,253.77336622805353,759.2899117543361,776.5465006578438,841.5124824122255,834.40682815784,719.7012666227598,778.5766875876682
1121.922161079794,214.9027262103728,266.8460391806525,826.0005258607221,760.8167605646848,871.8328608344982,798.5011248764563,724.1508925856639,820.9080441969692
1122.841260670655,205.5177925151113,251.30145916451727,825.1234145037389,742.7128145348081,857.6806885655387,857.6806885655387,706.0858812152834,818.0015108027202
1123.76026466049,225.2044477507394,240.42096449065423,778.0712226343113,786.1866982289325,821.6919039554004,787.2011326782603,703.0030733840648,784.1578293302773
1124.679173064214,218.60314673726202,247.07239375420778,785.9545694321096,750.3680106609273,900.8483163219263,776.8037400338055,673.0943401863603,795.1053988304135
1125.59798589674,207.2094106699802,249.87017169027024,757.7363743127707,768.9094307704657,853.2152204058008,806.4915297645308,681.5564439193956,780.0824872281607
1126.5167031729761,203.3504952504392,251.13786163429242,770.6983769991646,803.2344562392349,870.3401196718797,766.6313670941557,695.458693756502,807.3014661442436
1127.435324907827,205.19909647005235,255.9909520319465,835.0181054375398,792.3529467655487,866.5090558859142,826.8914085476367,686.7058871968089,840.0972909937293
1128.3538511161971,217.91851977011726,255.5960208518665,814.6486720378215,767.8063733956468,840.1064430390035,816.6852937179161,715.8725205532356,804.4655636373487
1129.272281812988,213.33128985858704,264.3674836046605,836.9935774356046,775.7501449403165,816.5790999371753,822.7034431867041,732.8797421936148,819.6412715619397
1130.190617013093,203.9200487072059,261.3045850268216,799.2846130232191,797.2351652975185,868.9658356970382,808.5071277888716,713.2078085437954,829.0016050458772
1131.108856731407,214.56269115534562,265.64904619233266,776.5125965622032,785.7081404688608,878.6853066361773,776.5125965622032,688.6440658985855,782.6429591666416
1132.027000982824,224.10050023739413,251.7293290337852,825.794994025466,806.3524848724502,848.3073730447477,815.5620944712472,717.3262587507456,772.5839163435278
1132.945049782225,204.51076379544338,259.7286700202131,831.3362548284774,792.4792097073431,843.6069006562041,799.6370864401837,728.0583191117785,798.6145326212064
1133.863003144499,231.7955036355623,246.09126156903312,803.6258209743945,814.8582022078358,859.7877271416012,805.6680721077474,699.471013173393,771.9709284074235
1134.7808610845238,212.7578813409265,255.51305366781125,788.9347274603733,793.0066486343624,853.0674859507005,791.9886683408652,739.0536930790078,769.5931018839254
1135.69862361718,238.10774387465707,253.3710607896992,813.0260143412436,815.0611232632492,886.2899355334457,801.8329152702127,721.4461128509909,815.0611232632492
1136.616290757342,208.5254600569864,239.04138104093562,819.8610771021026,808.6719060746545,858.5145770151049,827.9986560311557,706.9521694614905,823.9298665666291
1137.533862519882,229.0915319875272,241.309747026862,794.183977556761,829.8204380881541,834.9113610212103,841.0204685408777,706.620103108195,774.8384704111476
1138.451338919665,227.83287082717487,276.6542002901409,825.8941567485089,805.5519361389397,887.9379296076949,796.3979368646335,728.2514978225768,788.2610486208059
1139.3687199715641,219.0043437299255,268.91696160325733,832.2165061737169,830.1792564646013,874.9987500651441,842.4027547192948,722.2050218814752,809.8067593734454
1140.286005690436,214.36139397885663,248.04675588981982,812.5317600341423,830.9055938037585,889.0894007408767,862.5494186292088,723.7248968143302,800.2825375210647
1141.203196091145,226.95713988344835,251.4930468978752,818.8858966064961,811.7295903939549,878.1810052246943,836.2654974083817,724.8315863845265,789.238342297397
1142.120291188541,229.73876758524102,253.223174938399,825.0174409283322,804.5962171429775,923.0393150980351,794.3856052503002,726.9955667586294,790.3013604932291
1143.037290997483,219.70619257174775,260.58176328277057,807.292521542701,826.7084176304369,896.1968878391757,823.6427498271102,723.4976015851042,809.3363000782522
1143.95419553282,234.1256392602691,252.52852793574877,797.4585092707856,824.0404595798118,878.2267429020575,831.197138509165,749.4065221736998,810.7494844252988
1144.871004809396,215.24805353618507,243.94779400767644,811.7926590507551,804.6177239328823,869.1921399937379,846.6423439089947,744.1432707965256,787.1928815037626
1145.787718842061,231.6427967706457,244.96738242559437,823.0494062249049,830.2241831160311,926.5711870825828,792.3003624057926,716.4527209853158,826.1243106068162
1146.7043376456531,234.64210131783256,253.16647773766144,796.5481860526421,792.4316579593468,911.8109726649108,839.7717310322429,718.3341522800313,806.8395062858804
1147.620861235006,234.99792130523429,244.2741550409672,823.5234172056237,837.9531141278749,905.9788281899164,867.8432006096809,754.4670105062785,795.6947159984248
1148.537289624961,240.79805572831947,260.433948684706,846.4103332252946,810.2389514635299,873.2805025340341,848.4772693259669,761.6659530977315,844.3433971246224
1149.453622830348,252.79712792927265,262.0835530368786,830.619134624753,816.173584457366,898.7195854138632,816.173584457366,756.3277337639055,795.5370842182417
1150.369860865994,242.09845439813822,257.61758609032654,823.5485884654616,829.756241142337,882.5212888957774,851.4830255114007,761.4720616967082,874.2444186599436
1151.286003746725,256.4914102086407,250.28597286488323,812.9122920322241,821.1862084905673,891.5144983864849,841.8709996364255,736.378564792549,856.3503534385261
1152.2020514873661,256.61804724023136,273.1740502879883,786.410144768451,829.8696527688128,849.5299063880241,814.3483999115407,772.9583922921486,829.8696527688128
1153.118004102733,247.6810333628928,253.87305919696513,853.4675607963014,848.3075392679078,907.1317846915949,851.403552184944,727.5630355034976,872.0436382985184
1154.033861607644,258.54088920665845,253.37007142252529,833.5358268022669,813.8867192225608,894.5514766550383,839.7408081432267,741.4952702446965,842.8432988137066
1154.949624016914,243.08650718348392,256.53384587874046,807.8747323842592,793.3929830201369,919.5910846217753,849.2511591388949,767.5327162984896,822.3564817483817
1155.865291345352,248.6830572926052,252.82777491414865,813.4008332278962,844.4862153894719,852.7756506325587,857.956547659488,729.470301391642,823.7626272817548
1156.7808636077639,250.7926431310967,261.1559754918858,869.4835850702071,843.5752541682343,890.2102497917854,835.284588279603,766.8865946983948,848.7569203486289
1157.696340818955,242.22165260365756,279.64645729778493,857.6517742404184,869.0871312302907,912.7494033734392,877.4037544956523,760.9710287805894,821.2665474544613
1158.611722993726,255.07713025798256,254.03599911407244,824.5758659768253,863.0977183015002,882.8792100357928,867.2622428771407,760.025735054397,813.1234233938138
1159.5270101468739,244.4251747933397,243.38506766655954,807.1231303814111,812.3236660153119,894.4921290309453,887.2113791434841,746.7969170281613,811.2835588885317
1160.4422022931979,263.43349878688633,255.1035857817674,859.0222786528902,826.7438657580544,893.3831697990058,853.8160830246909,750.7334095863441,839.2387352657328
1161.357299447482,263.39332246561185,256.1057601839546,827.6588591310729,849.5215459760446,924.4793294445192,850.5626263019957,779.7691641373252,852.6447869538977
1162.272301624522,246.7625202943394,259.25682511936924,794.4295484581476,837.1184232769995,885.0132584396139,842.324383620762,773.6057070830977,850.6539201707818
1163.187208839099,260.3944918738902,261.4360698413858,856.1770892813511,885.3412723712269,864.5097130213156,855.1355113138555,787.4329434266441,847.8444655413866
1164.102021105999,259.41990662405726,253.143618560572,857.7593686763183,866.1277527609653,897.5091930783916,883.9105689408402,786.6281039568188,899.6012890995534
1165.016738440001,267.50805547540375,257.0585220583958,844.3223000942431,842.2323934108415,872.5360403201646,833.8727666772352,745.0517326326675,871.4910869784637
1165.931360855877,268.4885797661486,244.46041893104578,835.7621160035753,858.7455741936736,921.4277328939419,887.9972482537988,762.6329308532625,799.1975234284189
1166.845888368407,255.13802250854943,255.13802250854943,853.2484687171161,848.0202305509573,908.6677932783994,848.0202305509573,774.8248962247341,851.1571734506525
1167.760320992358,254.07752322211425,245.74711262466786,864.2800994850608,861.1561955110184,940.2950961867589,864.2800994850608,801.802020004213,833.0410597446369
1168.674658742497,273.14691034993314,255.49102641096408,828.7879637233713,831.9037079478952,919.1445462345658,891.1028482138503,800.7462657026557,844.366684845991
1169.58890163359,260.7567133732047,242.0570287488315,874.7296918734597,845.6412935688791,898.6237333379366,871.6130777693975,802.0086961120082,862.2632354572108
1170.503049680392,263.41947703172536,264.46066073540806,845.4411673903596,818.3703910946092,908.9533733150049,855.8530044271868,793.3819822062243,848.5647185014078
1171.4171028976712,272.6797926286532,243.538440744675,848.2214923372228,867.9959811156365,925.237922316308,848.2214923372228,774.3273500599923,850.3030174717926
1172.331061300174,276.1600434466762,245.82428109836707,850.4474065232869,879.7371081009646,933.0862074031635,864.0461965414944,773.038909496567,871.3686219359139
1173.2449249026579,260.60535120683346,246.99944933659717,845.6591316269937,849.8455629716818,923.1081115037233,897.9895234355948,778.6762301119843,842.5193081184776
1174.158693719866,282.91341621277905,250.55062690430617,843.5204439111641,844.5644048565987,932.2571242731059,880.0590770013754,781.9267481305221,880.0590770013754
1175.072367766552,269.90391828062513,257.3502476629217,836.9113745135664,853.6496020038377,938.3868786733364,866.2032726215413,795.065805787888,839.0036529498503
1175.985947057452,267.6985729479366,258.2503880203624,862.9342233851133,844.0378535299649,922.7727279264168,888.1293831919779,769.502172434657,904.9261563965543
1176.899431607308,285.4544627924343,240.32747051274802,840.6214143262496,917.2323547080426,921.4302144549902,851.1160636936186,803.8901415404584,877.3526871120408
1177.812821430856,266.8896562575356,249.02696272848794,882.6272096705902,880.5257163142317,974.042170672187,892.0839297742036,819.5824089798338,903.6421432341757
1178.726116542832,281.9519054888592,244.99191787796008,817.3437260238841,882.8157040774768,939.8396849628641,878.5917054933741,785.6637366431133,880.7037047854254
1179.639316957964,263.2451400892213,254.8212956063662,833.960603802653,893.9804957429955,954.000387683338,850.8082927683632,793.9473425090914,882.3977095790698
1180.5524226909802,280.5712488624029,241.69058890768787,862.7303195357033,879.543577894499,928.9325243234613,894.2551789584452,799.6806006902194,880.5944065419237
1181.465433756606,276.9219818852543,243.22805253039448,904.4714161195188,884.4656455650708,957.1181807364874,909.7360925812156,805.4954986396181,857.0893279642472
1182.378350169562,278.5321563120178,247.93582095956125,852.4772056822361,897.8441856876027,955.8717182526063,858.8074819620547,835.5964689360533,893.6240015010569
1183.291171944566,282.78036812687156,249.01554805202122,825.1277905791551,868.3889663000571,945.4149620958094,906.3743888842637,790.3078198769656,870.4992675547352
1184.20389909633,273.4700593594595,255.45071436290598,892.4875580645927,911.5668645315318,953.9653233469518,869.1684057161117,804.5107560225961,895.6674424757492
1185.116531639575,259.3224317727858,258.259634921258,870.430621401277,882.121386768083,910.8169017593339,874.6818088073883,831.107137894748,871.4934182528049
1186.0290695890042,282.71478888482335,256.14385007985874,855.5842295198602,908.7261071297893,956.5537969787256,891.720706294612,806.6937021187252,895.9720565034063
1186.9415129593222,289.29462305187525,259.6233796619393,917.689170560161,862.5854328359943,948.4201012140231,866.8241818916994,813.8398186953852,879.5404290588148
1187.8538617652341,284.72382114148684,255.08714087397146,871.1067092916121,910.2694653594002,910.2694653594002,943.0815042270066,846.7622933575816,893.3342194922486
1188.766116021445,276.69353323417124,237.46877948066802,853.4034262586507,868.2452249761925,967.897302079687,880.9667667340854,817.3590579446208,876.7262528147878
1189.678275742645,278.9829553926185,249.28134797439296,869.8327886766052,863.4681585155569,923.932145045516,922.8713733520079,829.5234643232991,893.1697659337824
1190.590340943527,281.67623877274343,245.53664587359899,862.0355835648865,936.4406277690074,944.9440613923355,902.426893275695,804.6374066074218,900.301034869863
1191.502311638789,286.47067593247857,233.22333839856063,847.6976135399738,927.5686198408507,945.6727146023828,913.724312082032,820.0089980223364,937.153140596956
1192.414187843111,270.8494851017109,240.9920615471916,875.462312080727,906.3860721907648,918.1157743014688,922.381120523543,815.7474649716884,894.6563700800608
1193.325969571186,282.8628394144283,230.55989929628873,891.2847958907458,944.6551429500719,985.2166067151597,901.958865302611,861.3974015375231,897.6892375378649
1194.237656837689,277.8157203926739,242.68959482578407,857.9290062700964,919.6658330240239,966.5006671132103,894.1195598844677,814.2874563233545,914.3436927866163
1195.149249657301,276.46502098472405,254.22070895147039,880.2392047444662,906.7205285935777,951.209152660085,878.1206988365373,796.5582213812739,921.5500699490801
1196.0607480447,251.3454618990541,236.4980506476332,885.5420282097476,856.9077350820073,977.8080838435776,924.7816150885029,808.1233838273386,877.0577932089357
1196.9721520145579,269.1097934628838,244.7415838186069,845.4709259188238,931.289403361712,942.9437644959314,903.7427315899207,845.4709259188238,915.3970927241401
1197.883461581539,280.91256714043965,243.9503872535397,845.9058882687675,887.0923172855989,952.568178799536,924.0544971724988,839.5695145738704,907.1575006527731
1198.7946767603169,269.98539693201093,247.75130541996296,909.4802194690093,916.8915833063586,945.4782723932774,922.185414618751,827.9552172581668,915.8328170438801
1199.705797565548,268.0297179185004,254.20278802587936,911.5137629212494,895.5596130451481,1006.1750521861165,931.7223527643109,840.2518934746639,942.3584526817117
1200.616824011901,257.5391147285008,234.12646793500073,876.9100435383664,946.0837727009803,955.6616736619576,882.2310996277982,857.7542416164117,965.2395746229348
1201.527756114028,272.28042384298857,239.1796664346253,914.0080110180323,915.075777386044,1000.4970868269817,924.6856746981495,830.7222343131182,910.8047119139972
1202.4385938865848,285.18603570559503,242.46153597441975,880.1246944622109,934.5984316194595,1000.8214062027811,919.644856713548,820.3103948385656,853.4218821302263
1203.349337344222,265.23337839844373,239.56563210182017,906.9270358140335,921.8998878203972,993.5556795651381,947.5676341170208,823.5068603500068,909.0660146720854
1204.259986501587,279.97790366196597,238.30180349854356,877.3353393376873,942.5210344650916,999.1577859692297,916.8742035952931,865.5805418556963,919.0114395011097
1205.1705413733291,249.95179768243796,249.95179768243796,936.7851562713594,975.2392789917344,1016.8979119388074,942.1260066491892,847.0588699238175,894.0583532487204
1206.081001974089,265.8026707212251,241.25061679918426,942.5853744853083,971.4073508285737,1002.3642883824514,892.4137860359205,849.7145618236755,950.0577387224513
1206.991368318504,263.46024594323615,239.99415116286693,901.3113677005447,923.710821809079,1050.6410617574397,951.443479276788,836.2462867186118,901.3113677005447
1207.9016404212089,279.24793325537473,228.08800655209998,965.6436165243111,934.7344941410826,972.0386073622204,912.3520262083999,871.8504175683074,952.8536348484924
1208.811818296843,266.42096970728244,236.58182110006683,897.3058259741273,1001.7428460993821,1001.7428460993821,959.1154909462168,849.3500514268164,910.0940325200769
1209.721901960031,250.6460801176144,237.8471313456511,957.787999768586,949.2553672539439,1014.3166901780905,932.1901022246594,886.3272024584577,900.1927302947512
1210.631891425401,268.7408774063017,226.0835952783173,997.1139697416353,959.7888478796489,1013.1104505396294,954.4566876136508,857.4113707724863,913.9322695920656
1211.541786707578,261.0003414041912,243.88556491867047,945.5914008250206,932.7553184608801,989.4480155691675,977.681606735372,884.620009595353,933.8249919912251
1212.451587821186,263.9296386449229,238.1804056063938,936.6283517764946,928.0452740969849,1016.0218203119592,939.8470059063108,848.6518055615203,910.8791187379655
1213.361294780836,265.1117757182656,238.27860003827922,914.4746271739365,997.1208082682946,992.8275001594967,996.047481241095,833.9751001339773,962.7743433979119
1214.270907601149,259.9425511598355,236.311410145305,974.2474954626892,968.8767815957505,1001.101064797383,962.4319249554239,855.017647616649,952.7646399949342
1215.180426296738,259.10717692791627,220.4023704158624,965.4698957728997,981.5968984862556,1017.0763044556383,929.990489803517,868.707879492765,956.8688276591099
1216.089850882207,245.0689164125401,231.0956887223514,951.254346601307,983.5002566555886,1018.9707577152983,972.7516199708281,886.7625264927437,953.4040739382591
1216.999181372161,261.59809971507,244.44412596326217,998.1468476833205,1012.0844513566644,1062.4742492526,976.7043804935607,918.8097190812091,939.180062911481
1217.908417781207,261.31316335120783,218.47493985100982,968.143851104475,1010.9820746046729,1015.2658969546927,970.2857622794849,941.3699614168512,949.9376061168907
1218.817560123945,265.4528306436795,217.285986373657,996.5184892309097,1027.5593444271465,1063.9520712089413,942.9997733753293,891.6218061539719,956.9146394977802
1219.726608414974,258.64446561166926,223.22841845322492,1003.4546694892563,1025.9921540446298,1082.872472208192,989.5028933359297,905.7922364159704,943.3547106749264
1220.635562668878,255.2603485683087,217.72206201414565,996.3733773947847,1045.7094111516847,1056.4346358814457,977.0679728812152,906.2814896647934,945.9648211649087
1221.544422900261,250.53106423782626,209.84653243852114,995.7003835093095,1018.1839405562939,1065.2923457975946,1024.6078139982894,882.2119527007216,989.2765100673139
1222.453189123698,239.84576894958064,225.8637286072284,980.8939070942491,1016.3867787325279,1081.9948141851037,1028.2177359452874,904.53045599371,1000.253655260583
1223.361861353784,263.3967594724818,222.54338453389275,1069.713370102528,1029.9350839781123,1106.2663897844234,997.6824195529106,908.4500479765187,979.4059097119629
1224.2704396050979,246.03146806186064,234.2647456762934,999.1017007381645,1005.5199129484739,1080.3990554020836,1040.8200801051757,960.5924274763081,975.56825596703
1225.178923892214,242.655853717184,217.00060927131432,1052.9339907992344,1040.1063685762997,1104.2444796909738,1034.7615259834101,932.1405481999313,1002.692470426073
1226.087314229713,235.87437166685964,215.50340320472176,1043.2080165084292,1063.5789849705673,1066.7954536751154,1085.0221096675543,922.0543619704514,988.5280485311118
1226.995610632166,253.0646196723238,218.89555710053324,1032.5463595912959,1056.037590109402,1072.0543381899286,1011.1906954839267,922.564689438345,987.6994649658208
1227.903813114142,253.7244208122686,222.67797269599944,1050.2264000710359,1124.095535244228,1082.343415363728,1056.6498031295741,983.8512351328052,1003.1214443084206
1228.8119216902119,242.0188410199989,213.10508567690167,1043.036952006544,1089.084784589995,1130.8490978633577,1034.469913386367,1016.2649563184909,1022.6902352836236
1229.719936374931,245.5440412956595,213.3766996412063,1052.944316822435,1087.2561479205185,1129.0736920713077,1048.6553379351747,957.5145365808905,980.0316757390078
1230.627857182873,237.14087735812683,216.75320011919283,1073.03564415442,1049.4288599830227,1151.3672461776926,1064.4513590011845,953.9286876532793,1021.5299332350078
1231.5356841285789,235.87738255939175,218.7226638277996,1032.499633657701,1087.180299614651,1161.160024144642,1019.633594609007,984.2519872250982,1015.344914926109
1232.443417226619,227.77091717575777,210.6613647118511,1091.8033166030455,1088.595275516063,1101.427439863993,1045.8213943562962,974.175143413687,1012.6716364574771
1233.3510564915312,226.09524192764687,226.09524192764687,1084.3999281079557,1105.83075672669,1170.1232425828928,1062.9690994892214,980.4604093070943,1041.538270870487
1234.258601937876,239.18980199687937,198.43100165660394,1020.0426085158398,1082.2534090352074,1125.157409393392,1089.7616090978897,963.1948080412451,1018.9700085068852
1235.166053580193,226.63712541036458,210.6014797445369,1050.8693126339074,1104.321464853333,1164.1878753390897,1101.1143357201674,969.6220412603806,1014.5218491246981
1236.073411433026,245.25105322317552,207.76726779605264,1078.4620550032216,1155.571556453303,1134.152250494947,1070.965297917797,985.2880740843733,1049.5459919594412
1236.980675510917,243.30482962331152,218.65279842799802,1084.6893725937941,1079.3302353774216,1132.9216075411466,1124.3469879949505,996.7995222452851,1007.5177966780301
1237.887845828398,234.8309245505311,212.31289068952128,1086.2270619620458,1122.6848310703474,1129.118555030636,1079.793338001757,990.7934898844326,1015.456098398872
1238.794922400004,214.0444719367416,189.4293576640163,1056.3094690078196,1125.8739223872608,1146.2081472212512,1086.2756950789635,1025.2730205769922,1031.6943547350945
1239.701905240268,223.8597814800589,215.29098601670736,1094.6636204431588,1094.6636204431588,1203.915762600891,1125.7255039978081,1038.9664499313737,1050.7485436934821
1240.608794363714,214.6614614339006,209.29492489805307,1110.8730629204356,1102.2866044630796,1146.2922040570293,1119.4595213777916,1026.0817856540448,1070.0873852479945
1241.515589784871,209.96675349922,211.04350608126728,1073.5223243011403,1159.6625308649227,1180.1208299238212,1126.283200821457,1034.7592313474381,1117.6691801650788
1242.4222915182581,234.09762742226698,196.33994557996584,1098.2091461560726,1139.203200727714,1202.8518644047358,1090.6576097876125,1037.796855208391,1073.3969552311319
1243.3288995783948,203.91453271992697,206.07235846299497,1067.044829947131,1193.2776359166096,1135.0163408537733,1164.1469883851914,1035.7563566726449,1048.703311131053
1244.2354139797972,221.2986711092449,218.06015397106083,1118.3679183862328,1180.9792497244582,1263.021683891788,1174.50221544809,1084.903241291664,1058.9951041861914
1245.141834736973,223.512191615789,208.39542503307862,1115.4014199957005,1197.4638671589855,1207.181788533585,1142.395646036255,1079.769041622169,1054.9343536648591
1246.048161864437,212.65743902711372,193.22681008047388,1151.8045047813723,1176.6325306576343,1244.6397319708738,1148.566066623599,1046.0155249607776,1071.9230302229641
1246.954395376695,217.71496601468652,219.8812840844844,1160.0633263767625,1173.0612347955498,1257.547639517667,1182.8096661096401,1031.1674012237888,1093.9906252479273
1247.860535288251,205.23808771902304,200.8944244868744,1146.7270932872398,1207.5383785373208,1265.0919163632902,1161.92991459976,1064.1974918764158,1063.1115760683786
1248.766581613607,210.47203956596724,215.92468307803892,1189.7668143340427,1229.025847620959,1278.099639229604,1184.314170821971,1080.713944092609,1114.5203338674535
1249.672534367255,208.7718842242477,201.12055862440616,1178.304142375597,1229.6773285459617,1281.0505147163262,1161.9084446616507,1103.9769794057077,1100.6978398629185
1250.578393563694,213.6798435892519,209.31903045477736,1193.7725955624023,1222.1178809364867,1225.3884907873426,1197.0432054132582,1089.1130803350136,1116.3681624254793
1251.484159217413,206.0900025780747,205.00531835397956,1209.4229098660699,1232.2012785720676,1263.6571210708264,1126.98690883484,1117.224750817984,1107.4625928011278
1252.389831342902,197.80115150234423,194.5406929610968,1141.1604894366012,1233.5401481052786,1244.40834324277,1243.3215237290208,1116.163640620371,1122.684557702866
1253.295409954651,191.3736209301502,195.72302140583542,1181.9495792674618,1229.7929844999992,1300.4707422298843,1193.9104305755961,1092.7868695159145,1124.3200229646325
1254.200895067133,205.03526341487023,184.42325280702613,1151.0180660485573,1196.5814579185285,1243.2296924520704,1178.1391326378257,1124.9818421228595,1146.6786953942742
1255.106286694838,203.0679089288294,206.3256828688641,1195.6030359927336,1228.1807753930807,1266.1881380268187,1205.3763578128378,1100.0416670850493,1147.8223515388913
1256.011584852236,192.34981191265945,195.60997821626384,1185.6138124107993,1248.6436942804842,1327.9744076681914,1196.4810334228139,1118.2370421363084,1149.7519830711508
1256.9167895538048,189.22065569005915,200.03326458663398,1172.0868043887092,1249.9375884440478,1246.6938057750756,1216.418500864666,1105.0486292299454,1129.9176296920675
1257.8219008140109,188.769842771622,198.47800611416255,1187.6319822374617,1241.5662230293538,1336.4904868230838,1221.0712115284348,1085.1569247328669,1143.4059047881103
1258.726918647328,191.86777875087728,198.33523196719898,1219.1149312766415,1284.8673723092456,1315.0488206520802,1204.0242071052241,1141.5054926807811,1163.0636700685202
1259.631843068211,191.7544908708336,182.05903908522967,1220.5496525654746,1255.0223700253998,1327.199622207118,1236.7087388748146,1131.1360416537937,1174.2269384787003
1260.53667409113,177.704331460461,187.39729499466793,1157.7706443636093,1316.0890487556564,1299.9341095319783,1260.0852594469052,1164.2326200530806,1156.6936484153641
1261.441411730542,185.45560211547416,198.39436505376307,1203.3049532608673,1232.4171698720172,1303.5803660326062,1261.5293864831672,1151.5499015077116,1170.958045915145
1262.346056000904,179.53856516818885,188.1392149966051,1201.9408135211684,1269.6709309199464,1353.5272667470047,1304.073530233611,1146.0365896364628,1139.5861022651509
1263.250606916667,170.0272989520839,193.7019861479437,1189.114970519321,1325.7824829681479,1312.8690172249517,1291.3465743196246,1158.983550451863,1220.3225127320452
1264.155064492279,180.36293134728726,185.73087573262316,1197.0515979299123,1285.0858858494216,1359.1635183670573,1255.0253972915405,1164.8439316178967,1170.2118760032326
1265.059428742188,178.282244062958,192.24410654981614,1222.1999623111217,1266.2335286158282,1348.930714114911,1222.1999623111217,1151.3166604547648,1183.5363431167452
1265.96369968084,169.6551385451803,188.98293913893502,1226.2415710037717,1313.2166736756678,1343.282141265953,1290.667572982954,1155.372968826671,1209.061303809323
1266.867877322675,181.11238888918885,183.2557307695343,1247.4249743610403,1343.8753589765847,1337.4453333355484,1290.2918119679491,1180.981376070332,1167.0496538480868
1267.771961682131,172.39465161647263,188.45626512111292,1223.8949490535913,1332.0431466515026,1354.529405557999,1236.7442398573037,1169.2854631378143,1237.8150140909463
1268.675952773639,172.43946275457427,183.14998839150437,1261.6999200303633,1337.7446520525668,1387.0130699824454,1284.1920238679165,1199.578871336169,1220.999922610029
1269.5798506116369,180.61462273935186,189.16442736606675,1238.6529452953184,1315.6011869357524,1400.0305076245618,1281.4019684288928,1204.4537267884589,1193.7664710050653
1270.483655210548,173.01589727357202,183.69589093243448,1293.3472320882452,1325.3872130648326,1370.243186432055,1274.1232435022928,1198.2952885243692,1219.6552758420942
1271.3873665848039,164.37858895445788,184.65906421507282,1300.0852035488942,1331.0396131572013,1375.870137417508,1310.7591378965863,1269.1307939405872,1242.4459580713572
1272.290984748826,172.7607378895879,179.1592837373504,1266.9120778569777,1301.037655711711,1351.1595981858509,1370.3552357291385,1237.052197234086,1232.7865000022443
1273.194509717032,163.0649058360779,177.98587761192817,1234.177522602472,1363.1373500937493,1414.2949676109504,1321.5717858610237,1214.9934160335217,1208.5987138438716
1274.097941503838,176.80126478105643,171.4759254804222,1213.1122926844776,1356.8964538016016,1399.4991682066757,1319.6190786971622,1256.7800749496782,1239.7389891876487
1275.001280123663,162.06216532649367,181.25373753621002,1311.4241009972843,1339.1452608557634,1387.1241913800543,1332.7480701191912,1202.671858475558,1262.378972016898
1275.904525590915,158.1989108673644,184.92169986522998,1361.7933273312312,1355.3798579717434,1374.6202660502067,1332.9327152135363,1234.5928517013908,1290.1762528169513
1276.8076779200019,164.15967215549023,165.22564405260383,1288.7600236103096,1379.3676348649635,1424.1384545437336,1315.409321038149,1249.3190634171076,1241.8572601373126
1277.71073712533,164.29955242422415,180.30275558242778,1330.3996225519968,1377.3423518160607,1444.5558050805162,1301.5938568672302,1294.1256953934019,1300.5269766566832
1278.613703221301,160.09281543181154,173.96752610256854,1381.0673544584276,1450.4409078122126,1424.8260573431228,1354.3852185531257,1236.9838205697972,1272.2042399647958
1279.516576222315,161.9062287483635,177.88381711168884,1334.6612146164439,1378.3332894761998,1436.917780141726,1337.856732289109,1280.3374141811378,1285.663276968913
1280.4193561427671,164.18502910991364,174.84639463653141,1394.5066108816043,1410.498659171531,1463.8054868046197,1390.2420646709572,1288.9590921680883,1258.041132140897
1281.32204299705,174.98305332075304,181.38487234468303,1448.945039082821,1441.4762502215694,1459.6147374560376,1427.6056423363877,1315.573809417613,1283.5647142979628
1282.2246367995579,150.41135829465236,174.9465443994538,1491.3126162831488,1446.5092329613376,1452.909716293025,1410.2398274151094,1320.6330607714867,1297.164621888633
1283.127137564672,160.93304758121283,183.31446479449409,1499.554953289844,1467.5815001280137,1418.555538613207,1373.7927041866446,1307.7142343188618,1332.227215076265
1284.029545306781,176.61741287463454,177.68137319315645,1488.480485612131,1508.695731664047,1485.2886046565652,1434.2185093675143,1335.270199744978,1311.8630727374964
1284.931860040266,159.3187387538049,168.87786307903318,1502.9067689108929,1537.9568914367298,1473.1672710101825,1394.5700265583055,1310.6621574813016,1351.0229046322654
1285.834081779503,159.49728776982013,172.25707079140574,1621.5557589931714,1565.200050647835,1506.7177117989008,1432.2856441729848,1310.0043902161228,1335.523956259294
1286.736210538871,168.10713563989154,184.06667383355213,1668.3037258439867,1595.953819366059,1567.2266506174699,1493.8127749266312,1379.9680691451856,1310.8100703059897
1287.6382463327388,160.80611131298102,179.97505173439598,1649.5938173762092,1586.762290439349,1596.3467606500565,1454.7095897584904,1323.721830212155,1388.6832394180612
1288.540189175481,161.11037443920884,180.31558463726023,1688.991541306408,1622.840261735342,1571.6263678738717,1510.8098689133756,1365.7038363058764,1393.4446954808393
1289.4420390814591,157.1667912725583,172.13505710804003,1680.7224209555213,1668.9616406562143,1631.54097606751,1518.2098204560052,1294.7549947691707,1413.4319596076332
1290.343796065037,150.7531825156794,175.3441271813576,1760.925472,1682.8759523381516,1655.0774931508633,1526.7769122864552,1399.5455029292507,1428.4131336237424
1291.2454601405811,155.87411139106493,176.15909848990214,1808.5667444963287,1793.6199118971856,1661.2336803047742,1525.6445560125464,1439.1664531175036,1377.243860921053
1292.147031322442,157.3804569619904,161.66291837592212,1926.0370209157873,1693.7134892099918,1733.3262572888602,1554.5334932572114,1465.6724189181284,1431.4127276066747
1293.04850962498,154.08348865823794,179.7640701012776,1900.3630267849346,1794.430628332396,1779.4502891572897,1569.7255407057992,1457.3729968925006,1437.0425365834276
1293.949895062546,157.415916520483,175.6204782949606,2020.7063569670163,1833.3064563473936,1766.9133486992987,1618.06428477857,1498.1283483820116,1440.3020933336709
1294.851187649485,161.99547052527714,174.8692827524515,1971.8389061288703,1863.4843198834863,1819.498794773974,1656.4305065630988,1544.857467260921,1471.9058646402666
1295.752387400145,164.83274761870453,179.91548269492586,2110.505572451256,1972.6062803258037,1877.8005169895555,1782.994753653307,1570.7591243664783,1463.0253023934688
1296.653494328872,160.38434480539976,178.68322978319705,2157.115617382692,1966.5919326138614,1885.8615577118146,1743.776097884212,1628.6007630239587,1548.9467931206057
1297.554508450001,160.86168193045427,177.0558109838557,2233.710200765838,2070.689301628264,1982.161396136336,1794.3094991168791,1606.4576020974225,1587.0246472333408
1298.45542977787,165.91618976461882,172.38045689830528,2211.8567375763796,2105.196329870553,2021.1608571326294,1808.917419576591,1630.0726955445994,1627.9179398333706
1299.3562583268179,157.29757154210805,170.22613906611693,2430.5706945136694,2200.011240335511,2079.344610111428,1914.505374180315,1683.9459200021565,1641.9280755491277
1300.256994111169,164.5188931493072,173.12118821593762,2524.7736020560346,2253.8013074571754,2108.637578207787,1905.4083572586428,1765.6210624258981,1692.5015543595393
1301.157637145258,158.91622595792452,180.39139162791435,2535.1433073422963,2294.6214518384104,2221.605888560445,2022.9606061130394,1830.7578733666305,1689.021779944698
1302.058187443407,159.97550884897825,166.41747564826596,2672.342560571187,2385.6750380028834,2264.3513299496317,1999.1570300456208,1844.5498268627157,1762.9515807384046
1302.958645019939,163.73604036085027,175.58535907117496,2853.531387604555,2394.639590277435,2388.176325526349,2112.410362813338,1887.273307317169,1773.0889633813129
1303.859009889169,168.62025463656323,169.6942689973057,2946.021391516516,2501.379446169145,2405.792168063068,2126.5484342700333,1930.0038062541666,1858.044844084423
1304.759282065421,157.05414697439667,190.40126037306993,3101.2815460766137,2648.4062318559218,2489.2006582106433,2274.0579911224286,1951.3439904901065,1876.0440570092314
1305.659461563002,156.23081087233254,175.62498049786348,3240.9812351998366,2733.500463331777,2589.1216450083803,2329.4552627998823,2104.2674043701068,1926.487516136073
1306.559548396224,160.9087724039083,176.02771746199363,3392.0433162461472,2873.679485683221,2768.92679492363,2420.111133940661,2168.4886911882404,2007.5799187843322
1307.4595425794,155.11885018236603,169.12263526827408,3610.8221236895206,3063.5972911017293,2779.212732434058,2393.570035452898,2239.52839950791,2039.166551355687
1308.3594441268249,159.67282396726142,173.6981395860074,3733.970565883053,3181.5889045909053,2892.4516287582965,2603.314352925688,2340.069967466149,2166.3718278801416
1309.259253052809,158.37637884185898,176.69201449023723,3941.093835398096,3248.3318517564953,3033.931175637244,2674.082804663224,2389.6517569472326,2224.8110361118283
1310.158969371645,158.31839230222624,169.08835096224163,4174.435976621966,3446.386771204925,3125.442003136466,2757.10941696394,2483.5524669995493,2264.9223062012366
1311.058593097634,160.6199626107753,175.7117711782307,4455.317486378082,3603.7082886430994,3245.8168283291575,2900.861203930177,2609.804895843537,2413.611384466617
1311.958124245066,156.7688836074051,175.14868375448015,4824.156956249941,3851.108713169496,3534.3274518110843,3065.1019657034026,2804.5412695007503,2552.6298910143682
1312.857562828231,160.17537941202116,175.32710449153666,5093.14415887143,4048.757394461967,3783.6022055704457,3225.1529097825883,2908.0489491898707,2620.1661726790758
1313.756908861415,160.56733233490573,174.6712196345934,5531.97856470057,4263.713622136348,3780.9267107239625,3386.017866332708,3032.335769432848,2803.4188294148407
1314.6561623589039,156.50631856874867,173.89590952083185,6011.364222248256,4574.549269832383,4059.3826378769186,3705.069722228224,3112.73678042289,2905.1485384323973
1315.555323334978,166.04692976852974,172.55857407317794,6395.519981215331,4894.585968993915,4298.770515118603,3755.048215680476,3452.2567555143337,3033.340971915298
1316.454391803913,161.61603292013402,163.7853756438942,6926.711316966281,5244.386034690255,4609.8532879904,4123.920517868118,3569.6534519473894,3205.2038743556777
1317.3533677799899,152.4424374216359,177.48655214090465,7546.989526923989,5719.858026970382,5028.422685807961,4313.0321044792845,3873.1267850625636,3469.1543258952283
1318.252251277474,156.51632480653194,178.25470325188363,8404.057106972952,6069.3552619421835,5438.9422870269855,4669.4036900615365,4149.856445217632,3714.001957388331
1319.151042310641,159.4638264111458,175.73564543269126,9279.275994020007,6653.004403942565,5875.21145471269,5072.468382983113,4376.034528860966,4066.869967451602
1320.049740893752,162.905469346515,171.5937610449958,10359.701813976044,7227.572656673716,6482.5516435289865,5359.589941500343,4791.5928717121615,4307.220609521856
1320.9483470410742,157.74441358812496,186.029618783237,11637.186152773604,8046.052985501877,7052.807126150442,6066.088621844033,5271.927091365887,4725.805052598723
1321.846860766866,157.75367284848798,180.60075650240694,13220.845741067766,9158.416676128081,7858.308820583646,6731.186026990311,5893.4596263466165,5198.255509448797
1322.745282085383,168.12496760867853,184.50077614199137,15219.676450860956,10242.52237730274,8864.771019366686,7602.742041732709,6606.001162338401,5956.427423850325
1323.643611010888,166.35583291817474,179.48918814855693,17874.496468550195,11627.397163965055,10163.028055777439,8454.597429558551,7428.006829050341,6730.844555570885
1324.541847557623,165.20815105982183,180.52546307861326,21384.06167194846,13614.902197274323,11705.708663503534,9957.346905930055,8733.05603814237,7738.524850636555
1325.4399917398441,186.96209169868808,179.30867274026224,25940.716886801598,16261.328595523906,13719.30015576104,11722.85115317739,10232.621147415332,9016.820878591114
1326.338043571792,187.02870234246348,191.40364274813513,32077.063054384613,20060.19549510598,16912.42587322522,14133.244980522299,12458.736540251472,11148.441888752808
1327.2360030677119,206.01891347290882,193.9646153441748,42049.77525416201,25435.66489691323,21628.698378802135,17956.520830675978,15980.71178284803,14220.78425605286
1328.133870241843,218.3137239097453,205.14907724182095,58079.129937215206,34625.214844419,28758.170646080718,24322.78177287921,21574.661780950006,19160.046171274884
1329.031645108425,286.37382204680944,273.20720953891015,71906.16255876498,51232.38648594511,42754.18524856696,35456.59026606378,32152.867744290055,28532.04930461775
1329.92932768169,392.47249997277345,327.7912779102214,71845.48962490422,71845.48962490422,70611.0649462189,59106.577754279555,53408.052461378786,48115.15517124317
1330.8269179758681,563.3335002863228,486.6149302084189,71825.02128650616,71825.02128650616,71825.02128650616,71825.02128650616,71825.02128650616,71825.02128650616
1331.7244160051891,780.2876234499005,651.5128827966302,71519.09007383109,71519.09007383109,71519.09007383109,71519.09007383109,71519.09007383109,71519.09007383109
1332.621821783876,770.1524126946463,653.2640323282247,71591.40193750871,71591.40193750871,71591.40193750871,71591.40193750871,71591.40193750871,71591.40193750871
1333.5191353261541,505.4078951464185,474.77711362239313,71692.43811346436,71692.43811346436,71692.43811346436,71692.43811346436,71692.43811346436,71692.43811346436
1334.416356646245,334.6991232368655,334.6991232368655,71916.4165289442,71916.4165289442,71916.4165289442,71916.4165289442,71916.4165289442,71916.4165289442
1335.3134857583611,229.06543239400617,245.50553519740376,71826.80914804399,71826.80914804399,71826.80914804399,71826.80914804399,71826.80914804399,71826.80914804399
1336.210522676716,214.37119655008863,208.87449920265044,72045.2121328721,72045.2121328721,72045.2121328721,72045.2121328721,72045.2121328721,72045.2121328721
1337.107467415521,192.17653291062012,189.9802296773559,71967.36619598565,71967.36619598565,71967.36619598565,71967.36619598565,71967.36619598565,71967.36619598565
1338.004319988988,178.12531397550433,189.12070372707865,72058.28673694243,72058.28673694243,72058.28673694243,72058.28673694243,72058.28673694243,72058.28673694243
1338.901080411313,180.46437172957695,176.06280168739215,72114.22317864528,72114.22317864528,72114.22317864528,72114.22317864528,72114.22317864528,72114.22317864528
1339.79774869671,167.54211504605652,173.05336883046627,72236.00335225865,72236.00335225865,72236.00335225865,72236.00335225865,72236.00335225865,72236.00335225865
1340.694324859363,164.42361966186454,176.56227614696863,72318.80479557243,72318.80479557243,72318.80479557243,72318.80479557243,72318.80479557243,72318.80479557243
1341.590808913486,161.34008600399824,173.49584590840905,72420.70230323305,72420.70230323305,72420.70230323305,72420.70230323305,72420.70230323305,72420.70230323305
1342.4872008732561,164.56967920670175,177.8236131025435,72383.04648866577,72383.04648866577,72383.04648866577,72383.04648866577,72383.04648866577,72383.04648866577
1343.3835007528799,163.337386002875,172.1664338949223,72326.45670066496,72326.45670066496,72326.45670066496,72326.45670066496,72326.45670066496,72326.45670066496
1344.279708566526,163.07692129817903,170.79001892714695,72211.12187348759,72211.12187348759,72211.12187348759,72211.12187348759,72211.12187348759,72211.12187348759
1345.175824328395,165.11424210536762,169.51728856151075,72138.4123758351,72138.4123758351,72138.4123758351,72138.4123758351,72138.4123758351,72138.4123758351
1346.071848052656,155.12768275174307,169.43023506218748,51129.42411717558,72101.36658961335,72101.36658961335,72101.36658961335,72101.36658961335,72101.36658961335
1346.967779753501,161.82477486091614,173.9341117552704,34962.95816042651,72144.126670137,72144.126670137,72144.126670137,72144.126670137,72144.126670137
1347.863619445092,152.11777266356566,174.16382667277807,25738.768055755496,72239.40747468678,72239.40747468678,72239.40747468678,72239.40747468678,72239.40747468678
1348.759367141607,156.99019659025373,172.4681032963351,20040.572490081195,72453.18685593155,72453.18685593155,72453.18685593155,72453.18685593155,72453.18685593155
1349.655022857223,160.76173081840892,177.39225469617537,16544.045153602056,72658.75882196159,72658.75882196159,72658.75882196159,72658.75882196159,72658.75882196159
1350.550586606096,153.991374085539,163.96203859467462,14006.567932111293,72603.0554006892,72603.0554006892,72603.0554006892,72603.0554006892,72603.0554006892
1351.446058402398,163.03616355177226,167.47252174365724,11981.494386733306,64876.19310857768,72684.18352629521,72684.18352629521,72684.18352629521,72684.18352629521
1352.341438260286,158.95862360287896,176.74420386613815,10554.630287477872,42128.48164982874,72848.62515954317,72848.62515954317,72848.62515954317,72848.62515954317
1353.2367261939219,162.11429610903048,167.66615556481918,9176.113308527587,29779.063748959506,72768.22188702268,72768.22188702268,72768.22188702268,72768.22188702268
1354.131922217457,159.83694671859732,167.6067982951958,7991.847335929867,22797.8545045366,72742.46043891164,72742.46043891164,72742.46043891164,72742.46043891164
1355.0270263450482,160.18706401668751,167.97393518416536,7032.657074399294,18321.395446908635,72901.80028009455,72901.80028009455,72901.80028009455,72901.80028009455
1355.922038590841,158.29965250177762,167.2179427835679,6237.229265827083,15171.126555610503,73057.51920214081,73057.51920214081,73057.51920214081,73057.51920214081
1356.816958968982,161.33698736793028,162.4496562463298,5488.795577144828,12908.071658312821,47174.935106382814,72918.75494591249,72918.75494591249,72918.75494591249
1357.7117874936189,166.98701826788624,170.32675863324397,5009.610548036588,11149.166586352538,32180.624913798583,72956.62828123951,72956.62828123951,72956.62828123951
1358.606524178889,155.7111908589663,169.05786436116338,4630.1834824705475,9948.832873096095,23165.376308646784,72889.52066387396,72889.52066387396,72889.52066387396
1359.5011690389329,159.43317802098014,173.9271032956147,4228.881428206837,8818.99607095072,18129.670683910197,63681.84798742898,73066.10714409045,73066.10714409045
1360.395722087884,156.81895219756748,177.95058405397728,3957.17611290032,7739.738215197674,14723.186448165945,40812.96645277969,72887.44703735875,72887.44703735875
1361.2901833398719,159.14357381416352,158.03068168958893,3659.1893056011863,6745.2391670464685,12476.633608605503,27943.608355942877,72933.38538399445,72933.38538399445
1362.1845528090312,155.097795456837,169.60334467222464,3479.1001887368184,6074.4776868130975,10758.654271905196,20636.933287584176,73124.70521772526,73124.70521772526
1363.078830509487,160.89776673442387,177.65795076925968,3201.1951506536416,5320.799758259212,9462.799906068303,16155.700063979408,45934.07771147337,73225.2440481977
1363.973016455358,158.49179613647487,171.88546904941643,2999.066593089493,4745.824768818952,8302.961066614342,13193.883958656828,29887.981105229042,73146.19619580198
1364.867110660773,158.97318207346663,171.2880060369042,2904.05939646882,4493.791217203487,7447.109909526057,11256.868632033149,21206.126865039474,73368.3625858073
1365.761113139841,158.68073910589783,175.4427890114504,2659.578585014344,4102.232346885569,6566.2536830018,9735.398585144942,16177.613098845653,68267.35938534087
1366.655023906682,158.87223404121244,172.29805663624447,2572.163845498221,3730.141044319734,5662.340679454761,8470.57523891563,12918.997792069576,41204.96836270291
1367.548842975408,154.2395380481351,160.94560491979314,2463.3618975223894,3607.8639769520296,5269.850883311283,7521.971674376444,10816.885863984431,26727.02951699315
1368.442570360126,152.18840362913667,183.5213102586648,2257.0883097056517,3334.7164912854946,4722.31664202174,6598.933942654551,9280.135524238458,19002.288838429187
1369.336206074942,157.13871626420885,168.28330607018108,2242.291468961618,3035.7862631468433,4263.920059764986,5746.150503959297,8047.508298892568,14404.382324219143
1370.22975013396,161.11382418055064,174.53997619559652,2145.946630404834,2905.6430652561808,3950.6452304272525,5190.326599816489,7198.655172067103,11491.667278878025
1371.12320255128,160.58398333113206,161.6991498820427,1970.4992954590996,2813.5652079475426,3686.7406173105733,4568.837359080889,6310.727511603307,9685.221494658901
1372.016563341003,164.08866243848365,170.7861588645442,1938.9252153445311,2655.557332933011,3420.1881749082577,4153.564033561888,5628.129496699555,8313.825563549837
1372.909832517216,150.46412499209765,169.4114592503618,1812.256794349265,2532.2554961633027,3262.2851396434803,3809.5287349851096,4852.746668263653,7358.252986650583
1373.803010094016,158.63603920174134,160.87034961303348,1793.0341050619356,2350.4945526793226,2983.921554280642,3507.867345728647,4374.779785309994,6485.085968775412
1374.696096085492,163.05236245019233,161.93556544710881,1681.8962866437646,2278.2658862903586,2834.430793825946,3277.799204050099,3924.4246688354506,5747.037377867738
1375.589090505728,162.18059159662081,159.94361791942606,1697.8630209908304,2211.2484799070303,2685.4868994723215,3070.246371949822,3622.77887021693,5013.05801059348
1376.481993368805,150.9496112366279,169.95808079975882,1679.4541931660378,2155.78407751273,2615.3417828331308,2987.6841572168128,3422.6426666319853,4424.5008271358265
1377.374804688807,164.6161833629586,163.49634538089765,1576.7318787418073,2041.4646412970988,2518.5156216550604,2793.995765242052,3104.1908862729333,3993.342244029322
1378.2675244798081,161.39704181303603,169.24273134561417,1542.2383995467887,1974.8721366289549,2321.2032888527615,2613.735427138889,2981.3620223796934,3643.7623814873623
1379.160152755885,157.6888909097439,165.5174174088092,1510.9056143196028,1892.2666909169266,2282.5746549417536,2483.879622060576,2789.1921555241224,3320.4135965321248
1380.052689531109,152.04381473384277,168.81335312360486,1428.7646708077284,1799.9304538344622,2154.326698471434,2356.679128374563,2559.031558277692,3100.128663654015
1380.945134819547,158.74093309772383,168.80197815321335,1427.55050398446,1812.106003883171,2094.9331593319325,2296.1540604417232,2451.5413118542842,2922.1746416721835
1381.837488635265,155.06992287244688,168.4572543434495,1364.3921990863491,1730.3125926270873,1976.8626138847185,2252.418519996189,2381.8293908825476,2720.9751214812804
1382.729750992326,155.96249440848678,165.98865476331807,1400.3203962247705,1683.2809217944537,1931.706895030829,2050.906801471601,2191.273046439239,2536.6185697723167
1383.621921904793,159.2157394989028,158.1023427191902,1298.2206451448997,1595.4975853281658,1883.867351273731,2025.2687422972322,2106.5467072162523,2438.3389475706094
1384.514001386717,160.37591757213426,171.51313407019913,1325.3287632697206,1579.2572994256,1790.8644128888325,1871.0523716748996,2045.9066706945182,2227.443299612976
1385.405989452156,158.3107860641022,166.11483889824808,1241.9592653197876,1568.6146196633224,1745.8781054674932,1865.1686273608661,1920.9118618904795,2225.2699224221687
1386.2978861151612,158.4206844569261,170.69270930922318,1180.345663066393,1515.0372499472228,1703.5801772234236,1785.0217966977589,1845.2662823363082,2113.019551840972
1387.18969138978,158.93373330744214,171.24550138055386,1244.6078270272935,1497.5586983475887,1613.960869220645,1757.225079525945,1824.3801781065542,1973.2406466269051
1388.081405290057,152.74028227255195,170.70972724579335,1138.813575179174,1436.4325075484849,1556.6031708070368,1723.9436271203474,1766.6210589317957,1942.946237731727
1388.973027830034,150.77155816988224,166.52381051598934,1131.9118471559816,1459.3336637786365,1619.106509003437,1632.6084395858145,1696.7426098521078,1870.0173856592858
1389.864559023758,159.76914408158305,156.39373962915525,1099.2567166739905,1407.5436566623973,1533.5587562197022,1571.813340013884,1612.3181934430177,1864.3483925576277
1390.7559988852552,163.31165625165045,174.57452909659185,1122.9084226406585,1345.9133049704985,1504.7198120841724,1520.4878340670903,1558.7816017398911,1755.8818765263657
1391.647347428567,154.10659430670552,168.72984778106445,1065.2477723244535,1313.8430813885552,1445.4523626577854,1547.815136978298,1524.1929582889488,1696.2974030256346
1392.5386046677231,159.66642216433175,160.79083358802424,1098.5499609475503,1357.16458839682,1465.1080850712976,1475.22778788453,1502.2136620531494,1650.6359699805564
1393.429770616749,160.64912525546058,178.62385255677086,1042.5341834759959,1362.7090135305853,1446.965547755477,1454.8294909498004,1458.199752318796,1580.6525820589723
1394.3208452896758,160.6357256804031,161.7590524334129,984.0342356365952,1303.0590334913818,1363.7186781539117,1400.7884610032354,1396.2951539911962,1562.5475134366484
1395.2118287005178,164.23774169341382,165.36265773240982,1010.1746030183947,1257.6561315975114,1388.1463921210457,1416.2692930959454,1411.7696289399614,1456.7662704998008
1396.102720863302,150.67020016125545,169.78507630111622,1007.4664130185438,1255.9598028367338,1313.304431256316,1345.912161141961,1387.5151268581285,1492.084743387955
1396.9935217920388,155.2625101700767,171.01377931776565,982.2041404237461,1270.2273476957726,1343.3582401671854,1307.355339258182,1371.4855065023442,1425.4898578658492
1397.88423150075,155.8716869139745,168.20685638198685,991.2990736111759,1214.453503077945,1320.98451211987,1273.8865923329138,1291.828657013659,1408.4520774385032
1398.774850003436,155.67858981162692,167.9984782139859,950.8713866911601,1186.0692561907404,1238.708779364456,1266.7085257334536,1230.8688503811366,1317.1080691976492
1399.665377314115,153.2267538996304,161.05585811348016,945.0847229575744,1190.023840505159,1299.631299499055,1244.827570002107,1249.3013438385924,1306.3419602537833
1400.5558134467872,153.2848850182173,163.35469498291772,919.7093101093038,1183.7621047392256,1253.1319067182728,1192.7130469300705,1248.6564356228505,1271.0337910999624
1401.446158415456,157.35318628091537,165.16504659273386,935.1912773291282,1151.691405970955,1221.9981487773214,1252.12960998005,1211.954328376412,1244.3177496682315
1402.336412234119,159.91107198427446,165.50236820750084,866.6509146000889,1168.5809106543134,1185.3547993239924,1197.6556510150906,1178.645243856121,1236.7947245776752
1403.226574916778,153.34368094682875,160.0594625941351,887.6024743856583,1127.1320198062522,1181.9775699259208,1112.5811595704217,1089.0759238048495,1214.4371812212348
1404.116646477422,156.69880649536879,165.65302400938984,888.7060882665915,1120.3964664418868,1189.79165217555,1173.0024943367605,1127.1121295774026,1222.2506906638764
1405.006626930041,161.16997834975837,165.6469221928072,884.1964090021465,1082.301174057058,1138.2629720951684,1153.9322755458395,1095.7320055862044,1194.224770133279
1405.896516288627,154.51314826279557,164.59009271471703,884.5317907797718,1096.1476242701222,1145.4126860350716,1128.6177786152025,1125.2587971312287,1147.6520070243873
1406.786314567165,165.99731771689437,161.51090372454587,861.3914865309114,1059.9153056923324,1167.5892415086962,1105.9010491139045,1155.251603029738,1135.0627400641697
1407.676021779633,158.37959915313314,158.37959915313314,877.2657229687728,1025.5359860057486,1128.8758663042468,1132.2456450096327,1053.617475217297,1081.6989644288453
1408.565637940017,156.1422998051846,169.62221057973292,853.7276823880597,1052.5563663126472,1127.819201470542,1082.886165555381,1079.516187861744,1118.83259428751
1409.455163062288,165.2868774722968,174.2820816884762,857.9176021181119,1036.6972859146779,1088.4197101577095,1076.0513043604628,1067.0561001442834,1101.9125164819786
1410.3445971604199,162.8192947715778,174.04821165237627,819.7109322982883,999.3736023910637,1084.713370685132,1062.2555369235351,1039.7977031619382,1052.1495117308166
1411.233940248389,164.85925016894882,165.98074166669676,832.1466913289797,1005.9778734799121,1124.8559722411949,1051.9590248875782,1045.2300759010905,1031.772177928115
1412.123192340157,151.42099570247964,162.63736575451517,809.8219177569651,1008.3516676779941,1068.920065958986,1044.2440518445078,1038.63586681849,1067.7984289537824
1413.012353449693,159.56989074047647,160.6936223654094,793.3545272026505,1034.956826563231,1079.9060915605485,1039.4517530629628,1016.9771205643042,1051.8128009372251
1413.9014235909601,157.88906582427677,166.84731069373927,805.1222576429432,976.4486907714138,1001.0838641624357,1045.8750885097481,992.1256192929732,1016.7607926839951
1414.7904027779111,157.25590221903252,162.87218444114083,817.730691538969,995.2052097575915,1019.916851534868,992.9586968687482,998.5749790908565,1042.3819804233012
1415.679291024509,156.8298641055662,164.72777093102638,821.3823098478575,1008.6755288516273,1036.8823389425565,1045.9085181716537,988.3666255861583,1013.188618466176
1416.568088344709,157.87356190702738,170.2779131997224,811.9211755218552,970.9224057282185,1017.1568060009907,1030.6888255930216,1022.7951474976703,972.0500740275544
1417.456794752456,154.21964536651086,164.35086294533272,801.4918795690199,1009.7446853559142,1054.7723190395668,1013.121757882188,986.1051776719964,973.7225784089919
1418.3454102617002,161.54831938347144,166.0671535,798.7039287,1016.7376744414287,978.3275845180858,985.1058356810287,977.1978759909287,998.6623380069144
1419.23393488639,159.302237622281,157.04263141487277,770.5257167262104,961.4624412522068,1003.2651560892592,998.7459436744427,986.3181095336975,1004.3949591929634
1420.122368640463,160.07053164353655,160.07053164353655,794.7163718922061,976.204791572554,1032.5676548273202,975.0775343074586,927.7327291734548,941.2598163545988
1421.0107115378628,157.7587603823686,162.26615353615057,787.6669536233975,971.3432246400124,991.6264938320312,973.5969212169034,910.4934170639559,963.455286620894
1421.898963592521,161.1059508930227,161.1059508930227,763.8449979403454,928.3307939569979,1009.4470769241143,949.736479739987,933.9638691630477,950.8630947811969
1422.7871248183772,161.39640325213205,168.16828031166207,739.26324566536,910.8174645067871,1016.9102051060908,954.8346653937323,896.1450642111388,924.3612186258472
1423.67519522936,155.85540460528838,168.27866149411574,770.2419271072948,908.0271398742889,979.1785202375727,954.332006459918,936.2618146216238,937.3912016115171
1424.563174839394,158.9359746982637,164.57200216983333,740.57400976425,953.6158481895822,977.2871635701746,881.4746965534908,884.8563130364327,925.435710831734
1425.451063662411,159.5398039137904,167.46021971092892,750.1765247861208,924.4256723231684,942.5294798594851,911.9793046419508,883.6921053664561,923.2941843521487
1426.338861712327,152.19142972815027,161.2774852343085,779.1292596530677,914.2843353071713,957.443098961423,929.0491755046785,900.655252047934,959.7146128379625
1427.226569003065,154.30926028753709,163.38627559856866,729.5651056241643,926.9901886391015,974.6445190220172,914.5092925864329,882.7397389978224,890.682127394975
1428.11418554854,160.76064960443404,166.4212358581113,706.4411644589213,903.4295660868898,987.2062426413132,898.901097083948,878.5229865707099,890.9762763287998
1429.001711362671,153.8513562162843,162.9014359937128,733.0564619717076,921.9768773255272,958.1771964352412,923.1081372977058,877.8577384105633,926.5019172142414
1429.8891464593619,162.65836927303732,160.39922525535624,708.2416495430167,910.4350391254728,942.0630553730078,878.8070228779378,904.7871790812701,903.6576070724296
1430.7764908525241,156.9580690186375,158.08726375977878,705.7467132132981,886.4178717959024,937.2316351472599,879.6427033490548,867.2215611965007,903.3557929130217
1431.663744556063,158.25038179646614,166.16290088628944,718.9088773039462,890.7235775401094,938.1986920790492,904.2878959798065,874.8985393604628,905.4182558497813
1432.5509075838822,161.0748035947526,162.20913319753254,725.9709457791666,914.269659840638,919.9413078545377,873.4337941405598,849.6128724821809,879.1054421544596
1433.437979949878,159.67496963576983,168.79925361495668,701.4293308999889,919.2716109030748,914.7094689134815,918.1310754056765,882.7744749863275,842.855732577385
1434.3249616679502,154.13878028004794,172.40708016509066,702.1877768313295,873.453088253605,912.2732255093208,915.6985317377663,863.1771695682685,866.602475796714
1435.2118527519892,161.62223287546615,174.142264999622,723.8854937239189,870.71132499811,913.9623450633756,901.4423129392197,835.4275981027617,832.0130438870829
1436.09865321589,158.1936986830839,172.9887928045234,724.9596119505355,876.3248056544935,913.8815830396861,869.4963006753676,868.35821651218,886.5675631231824
1436.985363073542,155.01059310863332,170.9675659286397,737.4401010388658,866.2356673717744,940.3216126075183,859.3969647346288,801.2679923188913,849.1389107789105
1437.871982338824,156.98340838387819,169.49657861737572,736.0019219157188,911.1863051846843,889.5726475086431,887.2975256480072,834.9697228533811,856.5833805294224
1438.758511025626,155.7641615485031,169.4077377425326,708.3289974066967,853.8604768096776,906.160852220124,889.106381977587,841.3538652984839,817.4776069589324
1439.644949147823,159.58539501741086,184.6630999487183,704.4555294339993,865.1808201301061,913.0564386353293,869.7404028448892,838.9632195201028,833.2637411266239
1440.531296719291,163.99722113378053,163.99722113378053,731.1542775547715,848.4578454490728,917.9288905126882,870.0963676820022,815.4306273040754,864.4020197259682
1441.417553753909,161.56808551535252,164.98149577271911,723.6429745617197,890.9000771726833,895.4512908491721,854.4903677607729,812.3916412532514,836.2855130548177
1442.3037202655469,158.07167592531542,167.16932633828318,691.4214313855523,856.3163451205935,867.6884081368032,844.9442821043838,849.4931073108677,806.2792678492707
1443.189796268071,156.8976698617572,164.856247318513,686.7115405543576,829.965934775962,865.2110635130234,858.389425692947,826.5551158659238,790.1730474921831
1444.075781775347,156.85247950643853,173.9016620614862,686.5137508832527,904.7432875878628,878.601207670123,832.0001086863261,800.1749679169038,876.32798332945
1444.9616768012381,170.13616877361093,165.5687548468026,698.8143308016772,805.0067045999713,886.0783018008194,860.9575252033735,790.1626093378442,797.0137302280566
1445.8474813596079,162.20841309507955,173.63154077783165,692.2415375747761,831.6036953043515,909.2809635470657,885.2923954132863,790.480435646444,783.6265590367927
1446.733195464305,161.86610743457882,181.244444240127,685.0812011843793,826.4290696483778,906.2222212006349,794.5118090274749,794.5118090274749,813.8901458330231
1447.618819129191,163.36585041434003,169.0779430861701,672.8845167415824,819.1140891404323,851.1018081026806,851.1018081026806,781.4142775063538,835.1079486215564
1448.504352368116,156.7631447538267,161.34017087802604,686.553918629898,871.9234766599704,869.6349635978709,868.490707066821,783.8157237691336,810.1336239832797
1449.3897951949289,158.87857202033044,171.45169642481702,698.3799101037547,797.8218940301485,859.5445047430827,843.5423464100998,819.5391089106254,805.82297319664
1450.2751476234741,161.35184238277918,167.0735389211756,674.0158522230988,831.9346766828402,858.2544807594637,819.346944298368,794.1714795294238,794.1714795294238
1451.160409667591,161.968020705124,170.00898627204504,667.4001420544471,808.691394158917,877.6139561610973,831.6655814929771,809.84010352562,782.2710787247478
1452.045581341128,162.239021872236,170.293441397808,696.1319732815801,828.4545797731201,882.5342537305321,804.291321196404,770.9230117333201,803.1406898356081
1452.930662657916,162.72619961429928,158.10985352595037,672.8324423768545,819.4014306819325,851.715853300375,804.3983058947986,776.7002293647051,761.697104577571
1453.815653631791,167.01131013591367,177.377529385729,666.8934384047863,823.5385292908846,881.1286362343031,846.574572068252,798.1988822357805,802.806090791254
