Wavenumber,0 mN,50 mN,100 mN,150 mN,200 mN,250 mN,300 mN
181.96536417035168,1840.4923513394644,1222.77842357032,1222.77842357032,1040.415779365436,935.0038462990292,859.1072544912163,785.3189013447314
182.98480383669812,1908.8648777317198,1280.0123414951154,1206.7170289945652,1028.2588768193127,974.0840806232538,862.547735513721,794.5636775421962
184.0041318290205,1930.5268498466564,1294.813713168077,1256.543357113848,1079.011427640064,957.8219668016726,915.2993489636406,752.6503357331678
185.02334816567958,1916.695749476378,1234.6236380823318,1103.0140116877685,1043.4763235568946,925.4454681395482,843.9728422762471,768.7673414793537
186.0424528650146,1951.6494957306888,1239.9577623251369,1203.2726214279435,1006.221007465876,915.0322286642811,882.5396752981954,780.8694276688309
187.0614459453682,1953.1093683652123,1246.129929977375,1150.677216485842,1012.2183353772448,950.3314112453718,881.1019706910732,760.4749151797953
188.08032742507197,1858.0029193472121,1200.8916462484779,1153.0639270039496,1028.2959637573547,897.2896023484298,855.7002812662314,780.8395033182743
189.0990973224689,1863.666656181806,1242.4444374545374,1167.113503954387,1003.0365392074837,926.6736751114407,843.0872968441504,793.5546282413117
190.1177556558796,1916.323411389751,1242.4285154954782,1199.6580964062132,1032.74914386274,926.3446866162759,868.9697341794571,772.99708646696
191.1363024436287,1873.1362343682467,1232.7388491659403,1200.353337026835,1046.7833278510782,952.760873253676,861.8725004761872,748.0008610193333
192.15473770404418,1956.848191511352,1202.3756545823867,1180.5520688034499,1037.1399336847207,925.9435680491846,856.3159372306714,762.7862838923699
193.17306145543992,1914.5041698627665,1210.3666188142192,1202.033630044414,1002.0418995690868,935.3779894106444,864.5475848672994,799.9669219013083
194.1912737161256,1855.5007828964322,1214.397522360788,1185.6300683623936,1020.2172078716263,954.463027303868,851.7221201667455,774.6664398139036
195.20937450440758,1901.670387773133,1178.1636954817172,1151.1749236028409,1034.9155985861428,929.0365704459356,829.3857204316229,755.6856126085376
196.22736383859592,1881.9199126666317,1231.7643578491309,1185.0279361769462,1016.776818157082,931.6126719988789,813.2137370960114,732.2039395308915
197.24524173699317,1911.7902210330544,1232.6015898765745,1205.3501941820243,1015.6385549238101,946.4619350837983,868.9002704146941,793.434866952863
198.26300821789118,1967.2405934187034,1273.1685770811662,1185.6184595188324,1023.1760727164302,956.7223690245384,863.8981479945942,767.9094648840837
199.28066329958168,1918.8800491567727,1213.6416328457262,1156.8015216803583,998.9123239987807,995.7545400451492,866.2853979462556,789.4459884078879
200.29820700035998,1899.7027922288066,1240.9433479882266,1180.1025075965806,1014.3636665296831,969.2575262393249,852.8207454897956,740.5798847672764
201.315639338507,1944.128485226447,1278.5615132695293,1157.6449227876246,1064.0659962407594,995.7218364031613,889.5255265016626,769.6603846326442
202.3329603323,1872.9053285610662,1256.26797150134,1195.6493838581805,1058.734987629665,956.3104774739818,870.6083363233081,772.3644184188771
203.3501700000234,1885.5384008488963,1249.7655517177777,1193.7594606034543,1011.2210895641771,919.9519040445385,831.7941680312513,747.7850313597659
204.36726835994338,1927.4062008954993,1224.1492347177505,1184.3224616704265,1022.919223531271,970.515574784792,840.5545258935239,782.910512272397
205.38425543033367,1910.4783845914199,1246.7391873102076,1245.6906261770619,1007.6672489529936,930.0737251002138,869.2571793777646,801.1007057232957
206.4011312294497,1919.2235262821966,1239.0591447151544,1168.4064105058649,1035.537089455559,933.248802615244,877.3593263004328,841.5056999852709
207.4178957755648,1963.2100554708802,1257.9792588454184,1214.564149743851,1069.4941510386134,957.2502104345608,875.7145177316171,777.2363434280616
208.4345490869273,1996.0473671517807,1266.5166573996294,1183.0805938209376,1018.3478529091614,932.7724030848622,882.4968263130863,809.7576939624319
209.4510911817924,2070.1861787839703,1249.8627943672334,1184.193862018912,1024.8659605836401,983.9574453502595,884.9157768904959,822.4764641658624
210.4675220784084,1926.2129609331214,1271.767257796703,1182.6693014539815,1005.5340787249995,964.1671704230217,866.5836944286125,810.367126736181
211.48384179502318,2021.7217587838782,1266.3766372962868,1223.7017716755188,1071.1391270812737,962.3182197483156,869.5003870231454,804.4212169514744
212.50005034987407,1926.8364801190778,1263.6214927631743,1216.781268937075,1031.5494747156831,945.3208808540006,892.093353778888,811.1875126247168
213.51614776119098,1968.856714745805,1262.7176542753887,1238.1470061803516,1044.786688562885,925.1383152305301,924.0700261829198,816.1728323742783
214.53213404722192,1985.6048290285523,1226.3719682210335,1237.9713591500374,1043.945183610338,953.2590363472178,899.4800420400186,776.1047021587968
215.54800922618958,2041.9096283207634,1323.2250800505153,1209.0810635605349,1052.6614854075985,976.5654744142781,868.7627921737409,771.5290003489426
216.5637733163094,1944.0430224244287,1276.1059106205662,1179.6377563255028,1034.9355248829079,981.4586132628183,862.9705541830123,816.8336108245037
217.57942633581482,2009.8338926494223,1249.954376865346,1173.0178932977487,1038.1155659463454,920.0760295138676,862.1101857300615,808.3600396759867
218.5949683029212,2013.7609356358087,1241.7490288256372,1208.045916932151,1021.6255792713046,967.9112446910608,862.589020023916,792.023129496929
219.61039923583303,2095.534138702448,1294.1744578489556,1198.8255118650509,1110.9759211832509,966.3454974997996,898.8512997808558,802.4310173252217
220.625719152762,2053.1461645725967,1293.3204186284074,1226.4988636659398,1046.5117720734863,989.3901202507318,927.9574003658824,780.3033192391392
221.6409280719199,2005.0793691562283,1322.750644925679,1216.3718359511524,1056.2663557773699,966.0055481626201,894.0118087556173,796.2292671729717
222.6560260115039,2061.5779097939235,1304.2635755839108,1231.9842872761176,1096.0560734435512,1007.5948549175953,891.084957346824,799.3873527772356
223.67101298970368,2052.2792082503024,1287.494576365795,1232.8671026597588,1035.7797465438634,968.2987496128775,857.9726752653925,814.056470913481
224.68588902472402,2051.120822809087,1266.900082244158,1207.2311128533481,1039.9448950969709,938.7207505947041,886.5104023777455,806.5966040864824
225.700654134751,2023.8516167280675,1244.879562164504,1174.255573455764,1056.1975624799602,991.8981100734956,850.6501326560159,843.2715069700281
226.71530833796348,2038.1887725222584,1273.6039687367065,1220.8011507957156,1044.439738872805,989.5248082141742,896.5918486380298,797.3225509089664
227.7298516525407,2011.1942192102865,1273.6867954646057,1181.8895489446343,1086.9628508387545,974.302593746062,884.5916482833626,799.0533049352072
228.7442840966724,2088.29560895555,1254.2253507970086,1193.9060553192087,1049.3477437431025,940.1490191712237,864.2299058974412,781.0308776522002
229.75860568852298,2076.1841104602227,1253.210980874886,1181.3310493035085,1014.6529471090099,941.7312773989169,855.2670118855207,760.4688412623997
230.7728164462569,2053.2514222614373,1295.4168861344401,1177.4619238997973,1006.2706512760678,938.4204517605654,875.78949836164,819.4216403026071
231.78691638805316,2041.3139741990194,1252.1997217110973,1228.318632491068,1056.9977750430323,937.5923289428863,893.983383410659,800.5356429844577
232.8009055320617,2022.8233102096992,1279.2147411608894,1190.8137224627792,1033.7719127755481,1008.8116251431404,890.2502588892044,785.2090484361557
233.81478389644332,2097.814319567861,1324.33021569132,1196.8098634305932,1011.8008277736368,973.1266225798098,881.1447291458428,784.9818405557864
234.8285514993477,2041.5560709932658,1241.9639170437163,1211.8494073495124,1039.4698001344148,982.356074852304,852.5521537565978,795.4384284744872
235.84220835893208,2097.1987506163905,1221.5588980695175,1194.7114497602972,1034.6593540707154,963.4103566347081,857.0531575635667,819.8797675969541
236.8557544933356,2115.4975198664083,1281.0106089156452,1233.9530763432338,1059.3173443522846,1013.3055347259267,930.6934219876932,794.7494390007269
237.8691899207042,2069.4008718923446,1315.5551965911252,1211.6126870440212,1046.774565843058,963.8305430731468,917.6338721633228,821.0408329882362
238.8825146591662,2086.480731390565,1318.882636450201,1196.0249386280088,1051.115859145423,944.0091482235118,889.4057269692041,812.7509240545029
239.895728726864,2143.3045474966307,1292.4712481241888,1226.5395164385016,1030.8373922286041,921.9977081760409,878.0432203855826,803.7392053112364
240.90883214192218,2119.447104511628,1318.1277366922493,1269.1108604692554,1066.6498499829763,979.271940194161,917.46805278256,847.1394912452208
241.9218249224687,2095.4295101590683,1297.821186081469,1194.8361850806723,1048.7656224366851,976.2557747932669,897.4407230069429,815.4730691491659
242.9347070866243,2224.411389838286,1318.8334827903773,1228.1702697448359,1085.8501097314856,989.9157796484127,926.662375198035,776.9626513321408
243.9474786525097,2166.9170510156846,1268.696685494814,1211.7003285757457,1104.0405432841724,1001.6581984480684,923.5520797071232,825.3916872353947
244.960139638235,2206.7639828715055,1344.99462683879,1211.7640270104193,1098.6237557275965,935.7863559373657,895.6056988462698,842.736413200091
245.9726900619062,2186.1450285282094,1310.0021269215283,1207.855658825557,1074.1174995658832,1040.419695657934,914.0529310031242,811.9064629071529
246.9851299416368,2208.160744646304,1300.784346702564,1248.964482484332,1074.469021341305,1005.728385133446,929.5849111801251,862.9593714709694
247.9974592955223,2161.656799652905,1268.3670153594137,1225.5308970482638,1076.1268746459605,992.5442047705461,912.0958850154598,822.2445148993893
249.00967814166142,2241.5222064898476,1280.4211389710806,1200.8528588714878,1102.4394598009385,996.6974033527954,886.7675426888841,814.5279199668853
250.0217864981569,2254.818609208498,1314.0804429718376,1263.457761380627,1075.7319838132216,1027.218580621645,917.5361038406891,837.3835246546059
251.0337843830894,2243.3234433025764,1328.6007128013391,1228.0126462170106,1067.700415098237,973.399102675429,923.1050693832648,827.7559646002034
252.0456718145433,2233.196794100005,1287.087501971869,1277.6158850317652,1117.650798932236,995.5721805931219,896.6464036631498,828.2402813179565
253.0574488106067,2241.5994181065275,1312.0011674308705,1299.3248276489298,1091.221582895402,962.345461779004,909.5273793542508,848.2584037415371
254.0691153893531,2229.12238729398,1336.6334427815527,1227.4347954529735,1089.8864992987053,1009.0375007958148,922.9385673252042,838.9396078416815
255.08067156886318,2199.177777731713,1356.8728576417782,1227.4480619897934,1094.8920212817118,1005.129663006948,919.5422981403128,798.4674893045849
256.0921173671959,2205.474111933333,1331.2510086289606,1257.8749687832699,1091.2065354194865,1026.2163286990176,971.7084133850759,850.1138330693599
257.103452802432,2282.212604550231,1321.829208203671,1247.8734369014956,1065.588085100359,1003.090250197112,894.7606696981509,832.2628347949039
258.11467789262315,2208.1996430562626,1330.9270831741546,1250.139291355023,1041.9553662826456,1004.668693135354,909.3805284256091,816.1638455573805
259.1257926558319,2249.3114018808837,1304.248672972809,1255.5981272349343,1058.92570829459,1003.0293365957554,945.062728908075,830.164631527137
260.13679711010633,2256.0623847464094,1290.5048209043246,1257.4943059011764,1060.4627944761357,962.4628280605394,887.1575907096077,800.5049888263437
261.1476912735052,2232.6815418891933,1346.5036728559714,1248.152124462124,1043.3375597656586,938.9024104402331,885.1639355446258,821.2861257630549
262.15847516407297,2179.8827822778944,1327.3694043503574,1246.3705085852707,1044.8857553696178,967.9368043927853,898.0752567953981,836.3135987745195
263.1691487998505,2199.4431773788747,1291.622750047529,1249.6603627638929,1098.1863793985726,977.4165818505469,921.12557451884,855.6233114419447
264.1797121988748,2266.9643984284094,1356.075536073465,1206.3122771727644,1061.6778970015403,963.2034253956002,914.9919653385255,817.5432694784807
265.1901653791829,2334.8881510520523,1363.7399820304022,1209.8026658769704,1059.9978951236308,1037.2688954231241,912.2593970703372,834.7741708186098
266.20050835880835,2345.51098451023,1410.4619866494254,1259.0029813716346,1063.3684328878219,1016.0374937385122,967.6547559414403,840.3871195621856
267.2107411557736,2342.325719665063,1404.5524895697386,1249.6618549360164,1161.152920859604,1015.7453863054974,918.807029936093,840.83487372592
268.2208637881013,2364.0621357118125,1400.495738432846,1245.3541607767584,1135.5941330472813,1015.2802564976623,962.5110123969522,880.1909915998444
269.2308762738176,2417.411836966858,1424.1136399037873,1311.406421361106,1083.885307293637,1001.7249049914955,912.1911332519821,823.710700003522
270.2407786309304,2436.9397854545277,1399.0034448678477,1273.7352658315242,1131.6243064205692,1032.6729717196076,943.1957009793766,883.1932958947511
271.2505708774479,2460.7344765451553,1432.2573950681638,1294.845246463838,1107.75332105641,1048.5603955037775,967.1701228689076,895.292998983568
272.2602530313852,2411.462339275093,1381.3025504795053,1291.4015422170564,1177.17437877771,1037.5634012407309,939.2011216124048,861.9920203987724
273.2698251107431,2420.418927329033,1416.4712505151647,1267.0366906539807,1112.3403505159947,980.7958435959387,960.8010785440902,849.2513366758825
274.27928713351866,2447.3479969544296,1359.1691374727532,1301.175109108904,1107.1587233098453,1043.8925105492829,990.1162297028046,857.2571829056232
275.288639117709,2447.261555151942,1394.6531666530107,1307.8182694126563,1155.3277181613018,1043.0777290457218,954.1249074824318,899.0588750861094
276.2978810813111,2413.5858797467035,1379.4918860318262,1277.6572490873154,1131.7292641874494,1070.83845034434,934.3590400063358,883.9666423430727
277.30701304230394,2463.573292617049,1386.6128332113854,1279.546588709068,1118.9472219555919,1009.781639325778,931.0564595446623,859.678963209784
278.3160350186699,2484.5636780669192,1418.6974456787368,1315.4811504474703,1124.846972520335,1072.1855974023417,951.0644346309573,869.9659169492477
279.3249470283954,2430.792621761964,1415.1292710607236,1350.3222999385735,1134.6531993189587,1010.3513038879491,963.6052919309883,880.7373616436486
280.33374908945547,2515.3896675227606,1443.72554874252,1269.8848806119963,1079.0841472980069,1063.1840861885078,941.2836176823478,880.8633854662512
281.3424412198183,2538.565674015468,1441.1209619514723,1330.427691282193,1140.667798706286,1024.7034199098982,999.4021008997773,875.003949100016
282.35102343745535,2449.779960334547,1444.904760715454,1316.915393185022,1134.980093885565,1019.6838867713744,965.7379550023494,873.7125419846009
283.3594957603309,2504.329713979835,1428.201422658793,1328.6569361198456,1147.3811869489202,1081.367474823092,983.9186616849646,882.2785017451972
284.36785820640586,2504.762034135244,1405.7231140173978,1306.286259340069,1152.4208105235703,1070.777919314816,917.9591742317631,867.7173950263759
285.37611079362614,2527.3072077040997,1391.789954448754,1314.6997923011434,1129.2666995677016,1006.3391437107009,961.5435089492514,856.3258552072424
286.38425353995984,2575.898335925605,1476.0172170992903,1303.7975990698098,1187.5757709517554,1117.8426740809227,973.0936699702552,893.8515144352181
287.392286463346,2507.1211742235882,1428.1203491370375,1359.5621344443437,1129.6284297826937,1041.030121564443,983.0193245167792,880.70937335999
288.4002095817268,2516.5000552542365,1439.3657977498906,1361.8206293102285,1152.5549007812776,1058.013531039772,959.2231109728053,893.3628309281609
289.4080229130486,2584.4869473736885,1480.6403661545362,1368.132926145661,1197.2489842453883,1104.9079721626324,1003.0144415885568,917.0417751666804
290.4157264752503,2653.5992443440746,1505.5201181220302,1384.9504701080052,1155.5480424707007,1086.1938201617481,1021.1075499948852,914.4087464426506
291.4233202862597,2610.7250953047305,1462.5970016541457,1357.0705224583198,1162.9018007380005,1109.0832963481291,998.2804931925122,879.035571701229
292.4308043640012,2600.273840857732,1447.9750702518259,1355.7072888020352,1137.6198053752578,1089.3889196174127,967.7632077063253,868.1559436412106
293.4381787264138,2579.0295153524085,1459.394083271975,1339.1717913118912,1141.5890680035793,1020.3213648090599,975.3686817283328,881.2816706291368
294.445443391407,2550.713486979709,1466.7642808488538,1351.295603420327,1160.9283244165397,1064.184297381828,990.3259541617794,880.0585685093123
295.4525983768981,2485.36047772574,1455.5779371424196,1353.0140824967973,1189.3263144765108,1074.330477449601,941.7226653825335,865.0587740312601
296.459643700804,2656.9456214297043,1452.2825064047538,1421.9830872063812,1190.0358092050465,1092.8687062585414,984.208720167826,865.1006584914649
297.4665793810382,2626.2282525958362,1490.222097043607,1360.2730534195514,1166.3974641417262,1103.5188946462154,1001.8652072951395,910.6912815266487
298.4734054354994,2621.0968001262204,1488.6659785491686,1389.4215799792241,1231.6752201469965,1095.867095788125,1000.8014087369148,863.9486064983596
299.4801218820867,2638.9919183107772,1463.6775688934724,1359.575323595217,1203.4219556478338,1068.0890367601016,1002.5046222222006,907.771579000788
300.48672873870964,2587.6364332098738,1503.0666391463278,1334.2176645213442,1190.2298886141493,1103.2156931018878,1040.0268130275074,925.0437689577332
301.493226023249,2645.9651413925726,1537.67483069533,1386.9223963134348,1156.1152209149473,1065.6637602858102,1030.3149136031589,876.4434633375005
302.4996137536036,2662.7267587458405,1461.48098877215,1375.0828961310615,1180.4269524698136,1083.6194510767866,988.8938314341472,890.0044482907325
303.50589194765416,2590.6893535374347,1488.290542470982,1379.8236774275467,1149.3315892102469,1108.6565148189586,990.8030941467645,903.1952416116821
304.51206062328487,2730.4510788026523,1530.4372354871568,1425.540920512026,1213.6503642622622,1096.1664914901157,1025.8859604567783,930.4303138294093
305.51811979837663,2695.944413912878,1545.9556248531662,1417.4770238776305,1227.9184322743813,1088.9087984319985,1009.9260519306447,959.3770941697782
306.52406949079517,2679.1896018933953,1473.9742167156453,1389.987081860053,1184.2186014638519,1122.2780895078524,964.8022116536168,894.4629862120582
307.5299097184216,2659.4224651186028,1557.4229754484827,1369.4041051730119,1209.5880654388618,1108.266785345969,1023.6582937220073,922.3370136291148
308.535640499118,2692.0082491604844,1535.7235909030953,1414.1763005012674,1233.4407643385493,1117.178138736801,1005.1432449751161,924.8163400139081
309.5412618507471,2643.977088818307,1518.2088894408346,1423.5181063156265,1162.5923928150535,1120.5076003149609,1035.285895502274,945.8557114395774
310.546773791164,2714.732129409665,1546.4334408654354,1368.487675067221,1193.719512229689,1078.2666046582283,1005.181736562533,958.5768931391912
311.55217633822764,2712.1652597477396,1564.0643190412022,1419.1073841670009,1227.9322961445032,1130.2439269901502,986.3374046875009,971.6316286857704
312.55746950978937,2800.758856767764,1596.506558595441,1423.111144284413,1213.7679001771962,1128.1274821333348,982.2215847252746,920.8988162494232
313.5626533236937,2703.7733026606456,1487.7070391976215,1449.8036751416312,1210.8019073441365,1127.625080665713,1014.9678597215196,942.3197452808714
314.5677277977848,2734.1512613926043,1514.6546749627873,1373.9031309648583,1225.7988943700227,1126.0123519834312,1039.8808101339523,948.4973450009687
315.5726929499033,2843.670544886383,1557.3489841875912,1379.4872375230668,1254.5605345086985,1135.986036732349,1042.8203599080744,914.7175542746967
316.5775487978863,2822.712152903144,1549.0363867344186,1426.772018529574,1253.475566204447,1122.7058506462222,1025.9575245015194,965.3569246086836
317.5822953595562,2743.262014416901,1526.0389851959394,1439.018681450413,1218.2842524373702,1141.8761808559323,1032.5701895658199,940.2437697382492
318.58693265275366,2811.8724864954147,1532.2116142120824,1427.5985453796714,1255.3568259889337,1110.5892458875164,1072.5481299484577,929.8939451769879
319.5914606952938,2784.521302428366,1599.6866923180962,1499.4396595994956,1233.8916686746916,1150.7079606741506,1016.3342785194304,963.011388775494
320.5958795049992,2752.2264573478583,1555.5144931482912,1407.7722753458754,1193.5460595323727,1151.3339973031111,1026.8084137267892,948.7160986026552
321.6001890996849,2877.603928809206,1545.3210048632864,1438.2720189296842,1258.0905574572846,1160.5805900722212,1029.1541122923534,962.3809824525816
322.6043894971663,2891.420906737708,1584.3110130576083,1449.9750859746616,1267.662042076377,1178.1047573544126,1058.6950443917935,989.3947645474162
323.60848071524737,2807.59458045468,1591.288944956909,1519.0541997919759,1243.9248027667159,1097.3307611084692,1038.9055995780086,998.5391243387813
324.6124627717327,2806.0802640695624,1572.8011129556876,1432.1269044667122,1276.6448845578445,1145.4899834102284,1060.8739181537019,1001.6426724741333
325.6163356844263,2904.0814330228477,1602.3983904128993,1448.3216221039668,1299.557845805687,1133.7924950733182,1075.3495829561368,931.8987986685098
326.6200994711253,2928.2775501487827,1649.943188154898,1417.4222369284355,1248.605655901004,1140.3082265626515,1087.2212513967925,956.6272924887793
327.623754149623,2833.5903456461742,1578.0821233007155,1454.7450435237056,1256.5623854204762,1127.9544902683804,1030.9714873668001,960.3425613406491
328.6272997376982,2883.7378944767843,1590.5152304588448,1418.510245589464,1211.4672082466902,1142.4528624657657,1085.1178675093054,998.0536159087545
329.6307362531479,2886.6395064257704,1604.0434130470635,1503.990273812542,1242.1490796456026,1161.2550521793937,1093.1337658920597,949.440427629715
330.6340637137473,2891.247454505953,1569.654970737624,1512.6533779872327,1218.1451487768784,1153.754460669955,1046.0847854747715,938.4151102795882
331.6372821372752,2869.115558110535,1613.4828138603998,1447.1877815121004,1235.6352403601497,1166.1702268475688,1061.9727065786976,921.9901793487999
332.6403915415103,2887.9176543543626,1607.9017507868175,1478.6390610176813,1243.2338373730752,1209.6045197095602,1033.0506019761056,961.588301941136
333.64339194421336,2858.325600043668,1652.8807337269093,1482.3287089729224,1265.4539120635318,1145.4358205699855,1028.5760999052168,950.6696194620376
334.6462833631558,2800.348059202013,1582.0760843638477,1471.991267360399,1243.4342187246675,1176.3349016939942,1054.7173895758986,968.7463896303481
335.6490658160947,2853.464068386913,1634.5898755053106,1478.5656016742464,1286.9384734119326,1182.2241956729633,1031.4356357288475,996.8799240749876
336.6517393207978,2879.986434912231,1611.4460256703935,1512.5714000744294,1262.2292629272013,1133.9026211962691,1085.5171661173931,997.1611177124889
337.6543038950113,2975.177205260871,1648.9829406745655,1495.02123661931,1289.0310946419334,1203.024901342101,1115.956903186715,987.478515664743
338.6567595564811,2912.2695501314015,1617.3402583306874,1516.917170395122,1211.41956604377,1157.5082240994136,1077.169753750961,1042.285944257554
339.65910632296436,2909.90143853248,1636.620940128388,1557.1733216755536,1285.9921173565456,1181.1212609988042,1094.258531490372,987.2690719738885
340.6613442121998,3015.231374441693,1673.4694115666841,1538.013315155614,1304.4315426042413,1212.7053670817845,1104.980440014713,1031.386182909486
341.6634732419261,2994.3325526692347,1655.7148016891717,1533.3451344692137,1325.8487422266762,1217.3121678228872,1085.365744037889,980.0214218224468
342.66549342987486,2968.698427135366,1626.4507696890782,1500.8478961136127,1353.9563998982378,1273.059633866582,1093.1707725593476,984.5987970958098
343.66740479378126,3030.595042879377,1641.838156563424,1509.9806880311282,1315.3845852778209,1220.7449506054475,1077.190448574319,1007.0082475813228
344.6692073513732,3005.5276445180652,1709.6738162393394,1579.5551602311052,1304.3861991645115,1230.7945002746087,1095.3431124627582,1029.217238097918
345.6709011203675,2976.6838264179155,1677.8446746904988,1578.8348049276713,1314.8084855601307,1242.41417218516,1111.4656347569041,1010.3265204830478
346.67248611849215,2975.616019415781,1600.1255374532805,1519.214332631957,1329.7117739714886,1253.0590536144452,1110.399824061059,989.0330168290736
347.6739623634603,3072.5207407676526,1694.2727029413647,1527.276391609652,1289.4651887638584,1146.7784670563822,1096.0454104492796,1024.1735802558842
348.6753298729818,3061.9861380887096,1751.6719870504025,1532.5806871595064,1356.8842824160822,1242.5757781251798,1112.3910926827632,1015.0171816201427
349.676588664759,3031.2039019266936,1687.2891709225964,1561.561299075515,1344.9712677423076,1218.1868591570155,1148.4554344351047,1044.9148340904496
350.67773875650886,3066.147270134577,1684.8473961105144,1568.5051402585643,1323.1287460980875,1169.7684997477897,1131.6928523780605,1030.1577927254496
351.6787801659266,2982.5335767400165,1706.2525068059094,1558.3842809548748,1304.5962621183476,1190.2867825597464,1104.2924951853859,1009.908521237917
352.67971291069983,3099.630301610344,1707.7446838355902,1504.5420180031185,1333.9781223302668,1216.057404334221,1087.6080508028142,990.7446038774909
353.6805370085348,3010.228361556769,1753.6844723555002,1530.3925155150403,1317.6331981481867,1193.3480523596288,1085.9151297288413,1001.6540139399884
354.6812524771158,3090.339017180323,1689.8325969113573,1604.9216537663076,1322.9334598648466,1255.8433319477704,1117.4699431188008,1012.6416182483691
355.68185933412315,3068.6343324218333,1650.9794354679586,1595.7731830516798,1321.8251757784476,1197.8715146928405,1087.4590098602832,1022.8781108072778
356.6823575972376,3043.9563209394155,1711.6376428763344,1592.5126787201061,1362.6223970151038,1209.0138906031252,1147.3614968731472,1019.8768861094643
357.6827472841433,3120.7507352242546,1725.4200761650284,1560.896013380433,1321.3989599598194,1247.4672608604128,1124.594859540272,1001.7224582201311
358.6830284125098,3033.4467323903946,1704.1016818541784,1552.1170480418937,1357.4517978850633,1222.123014353577,1116.9829594560374,1048.2775770477444
359.6832010000035,3091.955540125839,1687.6576735188205,1537.6436580949253,1359.50201477905,1252.2003231911249,1125.1051156792137,1042.8057599952713
360.68326506429736,3084.8521145545255,1742.0218411119222,1575.866188600347,1357.460330896453,1251.9149164079681,1125.4694198425555,1057.5441530925407
361.68322062305015,3182.8390726151215,1767.6628434832585,1574.1612896108309,1322.0862924040466,1209.123223116359,1156.8255058535408,1032.3569387680332
362.6830676939208,3155.794260545347,1783.2976245338025,1655.8439845051018,1338.789888235359,1270.3230568149827,1146.0294243902995,1054.3892038737959
363.6828062945569,3186.552107806814,1740.5094846271543,1661.6344324537183,1365.064236281599,1266.2075042242259,1128.439079761291,1027.479012979293
364.6824364426175,3194.747988457632,1804.2659579783733,1615.2276154660874,1395.7330955490443,1310.6658414185156,1106.9245167108297,1033.4096057338297
365.68195815574654,3175.275120012369,1744.576445248175,1631.9558498585739,1396.2868261729268,1252.3827320639919,1148.1044029995462,1038.6121574818783
366.6813714515847,3149.5552507916523,1818.7425101812169,1597.8129364056056,1394.6833756830056,1308.8244891920099,1148.6243717149077,1081.6125578682768
367.68067634776884,3275.4945331263953,1780.5891626319826,1646.5774928656317,1358.8160004216063,1267.397186937584,1139.618618090598,1030.5393520017076
368.6798728619433,3212.3759310386863,1742.410937119339,1640.8911560029924,1356.0142191969173,1286.607838229619,1164.3697344364668,1031.7724693049117
369.67896101173034,3147.5312621474,1748.050419969465,1593.0149958174115,1392.1972987613956,1277.74161650149,1162.245428039222,1044.668227172228
370.6779408147595,3269.165885170443,1736.1260052816592,1624.6890031430044,1415.3540738918866,1265.3827812940708,1161.2360503233654,1093.5406751924068
371.67681228866064,3164.6631512868958,1757.3407616930178,1675.5317338946982,1393.860144513142,1250.9532351945584,1181.570895163072,1060.4106894364468
372.675575451045,3192.4806150650206,1783.2713854355407,1604.0116819606142,1387.4493812307896,1266.215940152371,1097.3180692482497,1074.5220375924787
373.6742303195351,3207.3590024220284,1769.2909485681892,1715.298501780897,1362.2709650947559,1302.0486206012376,1184.7188804673144,1050.776079783455
374.6727769117351,3296.6633863666125,1740.1923824089258,1731.9352418043757,1390.2960492911168,1285.0175065831036,1170.4496806949714,1062.0747102602518
375.67121524526016,3251.555771462351,1847.4984725108661,1671.9913101419306,1440.404936128483,1364.5941500164577,1155.854862228552,1060.3125016490133
376.6695453377179,3280.4290407526687,1852.1582171531618,1633.9501746587928,1414.6980745448334,1331.1734649776106,1220.5033573010408,1087.9080396130748
377.6677672066944,3338.9668962873166,1848.3191042144974,1706.3025538053016,1405.4378618273015,1300.240417079749,1229.7581290988887,1090.8975020321195
378.6658808698048,3376.276909592488,1865.0612622858068,1637.5890812277976,1449.082042295466,1346.9301832092303,1251.0969958190506,1094.183315366998
379.6638863446315,3434.681285705416,1901.961336770411,1707.346930076536,1410.6914560891157,1347.5732701343454,1259.207809797667,1108.7761332721311
380.6617836487676,3384.639324550291,1872.554325997328,1667.1706394301898,1470.1699604780365,1318.227947456429,1183.0519496647921,1118.0836406486565
381.6595727997919,3338.450583810233,1826.6600321160302,1657.7565359957123,1441.935402064195,1342.8870555738852,1165.6426460649097,1087.4465830462439
382.6572538152977,3339.371486751244,1852.7721838394905,1722.3687362156525,1410.443689499432,1335.3313036681013,1227.8788628260588,1075.5676360014158
383.6548267128528,3439.6378673228837,1882.0660028747852,1725.0527100876786,1428.8209643626708,1357.641604965849,1215.2828861722057,1111.6541129327152
384.65229151003217,3348.5709851840447,1940.8514343278182,1704.1366884249112,1472.6589944225107,1372.1075979327802,1202.42711635636,1115.4920548079474
385.64964822441465,3332.625504358544,1896.9045607150383,1711.1790316681313,1438.8511491892398,1363.7262160916146,1220.780162836411,1100.788950249926
386.6468968735571,3423.8555966101676,1880.0496222189004,1709.3252932909381,1394.9426875821298,1310.621525123807,1197.1523065070517,1118.0361540770205
387.6440374750309,3371.9295978263244,1907.0410654373147,1697.32853223917,1415.3013324209758,1323.3583991469122,1209.721065886834,1080.587732636745
388.64107004638214,3264.001676238207,1848.4384099878218,1682.26359177582,1434.0271349406075,1326.3212342476434,1197.0741534160866,1121.1671376896165
389.6379946051784,3364.7866644599144,1887.4880280930042,1685.991484788958,1405.3355851868937,1325.1481853005896,1222.3438264719946,1112.343162525398
390.6348111689622,3283.020211131485,1896.557216200445,1792.05515464221,1463.0288618152915,1354.3881047497996,1225.0538701480234,1105.0317004375752
391.63151975529036,3359.1455545806225,1910.6305992124205,1725.1626614363777,1470.2737637106425,1336.6125124642206,1226.7823370214242,1100.374021889149
392.6281203816943,3352.429034855024,1896.8516123602662,1761.9597391549332,1507.8610942797707,1365.6495070245358,1202.5244510552957,1148.1494323988823
393.62461306572374,3412.210984068136,1864.9101673489354,1746.8514284635405,1546.256049118445,1339.3920641688153,1287.1536841310299,1128.3490088161625
394.6209978249099,3407.5622732353145,1957.024731855035,1776.360228860947,1500.6641086849975,1326.2654266039992,1297.0249290095803,1111.1389085879175
395.6172746767843,3379.8188758884226,1934.8993934759137,1758.7151275829021,1462.642160046717,1374.0287718756758,1225.9922881075831,1148.8465148763237
396.61344363888196,3351.66798621938,1964.6268252036941,1809.002478071663,1483.1313619294235,1388.0856197212702,1256.4838228176736,1121.7486497973246
397.60950472871986,3433.971887041041,1950.4380570350684,1755.8083570761548,1494.9217379822924,1371.725278965746,1216.4356247432088,1085.9923151962773
398.6054579638258,3463.7297936050354,1915.9954863098235,1775.9525027408868,1492.7544693014813,1391.0936367847717,1226.1541228035794,1136.9415554929976
399.60130336170545,3374.6200013275356,1955.4065271492277,1731.0493571921058,1518.012961865848,1360.5512783638312,1292.6266305786473,1130.019140426238
400.59704093988336,3314.5563187879934,1934.092582907084,1763.9831606364717,1494.9009835902302,1380.463735880909,1277.3671163229621,1140.248612310893
401.5926707158687,3487.6573729705437,1965.602119319486,1796.8279059328916,1482.949033476115,1405.765704183465,1269.923044628401,1119.6728302720423
402.5881927071569,3420.7127017197704,1963.6473334294026,1752.9996602985666,1492.0020555413357,1411.8531847891152,1301.9053749110692,1144.6902822817135
403.5836069312572,3382.428735421939,1926.4913741170315,1771.012914741472,1494.0347321452766,1396.2171583659513,1232.501429619501,1115.1203410843107
404.57891340567215,3418.454308426971,2022.6373549253692,1762.1540424131745,1524.5019365753553,1419.68594229754,1299.3032161962865,1159.2026297853452
405.5741121478859,3481.478320850367,2030.2602600393334,1823.828103451704,1546.176852841343,1387.2240922688684,1312.9085158973219,1131.248218100208
406.5692031753933,3454.0314343168243,2028.9198140409771,1840.4239456614682,1516.2524797120932,1411.6476296773108,1298.757246966506,1178.6170231641818
407.5641865056859,3458.9591237359245,1986.424914436651,1826.4790122352586,1524.1296616223033,1444.6726650448372,1274.4076723788385,1163.9934044075546
408.5590621562405,3383.36655563644,2017.4046913345642,1809.5634084241349,1536.577842810437,1436.2763281720706,1217.0606466944039,1149.8482915243646
409.553830144534,3472.124724824563,1981.1108546298315,1874.3878326492495,1548.0018916406736,1444.3873071935068,1294.1461597451148,1188.4592836090044
410.54849048805056,3532.740354786222,2003.9399174799762,1833.7251146924639,1507.9151854304773,1459.8791061162099,1301.1511918603703,1154.9544287299916
411.5430432042558,3417.508068468607,2027.9373772233464,1870.1740882173056,1537.930870310544,1470.0195207384072,1281.957321923259,1149.268992759238
412.53748831061597,3547.2483914806985,2036.5773399404836,1902.4817126192995,1551.528312989638,1395.432621811072,1308.479988469992,1218.3844888635713
413.53182582459704,3482.807534274089,2092.004283378684,1856.8646890271484,1583.7653395336608,1467.7771988221411,1329.6458676111495,1202.0589128284776
414.5260557636648,3490.4456604844086,2070.7648504420695,1880.2036678860509,1558.3670040136637,1492.7292633554796,1342.3976637835092,1238.6476866141213
415.52017814526704,3540.7681180375366,2088.6316696280946,1898.9476633046552,1637.6052545923608,1402.6078467583218,1321.465244053295,1178.1484392755851
416.5141929868587,3486.626740694719,2120.7963193623764,1843.035698510386,1586.1593348653125,1454.5885144617382,1351.2114412875012,1208.1542794201227
417.50810030589486,3562.0759243130574,2074.812001945699,1916.100445565861,1598.6773328061847,1457.833964892951,1322.2459465287182,1221.343235187894
418.5019001198161,3498.5561991990394,2060.736204419357,1904.2245939571271,1544.247889893999,1460.7750309808098,1314.6975278827288,1154.0122744748398
419.49559244605916,3535.7126310479134,2106.5360132917813,1888.3332156459462,1565.682633344996,1469.5079405437511,1282.3292373499305,1197.5300458477577
420.4891773020681,3538.9082748070127,2029.0711954935828,1874.0293451712525,1598.2837724503297,1433.8769781487986,1312.1327064191835,1187.2667866965014
421.4826547052726,3472.743028779712,2077.5569691520705,1873.8954976940101,1605.1463394813118,1472.8713631734993,1321.6999616788564,1202.0226021622643
422.47602467310935,3543.615268323981,2075.109030304636,1903.1503257089794,1586.6619123427413,1436.8573966827219,1389.384134677786,1212.1506231926926
423.4692872229934,3609.2893737568156,2105.243012863414,1947.0333676081477,1583.1511835210345,1527.250442197507,1365.876604037135,1230.8710400859743
424.4624423723617,3619.3759081970043,2115.7147643585763,1888.0477601858568,1670.9699189979149,1510.0146416292944,1374.4733554241402,1227.283989935731
425.4554901386218,3520.4347149118057,2101.328454795073,1907.9095274902738,1578.8871131076537,1490.5871680337236,1389.6729450920893,1226.7385226342421
426.4484305391925,3467.579948383825,2146.1963272763965,1945.253435850028,1588.6061049938032,1482.3483456531583,1421.3290383090252,1245.6355154388498
427.4412635914814,3497.5816895931544,2112.2976969907436,1973.7692977305026,1619.6365477419163,1504.0226205397603,1373.8267565733684,1209.2591845198488
428.4339893129036,3453.8160689384817,2108.4704960286695,1887.018713161753,1561.5989571178807,1483.6229772351635,1311.0361417614163,1266.3299132953252
429.42660772085577,3480.1284748446838,2061.761138714177,1914.6404946451253,1629.723754370553,1482.6031103015011,1328.2300401163693,1203.9027352692833
430.41911883274213,3587.344608023022,2135.571601821353,1922.5340454352813,1603.4973146522373,1471.5179504520856,1364.4795684629862,1201.323976499019
431.41152266595236,3545.039176016014,2086.597620269075,1910.382222630852,1649.168809661251,1489.5383906242728,1403.5038141303169,1223.1421718417828
432.40381923788664,3417.006062843271,2158.1636230753593,1945.7663389992915,1627.6884550414734,1497.1418316581344,1381.100388650722,1247.4455123296843
433.396008565931,3452.374232689394,2153.9563957044907,1928.8695154567063,1642.3005706967958,1507.873683882147,1401.5826570984711,1228.5992213524887
434.3880906674677,3445.1143297282956,2105.1731744404747,1999.4434426560451,1661.3176667513842,1502.1996545609554,1369.252368059742,1260.3821491926064
435.3800655598825,3454.576775915613,2160.0217766804285,1961.0998097826648,1667.4035026351812,1582.0024487837854,1407.0344360150718,1251.8544723094865
436.37193326055063,3484.5221361332547,2153.5778370385938,1952.328270378918,1638.0054935857129,1566.427039464488,1366.2148417051196,1243.8053114688219
437.36369378684316,3517.445359943028,2176.9171670445976,1952.6223794916154,1682.210906647366,1472.589609868878,1390.8373041252678,1253.5353547353582
438.3553471561318,3500.527192187482,2222.855678193126,2014.7896951449457,1662.436748977926,1504.5575357102111,1382.2272843703258,1261.9881484379603
439.34689338578386,3546.8699243444944,2184.3848217108293,1999.6410789808408,1684.7369720547242,1514.6887543146213,1384.528390118493,1311.0507651690657
440.33833249316007,3522.257642084336,2133.301796934537,1953.7768917791207,1700.7622593671013,1531.735886676914,1401.5540841080742,1324.9147971119023
441.32966449561724,3443.66622325852,2194.760476638271,1960.9183427202902,1648.4297512065755,1547.7622854840365,1433.4627671115704,1274.0726130508838
442.3208894105155,3522.2746404220497,2215.6749891339177,2022.1434154843548,1679.0171659867508,1568.1288048686226,1404.9346130343965,1287.7695522303366
443.3120072552047,3577.0007306912416,2168.0685651525955,2011.8676598822353,1684.8870981829486,1537.0169078603412,1428.7176135395584,1323.5423373241829
444.3030180470305,3371.826963738604,2107.005293146349,2025.5701570609467,1675.0898245414953,1549.329234637457,1419.445346703778,1243.174355936642
445.2939218033316,3435.4486843431177,2168.172900783315,2057.117610987329,1738.4823402642664,1583.8352544735944,1443.7187673478177,1308.7917797452178
446.28471854145386,3439.959815309631,2243.905826127338,2018.4715663861728,1747.1155129940296,1628.1363203528592,1441.318114363653,1321.2952445940512
447.27540827873594,3430.6099361506213,2229.8444322629,2036.3068380487612,1684.6094894230682,1560.7870501140223,1378.6952276007198,1265.2780352924342
448.2659910325019,3376.994206298023,2240.8873119095724,2067.5474732436874,1718.7793641207625,1586.1639453824048,1436.8410723148052,1268.7223131268083
449.25646682009034,3485.8551429407426,2345.317040280675,2063.078617831092,1771.3620394037248,1617.6052868752208,1470.167304998573,1305.8792680503084
450.24683565881793,3450.2430888351273,2262.281988714707,2117.0750517646466,1745.6399159431157,1631.9997044169816,1482.5838707437313,1311.0713292737325
451.2370975660087,3454.6920676641616,2229.780018195128,2047.4577798652629,1679.669816337777,1623.087052718164,1478.4866568013747,1308.738365942535
452.227252558976,3467.328166368246,2253.6062259210103,2086.05185968153,1735.234905367618,1554.06674687118,1445.1564088155178,1276.5548277870407
453.2173006550438,3356.991542202954,2225.5032301488113,2071.44594387097,1696.7120042762217,1664.443248366674,1441.6847398297957,1364.6560966908753
454.20724187151427,3384.814636419571,2232.6698199750067,2037.5317789916032,1756.242368850633,1649.3316336310022,1450.0417194351858,1375.3080016117544
455.1970762256933,3327.5657088212283,2236.6283016448183,2062.036993109957,1719.0528840355555,1620.909840776314,1469.0463948909614,1332.6792189939101
456.18680373488314,3346.64217251672,2248.0389298957634,2034.3351829836604,1800.9208963078197,1588.254546225387,1487.6270537473579,1250.0631797528356
457.17642441638964,3323.731792928632,2286.6779426047337,2075.139595026227,1795.496218471226,1616.9784910025353,1431.237502884822,1378.6108895848035
458.1659382875005,3363.2686107990003,2256.9846175048574,2042.1320772572553,1756.0063385621315,1627.9211703375997,1451.28759157635,1318.0376988266353
459.1553453655033,3233.0943390699426,2291.446548549411,2089.4428971176144,1724.8004083791907,1641.9271154840944,1450.2826256641843,1283.500123712803
460.14464566769686,3321.931550708355,2258.9134544816816,2078.2834264119147,1713.909059443592,1650.5847392582139,1477.2214364556216,1340.191759988902
461.13383921136113,3244.123209385165,2255.792492950424,2074.874213268332,1775.06677836658,1637.5688858081903,1453.549149902977,1351.2010945399652
462.12292601377334,3323.507619534358,2286.655942273717,2150.2008860440014,1751.173221614682,1571.3006474936935,1468.9593553214067,1331.4705486657087
463.1119060922065,3315.7332304943507,2291.6805791256675,2062.616170266883,1759.960933222697,1638.6915402974582,1461.4516583298014,1340.1822654045625
464.1007794639409,3199.9215121307852,2306.7295919713597,2077.2857959671037,1720.8284700319202,1653.2244944235235,1474.9958314559317,1312.1317083993392
465.08954614624236,3175.019499841309,2289.4907118018327,2124.8600710693204,1818.0949020025273,1590.0661263295444,1495.9914744823946,1333.405934876994
466.0782061563696,3179.035075269643,2240.792328983276,2041.339424132812,1720.7901127659945,1620.0460434792803,1476.562066010324,1334.0957054028497
467.0667595115956,3060.1650949114915,2236.897648795329,2027.2834281974872,1747.7978007336976,1607.0423579167893,1456.1606242497435,1356.922973918398
468.0552062291753,3119.5955946903346,2281.059573271474,2057.5841870109853,1783.776506547684,1630.7663321711332,1443.5301977366698,1317.699462229638
469.04354632635665,3148.5166325233126,2265.1126078602706,2085.1973717160813,1814.3137577461785,1606.097248500656,1427.1927721100858,1314.9984394583723
470.03177982039045,3026.64300704077,2247.527167949248,2073.94177374751,1731.817072384782,1648.052027508362,1485.56802479627,1307.9457609619333
471.0199067285284,3030.7081496671417,2212.850051451881,2073.8544633315537,1769.6757125175034,1620.6079803304854,1444.3454591634033,1258.010793929631
472.0079270680108,3106.9442760799116,2346.863366434631,2108.6441171965353,1796.7384052703842,1626.1491971295443,1476.7574645565012,1309.1964672110607
472.9958408560742,3084.9603781892874,2245.44657035417,2082.6011208825385,1756.9102219392762,1645.6493558406462,1469.654894920995,1320.9699193164622
473.9836481099592,3087.8493660795234,2336.4489941956535,2063.304804956788,1785.0835861781657,1699.789489910267,1446.9534188304244,1344.3974221273556
474.9713488468951,3121.9568958365853,2285.845433007588,2146.6628444200146,1777.8797812281239,1650.888368283258,1495.4508788387418,1301.4079998589866
475.95894308411147,3171.311692025344,2258.65254249952,2142.1428638366488,1793.6358425731482,1678.14817863539,1530.9780582191318,1362.3456285755024
476.94643083882335,3127.98833773686,2336.027879799563,2136.760409737921,1815.8886887155834,1687.1312465219066,1527.7172704725926,1357.0625653428783
477.93381212826347,3091.4297269085414,2274.1317158289535,2144.385656570069,1866.504332803009,1668.309565116209,1477.2661550263554,1341.3903606843737
478.9210869696472,3064.949377560799,2313.2463189044565,2143.934639478469,1857.3287243055622,1690.056944631695,1552.3637113635725,1367.7527837966825
479.90825538017447,3240.9470483106643,2376.0129149129284,2217.5438952005775,1830.0615824845706,1688.9730359019613,1546.862108547014,1402.7064196473916
480.89531737707154,3130.8013626045586,2372.3767426069803,2201.6800963272017,1830.6448711801386,1665.0589029326889,1550.5797150085261,1370.683848270556
481.88227297753474,3259.3169910239135,2361.467404817326,2251.7985626665213,1875.6446835137615,1752.6515895128591,1545.61321461134,1372.3979405600692
482.8691221987683,3359.5730805143958,2383.84870677894,2238.003589862693,1871.33664099579,1746.0330898423947,1576.565172298868,1412.2326461960545
483.85586505796533,3289.3975528095484,2381.6620723834276,2245.4509252646144,1862.2300113557146,1709.754846670476,1558.2961830831389,1393.6230052230812
484.8425015723333,3292.174275625669,2360.7889788699567,2203.201011089164,1856.7095178275483,1764.7832032887522,1576.889857088576,1445.5665506045818
485.8290317590509,3267.5168247533807,2381.909191096224,2195.251912066537,1912.2226683204353,1748.8975491694591,1575.428012679913,1394.857384053368
486.8154556353038,3331.622874247313,2413.006518787476,2250.660488898306,1886.6423721902916,1756.5638761921368,1603.2930902098149,1417.7547703364778
487.8017732182889,3326.30298002105,2394.85784862107,2241.2898474312024,1904.0424722691407,1744.452196522808,1584.861920776475,1398.171409526048
488.7879845251773,3223.9944012580277,2352.590171704516,2321.3967177597597,1869.59475578571,1742.8084591070235,1606.9659983798595,1416.7865533618299
489.774089573144,3223.7002833268803,2447.380623260407,2274.302837248195,1892.721987385013,1745.96012205302,1551.6271693375534,1418.0232643456702
490.7600883793566,3200.0975871627506,2504.598990957781,2310.623226409285,1949.8082032335856,1753.8223271353643,1643.2661919004702,1449.2904273519744
491.7459809609973,3207.691952462271,2452.2279787715343,2313.860914071493,1891.6898699501992,1760.392655271328,1589.7062761887953,1488.7084187435098
492.7317673352227,3150.1707325145835,2416.1405650344223,2270.7480696875955,1911.3055117468289,1763.8936761868517,1565.998335298115,1451.9056132551189
493.71744751919687,3040.628681592422,2388.9931172178726,2314.1157387027847,1916.4561473996828,1763.6658209702466,1595.6976475445088,1418.62276592099
494.7030215300692,2902.594575474638,2398.2323474067016,2314.84177981778,1878.7995348347433,1745.1736855657482,1598.486663059934,1453.8090518213228
495.68848938500383,2855.710986466846,2352.3518168016926,2249.0729433445,1934.2227854264556,1726.662331002777,1577.2589121181,1455.9313034936308
496.67385110114634,2728.676214661744,2307.885095885981,2233.2767414931154,1826.412515537354,1697.0913679230532,1565.7806641916095,1382.7415014144456
497.6591066956389,2672.862859687043,2271.8339198307963,2206.1567237253066,1885.7316154530702,1750.3967871144857,1579.2380336274523,1417.0352614275314
498.6442561856347,2626.3426588720495,2364.703219749569,2184.6395753344777,1808.595058268707,1730.9985706202147,1533.0280444400867,1423.597100320418
499.6292995882687,2491.199918360943,2290.7470826561594,2223.9294707545646,1842.969355136518,1720.3041870186655,1562.7342962656514,1419.126294566702
500.61423692067183,2424.5125918736326,2338.1380753445806,2236.698236165112,1858.056460217987,1754.6079113517965,1534.654200655721,1431.2056517895305
501.59906819997565,2342.240100124816,2267.978845879213,2148.558720808582,1836.4607468844956,1689.9452993188474,1553.4651563809832,1388.8861604853234
502.58379344331485,2327.7758154933063,2277.823544774566,2163.932367535838,1860.2225615658956,1678.3962961496802,1551.5175285240794,1362.6979452072403
503.5684126678098,2186.475736497645,2204.438567742263,2101.6512556202833,1858.1550987487974,1654.576344643129,1529.8344609999497,1403.0967072184797
504.55292589057717,2162.174243235296,2243.9916349959303,2088.339036036675,1789.007114961184,1691.2253540765237,1595.4391393323667,1305.0871758891403
505.537333128741,2104.9386408461146,2203.3281240584683,2127.796803612621,1798.8380264076804,1732.2512044356833,1525.5339063733643,1380.4342644642365
506.5216343994107,2043.1286878208107,2156.4150061143773,2080.890793918666,1766.8690695259736,1665.5076268422563,1521.415379889913,1427.0101146452744
507.5058297196993,1919.6909055985502,2149.9342073603702,2076.1766128565837,1689.4476038367304,1639.611391334172,1528.9749995784923,1371.4925680704077
508.48991910670514,1898.4706307236584,2127.2020320156653,2099.356470119247,1766.2042117156716,1635.926761414572,1490.7320458118197,1394.2670635277993
509.473902577538,1890.8107693725883,2098.1452136532134,2096.161151985456,1748.9503601279503,1627.9225983947626,1520.7832683358752,1353.1300574103939
510.4577801492924,1784.7078627025066,2061.8671536380043,2049.9888983121973,1770.8498981557318,1637.2195257404028,1469.9340965686204,1366.9892170782928
511.4415518390633,1764.3257609766665,2087.7195523664477,2084.7526368491103,1718.8330563774923,1646.6381121222812,1545.762984532808,1321.266377054275
512.425217663942,1681.6046880154402,2073.157216544548,2027.7884097124602,1714.1518755254162,1621.4417050424536,1490.2666765931554,1359.0916481438571
513.4087776410233,1632.9732753730348,2040.9708125673812,2039.9876859717322,1742.100327490077,1580.8675658036364,1466.8248807083492,1318.3727647653461
514.3922317873803,1599.551379432253,2006.0509645298557,2003.1124133122828,1707.298257409931,1609.3465501574965,1494.7430526721485,1338.9998381407777
515.3755801200931,1516.6260052109367,2006.2069514807042,2041.3864206737414,1756.0418372191066,1674.9336165796042,1465.8112163765497,1311.4124349182198
516.3588226562462,1510.6525924431842,1976.8191122545736,1963.1656995404326,1708.6270767982303,1601.350262615693,1428.7321161583377,1287.3217701904475
517.3419594129082,1483.5913123945709,2019.0887683476408,2018.1133631455405,1698.180456856639,1626.9758771033164,1442.624293906358,1289.4856771766092
518.3249904071527,1470.0494713741784,1950.961474949142,1965.5936860112606,1691.483598780906,1629.0528315825336,1487.6081246487208,1298.364861578654
519.3079156560307,1400.083108280812,1916.7225318368307,1921.5873098364166,1721.158456253479,1563.539649066897,1388.4076410818059,1306.6793706887634
520.2907351766227,1329.5302281168024,1950.1716183390881,1928.837070550197,1667.9737362223925,1565.1800059668265,1447.8399931279257,1269.4055934390185
521.2734489859758,1347.825906800004,1923.5107937508399,1906.8951009186426,1654.7275273476484,1569.6942757946388,1467.06793771342,1281.363135471215
522.2560571011418,1302.5255835856624,1905.7283199600465,1921.4213992803557,1694.8525665933919,1637.965154057271,1441.8016625534062,1266.2353376574474
523.2385595391825,1293.2454764827448,1950.210238717315,1965.9695133736166,1719.730846868905,1623.2052895990582,1469.5523617001181,1262.7118818361605
524.2209563171382,1244.5558217034331,1873.7589239318777,1957.850533506434,1674.9070001143975,1562.1253119791104,1433.51461498273,1266.3207088874358
525.2032474520529,1264.3321269363792,1931.2325894962275,1933.2174123014652,1739.697188790795,1651.3725739577199,1474.7233442915694,1327.846456703984
526.1854329609632,1211.4900727695044,1832.0093783343725,1940.3540189885557,1638.9589277141913,1527.6594332239847,1461.6676975528005,1319.8347134236876
527.1675128609095,1237.9850349675155,1910.3981260108376,1913.3387080416392,1645.7457432386846,1560.4688643454351,1457.5484932673758,1326.2024958915665
528.1494871689247,1162.624893031395,1858.0450059650852,1902.120928615812,1645.5011122938024,1541.6778278276458,1417.2857794578167,1318.3598197306299
529.1313559020346,1174.3838138284425,1861.804147817947,1896.0284887704827,1632.989982592422,1558.674270809773,1430.577451815996,1294.6579263187825
530.1131190772649,1163.4813529859373,1852.5524491519977,1895.6806543174412,1658.4755259075027,1577.12004798178,1405.5874138010395,1267.3811199754143
531.0947767116413,1117.6695531162115,1885.7596424824187,1906.438991042278,1636.6227288803027,1541.1038331514283,1439.676552119737,1216.1426414964944
532.0763288221751,1093.5272448929882,1807.4260053100518,1900.1145184028749,1649.6583234499271,1574.718674566368,1436.6719529387592,1303.555471369279
533.0577754258811,1096.5925293136065,1870.4256013044862,1850.6849617128821,1600.9658708790905,1520.029248553514,1408.4946348609508,1243.6602942710567
534.0391165397741,1037.06574154416,1899.8014252929308,1899.8014252929308,1644.249408751963,1592.7428007669616,1451.0996288082083,1260.9213839405113
535.0203521808617,1075.6514796633262,1834.3522470869984,1883.8757958744443,1667.95312316118,1607.5343936404959,1450.0495084964177,1278.6980296918546
536.0014823661368,1054.6400658672678,1830.1693392554857,1928.854940882007,1680.6457004274232,1532.1188858582143,1384.5888955478592,1255.9985661557255
536.9825071126106,1003.7555856045839,1893.1973482731812,1873.1422916177448,1620.4485777592483,1534.2118341408725,1438.9503150275502,1236.3942428076443
537.9634264372761,1077.6007268796316,1830.513921313255,1894.8482930672628,1649.5735007551077,1497.7845923979955,1421.3875259401111,1248.4889018512151
538.9442403571229,1056.437792193658,1810.1713459364112,1896.946560959004,1716.3330320166308,1612.4045768151534,1449.9533021798343,1292.547098185364
539.9249488891363,1021.1155347057039,1865.4801113762958,1943.250532911745,1677.619093121834,1588.738611367035,1434.2077737706227,1268.5668759548607
540.9055520503098,1001.2235294190018,1799.7824773543991,1914.7265683451003,1642.490563367124,1539.6458503754438,1431.7597298841717,1282.534067896244
541.8860498576178,1012.1877535996288,1840.7083375530638,1887.129710101003,1649.9770459974009,1599.5190323583367,1474.3831585334574,1268.514462886075
542.8664423280388,1003.8496707404748,1810.1546271585269,1885.7457168227193,1652.9251606570067,1556.1685658868405,1426.1518916644295,1267.9145439673869
543.8467294785514,974.1269216218964,1818.7050052136644,1895.0283516500192,1639.9476938232544,1574.6711475290037,1422.0244546562942,1273.394780017077
544.8269113261193,978.2773815845283,1762.1020869114761,1868.3494254852055,1616.7637464096763,1539.5840759363068,1370.1897342480022,1289.0007302435486
545.8069878877177,943.8854480354844,1778.0167742063775,1835.887129371344,1632.3431215497383,1578.4638253616663,1407.846054099438,1267.1612251639167
546.7869591802955,943.6700327289249,1753.0982799800786,1848.559105208716,1584.0530686376999,1562.176629522804,1437.8786800063492,1274.7997702407604
547.7668252208277,956.8867566883248,1786.321375128881,1835.111646801855,1629.9933618093523,1551.3314952345577,1369.1147663334511,1259.585585026775
548.7465860262637,938.3194145742494,1765.1947417335298,1792.0607270924954,1599.0236471058524,1499.5199976282015,1374.145399286361,1296.5325526937934
549.7262416135491,921.7327021651515,1711.360391642138,1841.4638132289672,1625.291974284697,1519.207645913898,1380.0970643710575,1269.0087582469187
550.7057919996441,912.5910138185051,1723.6713531924408,1782.9696679669912,1561.8573077907015,1502.5589930161511,1421.1494422239716,1273.4061833789053
551.6852372014837,908.6633897362,1768.0740072411236,1781.1410692616664,1533.8720494883198,1524.8256219356365,1395.1601603471743,1282.5823952471142
552.6645772360172,902.1520558199163,1833.6341672662647,1787.1106307553723,1607.084772082788,1483.696262206073,1410.8768137542413,1265.2379168505777
553.6438121201718,867.57604551978,1724.9931209515062,1836.7417919200961,1601.053685877252,1564.481393560259,1448.6691345564475,1277.9984370771465
554.6229418708899,913.6519134945977,1740.1928906693113,1863.7688700998444,1574.0743609430208,1578.1260323997597,1415.0462562660232,1198.2818333304979
555.6019665051026,893.5993819802533,1724.6669787655,1808.3788847523635,1598.5948311949226,1502.7799990412839,1391.8365091791757,1279.8844421365027
556.5808860397301,878.4727410975117,1730.7224152965903,1799.3058210309541,1584.4783883630207,1481.603279761475,1419.0713510036728,1231.4755647302661
557.5597004916963,872.0077598274388,1693.0734855756114,1735.0257489350072,1600.1791881369495,1451.3485395524267,1358.4542421137648,1211.62132035588
558.538409877925,857.8026014795082,1703.5658682014093,1797.8739904693318,1545.047960559582,1528.995514216106,1391.546442400091,1241.0547579300019
559.5170142153329,861.0577950061399,1687.9546039793643,1739.1960830287378,1511.1212645148594,1482.9886877818699,1370.4583808499124,1251.8996646180285
560.495513520822,901.2413845289846,1676.7515491180995,1766.2721777152867,1558.0612774948627,1460.4938508215241,1364.9381236672232,1254.2946501201382
561.4739078113089,809.1034418194579,1606.145714319868,1737.81347938614,1554.8857447139148,1485.5340211293899,1362.9121330524035,1240.2902449754174
562.4521971036993,814.1543288598683,1682.719961876213,1704.887530236259,1528.55460009953,1465.0747452503076,1376.4044718101238,1247.429528624402
563.4303814148917,804.731469639084,1663.5793768379572,1730.7238456621396,1502.2322204096974,1488.2020328941965,1389.9907202856907,1242.6737513729317
564.4084607617806,805.822772472003,1657.9225081571296,1720.2958064009051,1596.55523085277,1433.579838667421,1350.080100695915,1276.6405721185665
565.3864351612682,811.392899864533,1640.9966129429831,1750.2614922264863,1542.8605639568739,1511.4974967551275,1383.0100924124895,1286.8974671168153
566.3643046302386,833.0375890798023,1651.97296988014,1746.659225470831,1546.2064077841553,1478.7172681610034,1322.5856764955022,1213.7972126253467
567.3420691855754,816.6126376399836,1587.8018281924528,1709.940430361103,1521.1807724640983,1492.9172942763114,1344.5340337904304,1244.6024501978984
568.3197288441697,829.2895432570373,1634.366253134307,1673.7121073764295,1545.5858640751596,1521.3730306953921,1410.3975443714576,1258.0584676904205
569.2972836228982,790.3147282699508,1628.0080180560851,1697.5637785798435,1532.242840523374,1478.815952005125,1404.219918979645,1269.1406159335054
570.2747335386339,829.335407197348,1644.5114293937656,1717.3311236842644,1488.7581943835319,1490.7809636693792,1386.6083454482489,1204.5591097220017
571.2520786082496,784.0518323871065,1639.7533100315204,1672.507433577718,1538.4202403104714,1496.4540195169056,1388.9795516309446,1248.7509601987858
572.2293188486146,844.8822723682049,1655.8459133639635,1785.353414967849,1559.2292058182077,1499.6146415878477,1423.554680328423,1213.8758682078467
573.2064542765984,840.6200327813139,1609.0395719495089,1760.6606085370586,1527.5561577289889,1465.6700203463154,1350.149230565325,1253.1942819991366
574.1834849090519,815.9253359308248,1659.6663083138367,1756.5059315177477,1524.7089610828543,1505.1349946905746,1399.0234926692676,1249.6432228334475
575.1604107628447,805.8298709459751,1658.6409510979258,1702.558168399164,1538.123936178249,1477.8654287184106,1381.860349036634,1235.8100682441443
576.1372318548238,813.5971077865826,1612.938446475528,1744.2951760180426,1564.0615238550574,1462.2346017290772,1405.2115253385282,1225.9961423968027
577.1139482018408,797.1655494436459,1552.9067800949097,1641.8175131127055,1510.472112063689,1458.944300882921,1365.992170909771,1250.812357682172
578.0905598207427,778.210613265637,1616.9823637503898,1674.5154441085497,1498.8881461731141,1426.2147815101753,1394.924860613632,1189.0169940686387
579.0670667283739,781.8434189938541,1616.1460093266508,1683.737633936442,1536.4484221001806,1455.7420046556535,1346.7883411055423,1246.9141495179404
580.0434689415706,816.0458420673839,1601.942207211096,1643.146492340114,1533.6033928507732,1480.3393169522863,1353.7115138728645,1249.1933272041356
581.0197664771767,801.2310496160935,1611.475948540368,1656.5451950812735,1522.3389942705778,1471.260514857552,1327.0389259266549,1206.854268484241
581.9959593520107,767.4818184197698,1568.0274749698951,1681.246072204143,1550.994588660318,1419.7411706276941,1343.5941494789963,1208.3329934911778
582.9720475829163,776.5871857845633,1587.069062604653,1643.8925152230356,1507.3168484034143,1457.47171452764,1335.8495878707506,1251.1128602819344
583.9480311867155,822.6753627003774,1557.0297274751413,1694.9692635612118,1463.746875733482,1483.594290997665,1371.456394755032,1185.883062034923
584.9239101802195,826.0772803169782,1601.3343660668081,1630.2321237618532,1491.7221817062923,1419.9760246703183,1376.131150926112,1206.7305023689512
585.8996845802576,831.3654700762332,1578.895766699401,1731.5955469174846,1499.0527443631481,1458.1331954158184,1333.3784730154234,1255.5315262375768
586.8753544036407,808.5429695467382,1557.9731321501586,1680.2063939651548,1493.85076529639,1457.781933941145,1403.6786869082778,1221.3307061678734
587.8509196671766,804.8651561416166,1629.801762561079,1663.9232280334168,1488.298038102266,1469.2301603383125,1361.8479013518374,1297.6192604627308
588.8263803876763,866.7224371853314,1581.9690780570227,1606.044701312171,1527.7989257329396,1503.7233024777913,1360.2727139158674,1248.9229563608073
589.8017365819433,855.4515767498657,1611.7348793800163,1708.8997540225655,1519.578503430382,1451.4629212067393,1371.3269421201007,1230.0872789799005
590.7769882667744,841.1595524158921,1557.040022557077,1623.6566774174373,1523.234555911521,1456.6179010511607,1329.3502619149501,1229.9224188397857
591.7521354589662,848.299814906235,1567.381867309311,1685.7492833427393,1470.7151442153447,1463.8103782800615,1359.2524941171998,1240.8850780837718
592.7271781753187,841.5395774505382,1598.630609205923,1656.566239392133,1514.18206351077,1447.408794821579,1366.8880884610842,1219.5941134113984
593.7021164326106,842.7977985391394,1549.5341638646432,1678.7435824560096,1459.4791145433878,1469.2677068609157,1345.931443660066,1237.278068935508
594.6769502476383,874.3870523007245,1628.5089181519695,1689.6272915935083,1522.044654737676,1470.7840834641274,1389.9501056866084,1255.8839962019424
595.6516796371689,874.2026635948544,1618.0157773653914,1680.2471534179065,1526.1504127164405,1452.0654412253514,1402.6754602312917,1241.6641221906575
596.6263046179993,914.9781164087311,1585.102934060196,1693.1556043619855,1522.6504732435656,1449.2936145065707,1388.8237714936427,1275.814556682597
597.6008252068897,906.1118075949096,1645.570892867848,1711.4336454022796,1551.7663665309299,1500.8724213906871,1400.0824516031478,1265.3631850554464
598.5752414206145,930.2006269099904,1675.566572014972,1734.8342145502738,1600.2263484531477,1490.7318902099632,1411.3735213915081,1293.8427726350624
599.5495532759487,910.1467314947449,1664.4119785898374,1709.667893415543,1596.0252628532157,1516.5759901591994,1459.2518313799724,1263.1428671352483
600.5237607896487,908.6000860697826,1612.487833102755,1791.9892929478399,1595.3444352523818,1517.6949273418677,1404.750188562938,1324.075375149417
601.4978639784787,903.7903853749979,1656.4452548009995,1757.2022654336636,1582.8926370391546,1533.5217018291492,1455.9388036419978,1289.6897360981018
602.4718628591909,949.6270437384461,1655.5534039300162,1786.4669942651149,1572.9771392571079,1497.4500679099356,1433.0003003603485,1317.1921242946844
603.4457574485458,863.3205804619857,1697.4613277848136,1786.0070283450173,1601.8722192255027,1590.8040066554772,1412.7064043923403,1302.0242786920858
604.4195477632858,923.2296821936421,1685.8976805275204,1758.150438264414,1593.5747123081562,1468.1358967927156,1428.9989863518983,1314.5987866018165
605.3932338201594,881.973846663079,1689.4430533112404,1748.8454014312424,1591.7815657241188,1539.426953821744,1439.7518273153003,1281.6811721485155
606.3668156359126,894.2448666583329,1713.632131356579,1807.7099284145258,1625.6238695926934,1592.2414254753573,1438.4798646924767,1322.1471048896392
607.3402932272803,893.6008206325073,1665.7609861394192,1804.4057340744741,1638.43683873616,1535.212281879404,1461.3358833446666,1331.7991845440313
608.3136666110004,869.9284886231453,1621.047299401926,1827.4539431145936,1630.1090544917504,1533.450333533623,1421.6886874257884,1306.9064562880124
609.2869358038007,844.5966581354753,1673.163011964702,1799.40165837641,1607.0380067014264,1536.9054253615884,1496.829664595967,1320.4963172272319
610.2601008224119,815.46200928508,1684.6907444570882,1803.176677430134,1595.079534645541,1511.442405488097,1480.576322108564,1305.3366229215383
611.2331616835618,810.5984611004513,1624.1770636020074,1820.8663960749109,1631.1307268712512,1535.7662020359041,1444.3751990686962,1318.2158797552684
612.206118403963,805.6297766593309,1647.9692845211189,1749.1690840522172,1556.691033963658,1553.7145692715667,1447.5539952536499,1343.3777310304606
613.1789710003433,818.3248088143816,1670.5388301740604,1754.2651199918535,1599.7701804471164,1532.988496901972,1465.2100718113777,1321.6792892665896
614.1517194894112,763.1259272694367,1647.6356395804264,1819.7618265655797,1611.8174735025912,1580.974052713344,1443.6710827483084,1314.3277052450142
615.1243638878767,787.9704271263195,1643.9383022787679,1825.9314719957606,1626.9389402722356,1554.9416423622167,1477.9445320973352,1306.95094956104
616.0969042124416,747.8177391238116,1686.0797291444871,1767.8411352886906,1609.3037745944425,1591.356148855471,1450.7664139001945,1318.1534014955719
617.0693404798221,695.8192635402022,1747.5003790052508,1798.1957824917513,1604.3604162198378,1562.6112604074256,1512.9098844402683,1359.8296464614239
618.0416727067059,738.9372465969245,1676.8575947808422,1816.8457064500838,1675.8576796974905,1573.8663411956145,1453.8765311934076,1329.8870608577938
619.0139009097948,758.7787518214972,1676.5111552103435,1816.4703452696447,1630.5245641908589,1596.5344751764571,1530.5537141485008,1346.6073500705622
619.9860251057762,705.5950224802131,1622.8685517044898,1761.9999645879122,1567.215986551121,1536.4083165555062,1485.724730433688,1355.537479807057
620.9580453113485,697.9217329626351,1689.5480468439255,1814.994749202402,1636.7807831534553,1570.0749969787098,1467.5272958443998,1327.1464622527712
621.9299615431883,680.1148561064786,1656.5370618032066,1814.633936249011,1617.7585831655565,1578.9801045279064,1483.525387881383,1344.32059277187
622.9017738179755,666.7428783279522,1699.8496425318249,1764.8496868001334,1632.8798999523556,1579.6980455510122,1479.2434316818083,1287.1978463436242
623.873482152394,635.4073426440973,1716.7838139762878,1755.263451186101,1603.318217075556,1540.172145756888,1501.6925085470748,1310.280979862362
624.8450865631203,662.6371989149369,1700.669761639681,1745.2417705353046,1644.2118837052246,1568.9347131259492,1463.9428699495916,1315.3695069641797
625.8165870668198,664.6548264107784,1646.7567340923763,1853.097336918409,1614.020003836323,1603.1077604176387,1458.2725295878272,1366.0144715934953
626.7879836801621,694.3431200665991,1661.4638944450764,1774.5426311416368,1596.989176153178,1578.1427200370845,1456.1367146539535,1360.9125153305342
627.7592764198125,680.8363749093093,1654.8796558014599,1756.2596707514592,1616.116708908813,1568.4084665794016,1488.894729363716,1375.5876538313637
628.7304653024257,642.3157284517885,1726.099233115023,1829.5060996150012,1656.4984575861913,1572.9775269515935,1480.5079251775744,1360.1980131920227
629.7015503446638,682.869900330941,1653.9963815876067,1813.0344952017997,1632.1286409656552,1585.411195091486,1467.12659809093,1289.2027084850517
630.6725315631811,628.3924273597614,1691.5966764945238,1830.5776240938392,1625.0843658577085,1588.3536868493181,1421.5765497301397,1368.962333853256
631.6434089746252,630.4178615641586,1632.3672528275706,1819.1211334476739,1622.4860951228031,1599.7594324018382,1500.9478553541644,1350.7542582417002
632.6141825956403,636.7055762222083,1639.492256547448,1781.2010710389443,1634.5718115998268,1586.351451113137,1464.3244164121265,1296.0451992034748
633.5848524428658,657.4577786581478,1636.734229752566,1778.8872629759494,1611.0677098650108,1582.4396684519684,1465.9531551161404,1364.2742494077481
634.5554185329493,599.1033139732102,1622.4896306290875,1751.149522646285,1567.4899821331862,1534.097338403532,1469.276324104791,1313.1166078396427
635.5258808825238,615.572954902347,1679.0146943009527,1723.4069747025642,1637.5818992594486,1585.2976578975506,1474.8102044535397,1337.6873827685615
636.4962395082147,603.0488406495757,1680.7747390381737,1780.2877490463545,1667.8380477371102,1526.5295735254936,1472.792548121076,1410.0993518159219
637.4664944266588,591.222186978525,1622.8649558109848,1780.6573638221453,1646.8334228506549,1616.8728390510673,1457.0830587866012,1348.2262709814336
638.436645654474,614.0044424376192,1647.960059443594,1812.1589784098942,1645.9697695167297,1597.2076663085559,1510.6300544899611,1318.5670765475616
639.4066932082898,593.2216441905625,1610.6017658462154,1758.6570834519543,1636.6114838039803,1599.5976544025455,1523.5692480644632,1329.4967371488324
640.3766371047095,605.8874348987742,1604.1118153467548,1762.0398516564353,1566.368007926831,1612.0578800667388,1491.8736511769819,1332.9523567773033
641.3464773603628,595.5091566523864,1631.952713821099,1760.7650106011492,1622.044075607249,1569.5282930738438,1510.0764637907437,1379.2824393679234
642.3162139918533,574.0718802412104,1630.5236042962154,1730.1888612825367,1594.6441117811398,1570.7244501044227,1465.0792776989222,1381.3604618304123
643.2858470157844,594.4308699374025,1588.8245005915394,1783.2926098122073,1624.9113662201169,1618.8968886153539,1512.6411175978756,1349.2478093351494
644.2553764487639,617.7868905839559,1665.8182228245953,1787.169219189301,1654.7863140641675,1580.5716551303808,1478.275773897323,1348.9015711613972
645.2248023073918,599.214991070667,1619.5810860490983,1776.6374359624451,1578.566370466632,1509.541605218091,1513.543040884673,1337.4798715550614
646.1941246082642,619.4030799932373,1623.6779766813017,1744.9526897544113,1621.6734359693494,1590.6030549340899,1493.382830404407,1332.017303092253
647.1633433679707,591.5012046209742,1588.9151486546639,1698.0848340712867,1612.7339891092,1551.2019846016487,1452.9492677266883,1338.8173238820373
648.1324586031043,603.3369839537198,1628.7126463381205,1718.8664485381016,1559.3635677227505,1558.3728665996737,1446.4236396920048,1315.6510914458784
649.1014703302499,587.4729117387432,1579.079873499105,1673.7063827724594,1569.222945449797,1585.9797231336202,1507.1242987391581,1309.9857377530027
650.0703785659898,617.670095114753,1578.3800825404285,1655.7127750267057,1573.422858663103,1525.8335094407785,1451.4751512808964,1279.9552051254354
651.0391833268986,560.4239887083531,1607.010836879253,1740.6808695217046,1587.2078690803712,1596.1192045898679,1492.153623645739,1301.0549843865301
652.0078846295582,617.9020995537985,1639.7788406838324,1764.155269740555,1604.95344054795,1553.2128460603533,1452.7166913825213,1320.3801708661683
652.976482490536,588.7135859117759,1594.3912630258214,1745.2925531752142,1608.290066065897,1493.128555162413,1460.3670908536633,1316.4152022243084
653.9449769263956,553.0775534423208,1590.8413499550625,1704.8268672415622,1556.150105563519,1567.0530680865756,1466.9440485566931,1311.3290380003411
654.9133679537118,591.263732586455,1586.2931349089624,1738.077281025955,1627.9593710979407,1556.5315376311207,1458.3182666142432,1355.144729384392
655.8816555890407,576.4842550488679,1556.704914746686,1701.8131090826168,1559.6663064678276,1562.627698188969,1447.1334210644525,1366.1887140199196
656.8498398489393,560.0425869165815,1555.6738525460598,1720.6246673874514,1579.3793588705712,1548.759746534744,1425.293567761247,1335.4101896141415
657.8179207499561,573.4539936317614,1568.6232952951275,1738.0976714199778,1578.476456697735,1530.1959658249577,1447.429410043054,1299.6319890039404
658.785898308648,588.9846609419922,1551.7861858151812,1710.4352527355832,1595.414679218292,1510.1408057485758,1472.4616523549803,1346.5339554869113
659.7537725415641,559.057597471696,1543.355814296863,1683.120213664787,1578.0491049201064,1542.364577421913,1434.3197580523831,1370.8805980555949
660.7215434652388,583.2664035775039,1594.5269258210942,1695.0557769496402,1527.83947012196,1597.51293130016,1437.2639705902998,1350.669811697394
661.6892110962181,597.5912402960942,1565.4508072208314,1719.315661449892,1587.289689756569,1572.3995425731116,1510.8536008814872,1318.274363975437
662.6567754510397,576.9047050845087,1566.167412428735,1715.8454372874305,1575.0886192083922,1522.5526237281879,1461.095421468326,1323.312338982507
663.6242365462313,550.3080120587626,1561.01734120798,1668.7077780381508,1545.2095706641019,1523.473886166269,1482.966474147581,1356.5043097965547
664.59159439832,568.2312049402336,1516.269725682533,1705.6801273292774,1586.3121137914854,1532.0539258197616,1445.2408250650037,1316.9941989500205
665.5588490238406,575.4812919770816,1563.8507026842954,1671.2607383444013,1546.1132656028099,1586.515205621749,1412.0970743204757,1344.1035655081153
666.5260004393094,573.118279767388,1497.185488997825,1657.422675279273,1588.609159698283,1535.5244476786622,1445.0838272007895,1301.5584947032962
667.4930486612429,569.3208804631802,1499.866043702999,1629.4356233946191,1530.2952631760309,1535.2032018007135,1485.142227828951,1384.0386921604897
668.4599937061577,556.7616775955383,1522.0116406932705,1663.4114318286454,1521.029697699275,1553.4338165011316,1498.4450088373749,1273.580063212369
669.4268355905698,558.2689301114018,1511.9374715319336,1655.183980839956,1516.843173905496,1524.692297703196,1418.7291264342477,1357.898417002074
670.3935743309848,564.678529520634,1503.8487227164105,1657.7628357975557,1589.1387089460898,1494.045276023344,1496.0059653619574,1298.9566868313195
671.3602099439012,575.450276675486,1516.8279087753835,1641.7547209767283,1513.8768817155092,1500.1054221027625,1403.7052048135358,1337.7989338096768
672.3267424458281,562.2375337387955,1556.5834193793153,1658.8987302893788,1572.4770599090339,1540.6897788495967,1464.201633800326,1344.9993298274364
673.2931718532564,577.9992756593218,1486.989589516717,1663.8474875389709,1560.1040278052465,1536.3912370089665,1400.0426899303573,1356.5692401371775
674.2594981826843,549.5391776751372,1509.9950377560078,1618.9127126105395,1531.778572726914,1574.355481988231,1408.0084876649462,1347.608686154706
675.2257214506027,570.1562591057274,1471.498936544173,1643.0416023272874,1552.8081769731637,1512.1535567586682,1469.5157843385878,1296.9815424526807
676.1918416734952,554.1537347765246,1505.4015896602916,1619.9859626265606,1496.511422792219,1469.8409221880013,1475.7677001000498,1345.3785860349851
677.1578588678458,563.2694226829973,1466.8680061814657,1653.3091986282022,1573.4058304367436,1519.1504569734077,1453.0575474817076,1316.925883155519
678.1237730501343,565.5440974003561,1503.495516381332,1642.1578169698607,1527.2661964822225,1580.7502267092266,1464.8681612173848,1363.8427707885996
679.0895842368409,553.7177218233987,1479.217342585365,1622.5906812717808,1496.0266305692896,1539.533022998271,1434.7221685102706,1298.2703013466473
680.0552924444347,563.6282531901334,1488.8106582509147,1666.120776565561,1573.9987597875604,1473.9522684480112,1438.2921329210433,1327.349489059365
681.0208976893846,574.5569690926328,1476.7209448256056,1628.0773734253978,1527.5050096847465,1471.7421149374545,1469.7505829821941,1323.3729842705527
681.9863999881528,543.2488151329223,1463.8916883106538,1567.17848314397,1510.5693744372486,1516.5282279853245,1458.9259770205906,1336.7694792850339
682.9517993572081,580.0842988896676,1507.0231270123325,1702.3779768102272,1605.697260328616,1540.911213201763,1468.1514987362207,1335.5892792305062
683.9170958130126,578.8616797886633,1418.211115482225,1685.6851330397453,1493.0639189031729,1548.9540121241473,1400.2464426611975,1338.3681251665473
684.8822893720062,559.3353829305221,1482.9354458478253,1582.4613146966728,1573.5039865002766,1485.9212219132908,1398.3384573263052,1333.6466425745543
685.8473800506581,543.6114367875505,1485.4730104157973,1650.7468172046863,1556.162409705021,1486.468635757899,1447.639247415931,1286.3479419954492
686.8123678654083,550.4747114825266,1441.766798485823,1600.7486646179607,1526.2259148685212,1507.3468182653298,1467.6013517322956,1329.485855530001
687.7772528327005,586.6102559102776,1519.8085747352861,1610.4393613020693,1511.8410330590855,1476.9830382257073,1450.0925850685298,1359.461798501747
688.7420349689746,555.2456782355971,1422.6935527744836,1603.4941917729077,1566.9388713196745,1506.671991653533,1390.0901588567351,1295.2439220051028
689.7067142906744,558.3771313837111,1488.3468316174672,1640.5416603486026,1487.3585535088234,1475.4992162050987,1440.9094824025678,1327.2574999085382
690.671290814229,560.6176153185324,1438.0631435195453,1652.2427606394774,1514.0623624975858,1512.0883568098443,1451.8811833337345,1367.9859416047286
691.6357645560712,527.1981585694662,1482.6830013051215,1606.3223443092177,1506.4217551619079,1470.813624376728,1453.998673728171,1337.2831339323043
692.6001355326297,560.2686452824137,1455.3199608566035,1638.4657746044577,1497.660122099387,1521.291840002336,1466.1511648954552,1300.7291395748127
693.564403760327,568.3706705457392,1469.2776535461905,1596.5690016371634,1549.2047790916852,1518.615385364397,1443.6220330007231,1318.3041941824786
694.5285692555808,558.2661974300195,1467.3014215638566,1623.4183404911896,1541.4075539660716,1489.0392204018397,1479.158402748211,1344.7792826588611
695.4926320348059,583.1309760767341,1474.107746630526,1590.536604798131,1532.3221757143285,1502.7216185530729,1441.5471337531449,1297.4910889017012
696.456592114424,555.1219719732358,1450.033905438986,1633.757547408776,1476.7034663700847,1503.3730273011831,1482.6300354658842,1340.392377166692
697.4204495108388,567.2338388950861,1442.4230018838268,1624.21598352621,1532.8227905693834,1508.981088058907,1408.647256660652,1366.924277267318
698.384204240454,593.5259701407684,1425.8612110957517,1583.7351223453165,1576.7407085557788,1535.7734277884867,1498.8029549009304,1387.8915362382616
699.3478563196803,563.7207812671207,1406.303438373828,1598.2083851881669,1477.2682884978803,1557.228683003855,1440.2866060388671,1338.3371030437495
700.3114057649145,578.7595952230887,1459.4371075382912,1624.9402846818089,1584.8183023439863,1522.6292297203615,1459.4371075382912,1300.9552773038927
701.2748525925454,563.7190200197283,1436.832670920622,1662.1200235039946,1520.9399492184145,1477.8850329469255,1480.8888643147038,1348.7202841324583
702.2381968189693,584.4274392931138,1438.5135083801345,1617.9517787634404,1550.7877334244376,1575.8489443718267,1559.8097693654977,1339.2711130284736
703.2014384605827,596.194318496264,1434.2789244632345,1600.8921515177458,1551.7111387124985,1516.5818438516076,1466.3971369074775,1342.9427578249179
704.1645775337603,578.1936967740181,1465.490944245565,1606.5381955347286,1506.5046839821305,1521.5097107150202,1468.491949592143,1346.451065497973
705.1276140548871,548.927388373936,1460.8067657820045,1652.7813715521243,1530.7975074690273,1578.7911589115572,1455.8074270900743,1358.8202564666285
706.090548040338,575.038646305808,1479.526517057652,1638.261143381651,1579.3596153746325,1573.3696294756137,1463.553221326935,1361.7234610436149
707.0533795064986,572.3689540650954,1474.4937242265173,1567.577948590045,1551.7338252941254,1489.347589816442,1442.8054776346783,1360.6140880370954
708.0161084697321,582.5099216028902,1448.3763643922712,1594.4974972689286,1532.2972853011622,1517.4877110231228,1457.262108959095,1370.3792731945962
708.9787349464023,586.5034894313561,1396.2951093568834,1595.7658392650096,1559.047346694857,1533.2451627266416,1512.4049372138525,1348.6603081847936
709.9412589528803,564.9289679619816,1422.7107809620481,1648.2866210589516,1507.7964048582485,1518.6794497752044,1427.6576195606644,1410.838368325369
710.9036805055292,563.5265506715773,1408.8163766789432,1586.4066100772043,1491.1626860200363,1503.0681765271825,1468.3438292146732,1350.281048352142
711.8659996206989,583.9705762626554,1431.378993961123,1610.6769925048884,1592.6470261708785,1519.5254960385048,1452.4139546841345,1371.2791061810897
712.8282163147452,577.3863050351227,1433.926336678531,1648.8144571611679,1515.2624944313047,1572.4990498869604,1484.133841464194,1360.6233796914632
713.7903306040243,598.9671859605133,1405.6569987019454,1618.421436812498,1527.668832879087,1586.1538443028408,1525.6521083472335,1344.1469004804112
714.7523425048747,597.1927333723031,1483.4468234021244,1626.9738164647115,1578.7969236884585,1512.5536961211105,1507.5352697902508,1358.989850396804
715.7142520336456,577.254080730917,1453.6763633015096,1643.417269837411,1547.0409363588578,1513.9115717256052,1442.633241757092,1389.4254743158074
716.6760592066748,593.67019283879,1522.2826904210865,1585.4604305373766,1545.3475796698908,1528.2996180512093,1516.2657627909634,1376.8736060264503
717.6377640403008,589.8300409998835,1465.5162793444206,1625.5554884211808,1568.1829417710214,1617.5032011720357,1453.4378484707029,1385.9999427591122
718.5993665508577,555.3881210596692,1448.4042725476984,1608.2281922770997,1490.3580514766663,1492.355850473284,1537.3063278971779,1398.4592976322606
719.5608667546657,583.6432725219635,1469.2058157776069,1665.0999245479545,1610.5726983953834,1480.313213697575,1511.6158805629398,1398.5223744687187
720.522264668063,582.4832551616101,1495.074005016195,1678.8035586373617,1550.596672319295,1541.5111449424242,1511.226053686188,1398.1617129962392
721.4835603073625,589.5796096810415,1485.4603408602131,1628.601061037444,1556.5302089202369,1570.543985720805,1475.4505002883789,1376.353078627219
722.4447536888873,573.693011903603,1450.637962508417,1657.4458420161284,1521.2310367634532,1517.2539621575356,1488.4201712646336,1366.1251271326696
723.4058448289578,573.9781195869052,1457.8645641591013,1641.218685693807,1583.4222778187368,1536.5872576441109,1489.752237469485,1384.1243196288392
724.3668337438794,565.6763823941378,1472.5543922641048,1654.1295273535811,1571.3232844281606,1553.365304034696,1539.3979859508902,1410.6991264643932
725.3277204499644,554.3520398373776,1446.3094660982392,1664.0549520163443,1571.1635291246755,1567.1681991078297,1470.281446199315,1414.3468259634715
726.2885049635115,541.2478646803504,1475.6757863281273,1595.7307655548223,1605.735347157047,1539.7051085823646,1514.693654576803,1400.6414243114427
727.249187300833,582.4461851299048,1510.9398446720502,1606.5052809196168,1605.499328959116,1528.0410280005622,1507.921988790548,1427.4458319504922
728.2097674782199,594.7195237839434,1471.2012584976737,1629.1893553404473,1536.6103431778029,1613.0886575730308,1498.371185980189,1362.521548567613
729.1702455119665,583.3773549307468,1532.1225342298853,1723.8901768541793,1598.7365574572718,1577.541186430376,1544.234174816683,1422.1084655664747
730.1306214183714,577.8473380326321,1489.0681403148596,1711.3171164812566,1551.701942689026,1571.9063950677894,1520.3850415019429,1398.1481046104245
731.0908952137142,583.015309295351,1500.0498062078302,1704.5100362037692,1577.9876166518268,1565.8414643748401,1531.4273662567118,1382.6370008636275
732.0510669142859,590.4908133177627,1503.0675248088505,1661.0719276863308,1589.1596674023494,1583.0825749839846,1482.8105500809684,1457.489331671116
733.0111365363591,620.5242102678246,1502.05451225223,1692.9850384884837,1583.301544693189,1617.8315334805966,1520.3350945514458,1396.4333700789832
733.9711040962212,610.202466592159,1509.9243901506143,1668.7579811251796,1599.3939445603378,1583.3095302844324,1520.9824249652993,1383.2596277278597
734.9309696101409,572.7261919791911,1503.15505824714,1693.0590061139244,1573.4898537533563,1592.5807268193294,1493.1072303176804,1421.767652018518
735.8907330943875,601.2278011198281,1497.530553208014,1667.7273679303773,1590.1820736485906,1583.1325014411555,1550.9058856357374,1416.9640136944693
736.8503945652301,602.0178452026479,1478.4111023257014,1664.3431580226795,1612.081174799745,1597.0056027162063,1551.77888646559,1456.3002632698444
737.8099540389338,613.6063176452644,1488.470790111759,1642.623111347274,1566.5479398284483,1572.5538744220398,1498.480681101078,1370.3540764377929
738.7694115317572,610.3859631696192,1506.0176542256945,1699.506015099724,1612.7354615118861,1598.7723839230384,1510.0071049653652,1407.2787484188443
739.7287670599544,620.193222420142,1503.0447660906823,1706.779737706961,1631.8771746127409,1565.9629190898272,1578.9460300261587,1438.129211409025
740.6880206397873,600.5965031204474,1530.3278448714711,1697.3811768652379,1614.848875939746,1595.955939583308,1538.2827654426028,1387.1392745910996
741.6471722874958,592.3708196681115,1489.3611395675634,1631.2523074277642,1610.4151429168257,1561.7950923913022,1560.80284646221,1363.3459065728396
742.6062220193344,621.4206271671698,1529.57392313977,1704.410916313813,1607.5012686687721,1652.4593526278115,1560.5450476448862,1431.665206962306
743.5651698515358,611.3304269664459,1540.8739004819283,1696.4670304980189,1608.13028571469,1644.2680449442337,1575.0040064209418,1431.4567961480325
744.5240158003471,607.265531692381,1481.886919399902,1703.5239301485124,1652.8356451790992,1598.1718084473791,1542.5140837750823,1442.131401776833
745.4827598820084,648.1498691247721,1552.9630916625895,1719.744336876514,1586.9185547600352,1603.8962863087581,1576.9316538490218,1455.0914627346579
746.4414021127377,613.3742016255221,1535.945218473075,1684.520311501843,1663.4387104639773,1630.310480261617,1594.1705927681328,1475.7120726506014
747.3999425087821,630.5129062055348,1509.833599487422,1665.7131769328473,1675.7054575383233,1606.7587213605389,1568.7880550597301,1484.8528979737318
748.3583810863565,623.4494005060158,1557.1272227038248,1716.7302692333649,1641.9163411726431,1625.956036519689,1563.1123369486827,1455.380280541243
749.3167178616823,630.3127722867462,1520.1660978680347,1731.6064714014265,1633.4019377224104,1666.4708113082015,1579.289235491116,1476.0742664203133
750.2749528509813,607.4358949087936,1557.6821463502727,1703.025718564423,1624.8409004078455,1592.7650775743778,1558.6845158138185,1474.485480875966
751.2330860704715,604.9372042597848,1570.6442074356194,1723.1242605686457,1638.4131199391866,1680.270389426684,1542.739361110621,1428.1301708472351
752.1911175363604,635.6097097391989,1569.0365476266388,1715.9463390286235,1621.0046371021708,1660.9800905448876,1546.0506618970767,1409.1347338557712
753.1490472648547,604.1320505346465,1539.78780483376,1755.4779253552206,1644.6371689761368,1614.6802077926006,1558.7605469166663,1448.918355910367
754.1068752721657,652.0458416437049,1554.493312182842,1767.8355000017498,1684.7021592084664,1640.6314725228704,1592.5543597749474,1463.3471192649047
755.0646015744969,637.9711252280767,1557.0482775097748,1752.4269346108736,1638.7883279296223,1586.953174004841,1587.9500038880099,1506.2099534681627
756.0222261880373,637.3396661832397,1613.2660300263256,1740.7339632629735,1682.9750560151174,1656.087288848012,1571.4406144330503,1431.0267192270553
756.9797491289827,638.8942206326152,1573.4258290734904,1760.9273938243666,1663.7043602498381,1709.3396617235962,1618.0690587760798,1470.25036487195
757.9371704135301,623.2239098238787,1544.166247907572,1727.759278667791,1647.375303037641,1595.7707754726066,1598.7479597552046,1524.318352690251
758.8944900578682,619.5209510095171,1521.6304059882875,1769.6364007305344,1730.113533042527,1677.745733355917,1638.2228656679097,1491.988255222282
759.8517080781712,666.3666990299467,1627.2436802204502,1738.3047967254413,1733.3467111671828,1674.841301579732,1602.4532524291576,1460.6520054629636
760.8088244906322,674.408368642474,1583.9133030155592,1763.2242429795847,1679.5458043297062,1688.5113513279075,1588.8941624590043,1541.077911801931
761.7658393114217,695.3462082764618,1676.777713672382,1778.0995897355238,1676.777713672382,1768.1660724744315,1639.0303480802315,1531.7483616604345
762.7227525567176,679.7589125311375,1641.17488545219,1754.6339133124384,1712.83321883761,1664.0657419503102,1631.2223391486593,1526.7206029615886
763.6795642426841,676.2533718223842,1612.450970516112,1761.8442043502175,1691.1314070020742,1746.904880966807,1681.1718580798006,1502.8959323711013
764.6362743854953,675.1899264670557,1621.643840986858,1828.556882968698,1765.1959514527277,1677.084656063332,1616.693768212173,1553.332836696203
765.5928830013146,740.3141812370502,1620.7945141216487,1807.3536877933852,1733.3222696696803,1695.8130178203364,1649.419995796148,1498.3959028237896
766.5493901062982,766.4112984030119,1618.6369892913033,1805.061359173117,1764.6200937490198,1703.4650094491656,1651.1872760960644,1538.740830770526
767.5057957165991,742.0043767528407,1607.8399475068177,1769.0170571590904,1682.5317788090904,1695.308013110795,1656.9793102056813,1531.1825416965903
768.4620998483842,763.6071060046418,1570.3447802560156,1812.4641065501703,1728.1634504315577,1671.3095195608655,1615.435828877599,1491.9255652619574
769.4183025177954,768.6386483499074,1553.8806728395205,1810.7446684126153,1668.1509674480835,1674.9876517409036,1638.8508919074263,1487.4671682806975
770.3744037409742,806.9350681169021,1672.485274353676,1801.438578217394,1691.0467347583021,1676.3929502283343,1588.4702430485265,1544.5088894586227
771.3304035340733,847.3368419195436,1655.3996703086334,1797.767969356529,1776.1672619147791,1676.0185274121218,1657.363370985156,1525.7954256581354
772.286301913231,896.8329324962903,1683.1649976223005,1769.0004928117144,1708.8169846904013,1718.6831335627476,1678.2319231861272,1495.7081690477185
773.2420988945813,885.4352493262058,1709.4644746499232,1930.328077110487,1752.0525235548748,1746.1100051030212,1686.684820584484,1542.083538256043
774.1977944942519,932.3107247244671,1746.4553210735453,1874.6355281248148,1809.544016731592,1769.4877020280703,1704.3961906348475,1618.2751140222758
775.1533887283839,959.3064651431185,1765.404277711188,1879.5597443357342,1801.4533724347289,1795.4451899808053,1634.2256274671915,1584.1574403511622
776.1088816130941,924.7272287605867,1701.5383502003833,1890.7099704473803,1775.9995198720737,1767.9496636913505,1686.4448698615272,1607.9587720994753
777.0642731645057,954.5025022132722,1730.3494361889393,1904.9902725560364,1831.7214159192658,1780.5335845702891,1657.0805795521687,1592.844869624041
778.0195633987461,956.5365683939098,1778.4345861945592,1891.9730654261891,1746.2820965006463,1800.5394228591242,1716.1391374126028,1626.7150254514074
778.9747523319237,998.6620312044506,1756.9612975973566,1872.617021251447,1842.445962906902,1773.0525287144476,1693.6020750738116,1573.9235436404483
779.9298399801518,1021.1836148047423,1796.638628019389,1958.7792216915423,1838.9361741947332,1768.4402639024927,1721.1072955634168,1532.7825066398598
780.8848263595391,1000.5515420490826,1752.4750852187653,1853.134194076822,1822.936461419405,1807.8375950906966,1735.3630367128958,1604.5061951974221
781.8397114861946,998.3746354833362,1826.121662867791,1884.0131727584828,1865.7316433193168,1827.1373033921889,1779.402198745478,1549.8674402315066
782.79449537622,1106.036893151807,1818.226700734797,1969.2354278440844,1786.5964943808247,1795.779457515849,1732.5190448079043,1693.7465337933575
783.7491780457058,1009.2430240347511,1802.9493293738217,1999.0775283765263,1864.239391562167,1813.1643397385458,1730.4227557842798,1575.1545982404718
784.7037595107613,1090.8981844239113,1821.2452739958517,1954.7827165336187,1865.4153511429593,1839.7350737318502,1800.7010520669646,1664.0819762398646
785.6582397874699,1044.206877801006,1809.9585881884102,1988.087996754464,1837.5993584831426,1769.0092988628805,1757.7482442983599,1651.2800920519828
786.6126188919188,1083.2784595820865,1841.1653668038286,1939.0888433762207,1813.6243890178434,1865.6462359469267,1760.5825058744645,1675.9195000879172
787.5668968401951,1096.7249177578894,1870.943528531316,1965.5589435141394,1877.0477488527883,1861.7871980491072,1811.9360654237487,1612.5315349223142
788.5210736483823,1110.7842059579077,1788.1904354800956,2007.9171197944675,1832.7433115622723,1826.6679193692482,1732.4993403773747,1626.1799769994527
789.4751493325602,1052.947607995965,1826.7885294705115,1932.5870929533596,1880.1916138951872,1790.5147362763921,1739.126862584723,1609.1457703057954
790.4291239087943,1080.308915835011,1874.6833189979407,1928.0443372078714,1767.9612825780794,1812.2609958089652,1712.5866410394722,1647.1438828574817
791.3829973931715,1033.7827341334053,1848.7648507511965,1932.0696730163154,1881.8860451457617,1763.4526833712553,1768.4710461583106,1596.843038841017
792.3367698017464,1061.2772263753236,1812.8899929300856,1978.2448015721332,1786.8340836895204,1844.9588043030888,1743.7416184070476,1685.6168977934792
793.2904411505879,1047.1707632659445,1850.0684230549382,1924.1512495192594,1901.1255061587271,1838.0549917363996,1687.8871002546675,1612.8031545138017
794.2440114557576,1056.920443548119,1823.5881137733643,1936.6866082060703,1831.595086830547,1833.5968300948427,1749.5236129944242,1586.3815369543263
795.1974807333136,1076.323658154957,1815.8589478807398,1965.7647498521821,1840.8432482093135,1897.8074529584617,1726.9148387110172,1593.9983609630049
796.1508489993138,1094.5970734366135,1874.5973602559523,1990.4488753277108,1844.6357615304976,1816.6716027200732,1727.785526501224,1662.8687292627387
797.1041162697984,1043.0710008282854,1841.7031618040219,1977.2825992930873,1850.609840179216,1849.6202092486387,1734.8230213016927,1655.652546855523
798.0572825608288,1014.2664944426034,1829.8316581025915,1917.8138393943964,1843.671551788943,1859.488573144773,1801.1633068951496,1662.7643700316364
799.0103478884413,1000.8457510066409,1779.9354826725946,1950.6679931384335,1837.8275408190573,1838.8087621435736,1711.2499899564527,1550.3296927357771
799.9633122686791,1038.82259201393,1820.8685470920861,2008.3252554254268,1897.0228348525059,1829.6555802952114,1740.8089112413886,1643.1752089844401
800.9161757175752,1027.4070560799457,1832.0146653395243,1981.8448610178498,1862.1752891449016,1817.420815111116,1749.3161807118772,1624.7819920961263
801.868938251173,1038.7137119372037,1846.711240221059,1969.432614504755,1859.4742631465633,1856.5289501637546,1731.8440338915193,1651.3388123614147
802.8215998854939,1015.0622078006771,1869.9548707112183,2019.315427909382,1900.416563297686,1850.3021658167231,1798.222497846311,1649.8445758928722
803.7741606365707,1043.536472618409,1876.5784331577481,1979.8398919135184,1928.2091625356331,1855.7275616782176,1829.912196989275,1656.1549346598538
804.7266205204214,1017.9860908048948,1909.098547132634,2035.9721816097897,1937.0706870173613,1866.1413323096601,1771.235857700764,1656.3502831742057
805.6789795530749,1014.886645591022,1863.447413052799,1964.039710604019,1903.2859467364506,1892.3303499734463,1748.9116287123009,1614.456577529977
806.6312377505418,1046.490957204874,1828.386189434652,1985.9544301501585,1885.8639124629499,1842.2601225794135,1746.1335857907081,1671.808943943771
807.5833951288369,1032.0025713585364,1879.6837665527498,2031.477841041016,1886.5834972113075,1849.1278164934236,1799.8440260751554,1639.178869311601
808.5354517039741,1003.0769564624634,1864.681746685363,2057.241084066992,1954.0842961839762,1852.8923994987326,1824.4014771310426,1649.5261605293595
809.4874074919571,1040.8667601511456,1831.7692702097083,1983.1148122579518,1862.038378619357,1872.7790299905228,1788.8066647250457,1611.09770567485
810.4392625087894,1043.8242598672366,1817.643369103398,1992.755405201088,1886.122936292439,1847.9700345728304,1750.1420814456292,1625.9005809740836
811.3910167704707,995.1382727725324,1851.8733773435963,2032.1873640849465,1905.4802382667003,1871.3667813156342,1773.8997614554448,1629.6485720623646
812.342670293001,948.5575394737322,1902.0045508004216,1992.948727265429,1920.5845438416598,1839.4193110825672,1750.4309233587428,1700.5583104585776
813.2942230923691,996.2765077506191,1780.8685333475978,2001.2922831130857,1873.1163581393218,1782.8105928168973,1741.056314226959,1638.1271623540881
814.2456751845675,993.4947189016556,1833.6963073477823,1984.078808744029,1874.4451141777329,1812.3516942463796,1761.9007905521548,1630.922482884456
815.1970265855851,977.5352504214371,1847.318353080432,1960.8949412624659,1904.5920172064148,1829.8450318216574,1750.2443460872405,1647.3458986744577
816.1482773114003,997.432264880169,1865.7850601876103,1962.5946623671562,1890.2319294248693,1834.4930675639187,1812.9798226351309,1668.2543567505572
817.0994273779979,991.9995691170055,1887.3377628968226,2021.101484323033,1848.2826617504838,1850.2354168078007,1784.8181223876832,1653.9835335474484
818.0504768013489,957.4245912692895,1896.2107939790335,1986.459833319991,1907.0014399871916,1871.6865985059471,1759.8562671486736,1592.1107701127632
819.0014255974312,977.8263416440532,1907.5950195563523,2038.0372496853986,1885.0373406618558,1830.1142963969942,1807.5566175024974,1603.5567388044403
819.9522737822117,972.9007933320888,1821.8526483832443,1975.3132386358284,1884.8108392560994,1872.0224567350506,1827.7549787775745,1601.4989803282515
820.9030213716542,968.0699677825033,1842.1715665992633,1937.1187727417332,1880.3462164915966,1759.9492437542376,1753.0973835171524,1625.848550542708
821.8536683817293,969.1336269662474,1815.4054858079708,2034.590880142122,1862.584404767788,1854.7212516078184,1814.4225916629746,1629.63849240369
822.8042148283929,917.6585093095612,1863.8401662825493,1977.9327569362567,1854.9881549387271,1852.0374844907863,1802.8596436917744,1666.1452462705215
823.7546607276017,887.2639040069664,1840.506366913452,2029.579252118044,1875.957532889313,1850.3539130178576,1784.3753541183387,1668.1743100863496
824.7050060953006,947.3834885244403,1842.4635136199272,1991.4790415024172,1852.3320916253901,1822.7263576090013,1795.094339193705,1590.8147744806226
825.6552509474533,915.0334717077287,1880.354343261464,2026.2864055596795,1867.5359864379723,1805.4162572164346,1752.1707750265452,1669.3444693978283
826.6053952999937,939.8584337388978,1804.7648832551763,1966.5033755250392,1930.9998040511668,1947.7653794693842,1788.9855181556775,1685.4334346902167
827.5554391688712,917.2235818236231,1783.3264495477517,1917.0267787310452,1879.6693338121838,1815.7684411878156,1784.3095402035112,1618.1672193801542
828.5053825700197,916.1276111269057,1805.68653750577,1954.2743670225937,1847.9996280304283,1882.440515666778,1759.4373455369573,1628.561972518828
829.4552255193812,927.3598683473408,1829.2589588942267,1939.9154162577424,1930.1228094114135,1826.321176840328,1747.9803220696972,1623.614215121321
830.4049680328899,919.1689920323065,1850.1600932868935,2018.62514970439,1857.056323666557,1843.2638629072298,1799.9161290922013,1650.1694122766487
831.3546101264619,879.0036155258437,1749.2074173256221,1950.6253759444473,1779.5178868265134,1818.6281700534696,1743.3408748415786,1591.788527337123
832.3041518160388,849.508462612551,1707.8150565985347,1996.1982516166042,1809.4823524693118,1801.6617912484828,1724.4337491927963,1642.3178563740917
833.2535931175336,861.6451254591695,1802.690996267819,1959.531974735927,1824.2566308071837,1769.3622883433459,1721.3297386874876,1717.408714225785
834.2029340468689,848.307431053437,1773.0213050885923,1977.7513894883248,1852.3664574157613,1810.2449567976346,1756.3686187977048,1596.6987443615499
835.1521746199543,820.6245337638856,1758.2026827910327,1912.1916095543272,1813.755650041082,1824.4763981068809,1703.6243290015107,1574.9753522119229
836.1013148527127,836.3433401306424,1780.061738063688,1963.2889009191642,1843.1076435623463,1841.1374590155133,1736.71767803336,1579.1029142867137
837.050354761046,869.1085766971993,1757.9025118699863,1922.275255141144,1845.5023570863518,1798.2574967449411,1813.021515601632,1609.2780553792988
837.9992943608595,794.9708227040319,1681.3288969673654,1872.9473276562235,1855.2594725157135,1823.8143967103624,1771.7334899077498,1587.9763281702294
838.9481336680618,819.9772897424938,1697.0478361537328,1977.5922870260144,1798.4375850654696,1819.1092814455324,1687.2041712108455,1591.720621264841
839.8968726985478,777.5624579836037,1748.27737368288,1950.3445602161985,1810.6804754064046,1812.6615262547707,1712.618458412294,1577.9070007234152
840.845511468211,773.2133270877638,1706.1977753339686,1945.8544570716301,1829.4779614130127,1776.2209210268657,1665.7618743000423,1580.94510627766
841.7940499929429,752.6826756504706,1704.168528443838,1925.7203278468676,1686.365258848952,1765.490901492891,1707.1357400429858,1606.2505456719637
842.7424882886371,746.2222873225109,1702.6897428985862,1842.8531884009626,1768.823199579285,1790.5386629669772,1728.353472356768,1546.733233114252
843.6908263711775,738.2807492606744,1700.911873464017,1948.9821118367468,1791.8380166125871,1773.0597913971217,1737.4799962520287,1516.0946042381186
844.6390642564403,741.6431794868292,1679.748128374143,1887.9976039386568,1795.6605723204289,1773.0674688393733,1638.4911568000414,1606.0749648489614
845.5872019603157,692.5886046305673,1670.9919432847348,1837.7984945408293,1740.2508037477917,1752.9320035508865,1671.9674201926653,1538.3270838062037
846.5352394986729,686.6950164042095,1681.7219311088925,1824.7023382072196,1743.9719042673478,1741.0539367755453,1664.214126158077,1508.5891932619388
847.483176887381,686.4385409799664,1628.2283355352245,1837.9464753537147,1719.4945630488266,1725.3200669326736,1664.1522761522806,1514.6310098002086
848.4310141423122,660.3375624809469,1582.4829691173352,1834.5942264522048,1687.2061067795119,1723.0834780156279,1620.2996577175657,1538.8483284247618
849.3787512793315,628.4116087940895,1620.2302409683268,1797.5494856203024,1776.1152912118218,1704.0184554742054,1656.278658837135,1489.6765113893998
850.3263883143045,639.9727925038387,1585.7212530952695,1809.172702851587,1667.065421208315,1692.5467268822808,1659.2250194624792,1496.5366832363886
851.2739252630781,591.686147268592,1590.5226632022054,1768.2237833389772,1713.546515604586,1707.688236918758,1624.6959555362,1499.7193435718768
852.2213621415248,652.8897660459735,1543.9960683519644,1809.6614236049054,1691.0433129569133,1735.157486338398,1605.755911086043,1522.4291391432384
853.1686989654845,608.3754365921476,1600.4198985190205,1779.9887773841222,1713.2637294998221,1692.6574647120235,1629.857419644447,1476.7823097922292
854.1159357508078,591.990130409227,1605.7120727298209,1729.9810753115923,1692.798224145393,1676.1637907289355,1585.163654980079,1501.0129918144698
855.0630725133377,591.8369705316913,1545.4613250428886,1800.0888588762905,1762.7303790088415,1684.080947708949,1619.1951668865377,1504.1703736104448
856.010109268922,585.7658591454715,1509.7769871241023,1768.1450933465158,1685.309517305742,1677.4204148256683,1636.0026268052814,1550.20863733448
856.9570460333963,590.7551236798016,1526.3623261909302,1694.8695919835104,1646.8646151007404,1697.8086722008227,1581.2251569140958,1430.3523724253903
857.9038828225966,547.2265021560152,1447.565292690778,1730.4453027179516,1626.0723335010289,1610.4651605340125,1582.177159531295,1460.246120726479
858.8506196523523,548.5494917542627,1478.7410676293737,1711.0449449203247,1620.2707407688185,1606.6058068105274,1557.8024712452016,1451.4111997127911
859.7972565384988,530.4607154457414,1516.4363204852568,1714.9940928722867,1579.702277373281,1648.8081687432768,1532.0094791038475,1458.0369756655423
860.7437934968547,516.6065224065785,1452.530203301359,1656.8378675299493,1564.4129718074919,1593.5997809830048,1551.7653544981029,1396.1023722287007
861.6902305432378,532.453653039109,1443.693268810084,1670.7690914297038,1578.7642322648578,1600.297284409822,1524.931601902448,1418.2451162751265
862.6365676934802,549.7721214290572,1457.8778577181247,1688.5858015321041,1610.0469270422388,1662.0789313917746,1528.5628447590036,1414.681476748699
863.5828049633856,511.0234594761192,1494.7436189676487,1692.2738408036103,1607.7584225056366,1595.9655734408032,1545.8459649152605,1416.124625202092
864.5289423687718,498.8958507478328,1439.085095894923,1660.708105914019,1601.1530239265085,1579.674141898226,1490.8296753266943,1399.0562702967602
865.4749799254387,486.88315231065997,1436.2075316151797,1587.747468579341,1548.6403880724606,1564.283220275213,1493.8904753628283,1368.7478177408111
866.4209176492041,495.7654251877023,1430.693136466873,1604.4062185208318,1577.0805651640294,1593.6711404163736,1517.5496774938524,1368.2345002227532
867.3667555558604,527.1640580058912,1415.5331187195225,1620.5413634995914,1548.3003629580433,1538.5380655875638,1488.7503489981186,1385.2699968710363
868.3124936612076,495.82163539226605,1375.221819424612,1585.067590309134,1543.0984361322296,1558.7148655934034,1501.1292819553253,1408.4067320296062
869.2581319810488,491.74090429152926,1385.9045047098589,1572.3930712076447,1519.3910575714317,1517.42802002935,1497.7976446085304,1380.015392083613
870.2036705311658,483.5503647747921,1364.1624111939257,1581.3669449647164,1555.813470403447,1559.7447741821038,1520.4317363955354,1316.0039399053794
871.1491093273507,480.0374288758344,1381.9558014043528,1598.8104920669475,1532.7683817287937,1555.4395539344284,1476.5833027843942,1369.1416605924721
872.0944483853855,469.80499180124156,1385.7769883948572,1542.3786523286044,1533.514407200279,1524.6501620719537,1471.464691302002,1335.5462660010137
873.0396877210624,481.84545264206895,1357.0341319307247,1547.8055968543194,1539.9387323213875,1516.3381387225925,1470.1203095916185,1349.167267397793
873.9848273501483,483.7841932514582,1345.709908983138,1576.7415441277117,1561.9318239261365,1539.2235862837213,1444.4413769936396,1346.6972236632428
874.9298672884215,504.6789983486973,1363.917214715364,1521.9380361161302,1506.1359539760535,1493.2967622372414,1445.8905158170114,1376.7564064541762
875.8748075516561,459.02003004946795,1312.0486695834577,1512.0080388968524,1510.03799584943,1453.8917689978855,1443.0565322370612,1339.6292722473743
876.8196481556224,451.3998358594911,1308.8624061602711,1526.6776107998946,1500.0667034457324,1472.470206930305,1440.9313537698165,1354.1995075784732
877.7643891160843,488.86166209405746,1361.6875446182653,1531.8984876955485,1470.5433803072253,1477.4705698510684,1436.897031094274,1327.0515968990508
878.7090304487973,465.33349788718135,1266.139982623261,1492.4120851899663,1466.8334996824258,1450.1090399274954,1376.3246586557436,1347.7946978973328
879.6535721695253,439.547901827026,1285.285159360277,1482.4930349567776,1462.8703607680711,1405.964605620822,1453.0590236737178,1284.3040256508416
880.598014294028,475.4103043069033,1245.4964170684989,1506.7756338983259,1470.4322841889139,1495.9708542549872,1396.7633320752407,1273.9817452191191
881.5423568380465,472.7325328285981,1254.3696225994743,1530.7059674679658,1441.8835709030936,1434.9751622813812,1423.1321760727317,1253.3827070820869
882.4865998173409,458.07876081097953,1252.6050911255263,1430.1473945661844,1423.2811176375403,1426.2238077498164,1367.3700055042943,1240.834330676422
883.4307432476489,438.1431096407232,1247.6272404567678,1412.6676943124662,1410.7029270046603,1419.544379889787,1355.6894423860942,1231.9091019943203
884.3747871447157,435.7528273124486,1263.8803724311292,1472.8839909610817,1426.5482830794413,1452.1808023331148,1344.7213946927145,1297.3998206859328
885.3187315242723,446.1867433269999,1215.6109940420042,1462.5009920162775,1400.0348479504974,1401.0263740467797,1395.0772174690862,1252.2974596044464
886.2625764020668,464.9943251663671,1214.537416479317,1394.9829754991013,1404.8975666540343,1397.9573528455812,1354.333151763875,1246.2641081751033
887.2063217938229,440.5207575369249,1228.8735159344535,1403.2878430135527,1380.364817168871,1404.2844963111474,1345.4819517530511,1254.7865016719197
888.1499677152751,435.12250147007757,1191.123012015121,1442.4608952843669,1422.5922879113039,1358.0193139488495,1324.2426814146424,1279.538314825251
889.0935141821357,442.96596668052666,1232.7732942965888,1440.8781108579099,1403.2210488134804,1396.2842215947696,1329.8888753585386,1236.7371955644235
890.0369612101422,429.53740240995774,1207.8276498958903,1378.263362320025,1326.048953311475,1358.559811750761,1303.3898701568214,1207.8276498958903
890.9803088150074,432.47623809705334,1205.0360634249712,1336.7447359363466,1313.1551229492345,1348.5395424299027,1317.0867251137533,1212.8992677540086
891.9235570124437,435.80254289231783,1146.7972533188859,1344.6222278452863,1327.9735913752427,1362.2501958723913,1313.283618019322,1180.094526258973
892.8667058181672,438.95960470790385,1122.5528767586395,1422.4264044692077,1305.041701187768,1331.6752052936408,1271.5032145359282,1193.5755543743005
893.8097552478866,434.3324707058278,1132.0473321142742,1357.6616818859513,1320.887536768982,1331.8203907226757,1321.8814325829542,1202.6139349062967
894.7527053173071,427.5951067854153,1144.2405188570087,1349.5659081292592,1321.6576027912836,1365.5135111795312,1243.9130379212081,1190.0898776265403
895.6955560421228,409.3183490649047,1124.3805744386311,1338.5008786939948,1318.5827108562864,1315.5949856806303,1281.7341003565264,1159.2373681546205
896.6383074380466,417.0754156278573,1088.1967678731626,1310.2369172002232,1271.229863940064,1332.2408959623644,1293.233842702205,1161.2099701293582
897.5809595207647,396.39310861410445,1103.526543578964,1301.7230978860164,1283.7957713657804,1260.8886319232568,1280.8078836124077,1184.1995129200257
898.5235123059683,399.8325573147735,1102.7480654829678,1315.0048551685884,1232.0766210588577,1274.5279789959816,1234.051102823375,1145.199423420092
899.4659658093551,422.47081922704245,1081.288949909773,1277.2602623251144,1244.7625069999572,1294.0015302198924,1228.0212391051793,1138.4062168448977
900.4083200466048,408.8996134603754,1057.634577123471,1252.2550662223996,1266.0161109061623,1245.3745438805183,1195.2450239610973,1124.4739370160323
901.350575033397,425.807202538778,1073.817244103539,1255.8865307063268,1225.5416496058622,1257.844264970873,1219.6684468122237,1116.8873979235532
902.2927307854152,425.3649017817038,1038.9096679460968,1252.5722222972752,1232.970153090745,1202.5869458206234,1181.0246696934403,1126.138875915156
903.2347873183353,390.1909908976076,1038.8712276543356,1246.2523336477745,1225.6125079327876,1256.0808220834824,1211.8526241227964,1079.1680302407385
904.1767446478298,407.3034200519591,996.0688964951057,1256.4274991433315,1215.9930191865994,1280.0964630204428,1254.4550854869055,1151.889575352756
905.11860278956,394.9376154338465,1017.3829345216045,1184.8128463015394,1162.1605641195483,1253.7545746815126,1232.087174333521,1128.6745817635613
906.060361759206,372.5451858377394,1014.4238305660872,1217.8983779761454,1148.1075911833236,1232.642910397164,1185.4604066499041,1081.2657108747053
907.002021572418,427.40989538149523,1011.4054436792526,1213.2926062442446,1180.7936971484166,1206.3988982542205,1167.0062811683683,1081.3273390066402
907.9435822448613,398.12385671998527,973.5217690441431,1223.091947883537,1200.3137172751794,1221.1112321784624,1193.3812123074185,1041.8564608692152
908.8850437921865,371.29892174814404,942.5280321299041,1197.6113762486557,1199.581131801696,1185.7928429304122,1152.306998528723,1097.1538430435874
909.8264062300549,395.8414567298093,1008.4061110191891,1183.5659556221296,1180.5971446966562,1201.378821174971,1169.7115046365864,1109.3456824852906
910.7676695741103,400.50063234694966,979.8849218215692,1208.4584837069249,1197.5267046602341,1149.8243960928555,1184.6073294232356,1110.0724722867067
911.7088338399955,394.4524064239897,918.7371375754734,1223.9917636523298,1213.0898127210135,1190.2948244100794,1223.9917636523298,1081.2753150969165
912.6498990433612,391.88572938731176,951.5814688397193,1094.7135362481833,1138.146715323855,1166.773128805548,1143.0823038551814,1085.8294768917958
913.5908651998434,388.8389003847548,914.8570067428114,1170.4643042038558,1121.119266083963,1190.2023194518129,1130.9882737079417,1072.7611287264683
914.5317323250748,400.8532567812754,928.7582829109157,1201.5748729070172,1144.4508215720934,1147.4055138825204,1110.9643087205864,1048.9157702016173
915.472500434691,373.8986120082884,936.2185718002812,1158.9875611070568,1127.584003143106,1157.0248387343097,1122.6771972112388,1028.4665233193864
916.4131695443248,393.53271044055856,910.4114943027847,1125.777654245379,1092.4937931633417,1163.956200780657,1102.2831640698232,1034.7365048151005
917.3537396695973,387.5638839808574,871.5318496554456,1135.4258510594968,1085.763142308181,1110.1076073823554,1114.0027217942234,1036.100433556865
918.2942108261303,380.04688822117856,941.3469077478424,1110.906288646522,1125.5234766550288,1152.8088942709082,1141.115143864103,973.5047213665574
919.2345830295526,355.9828599428944,906.0495257176682,1098.1827405361619,1084.5286034424619,1089.4050809759262,1076.7262393889189,1016.2579179739615
920.1748562954743,385.81124256102805,897.6215997812274,1093.945801692029,1080.2714791708786,1117.3874974425726,1097.8527509837863,1026.5509264092166
921.1150306395067,369.9137405686672,898.9196703528826,1102.9090418010394,1078.5083992833172,1097.0528875967861,1087.2926305896972,1001.4023689273154
922.0551060772597,371.26241740427844,896.8918399398094,1087.4080804498997,1098.155150427392,1104.9941949585234,1094.2471249810312,982.8683997597476
922.9950826243477,366.3294377123983,881.5414276501564,1099.9678036123619,1082.3369750593586,1105.8447464633628,1105.8447464633628,1021.6085655990146
923.9349602963666,344.9459187408355,844.7255169164779,1104.4149159685273,1067.17643610446,1064.2365561151914,1043.657396190312,1014.2585962976272
924.87473910892,365.40670723813986,863.4206872643143,1118.8124718931217,1047.1063169781105,1089.3441890513363,1116.8479197036693,1010.7621014732416
925.8144190775964,368.8276586608999,860.270895334067,1081.9598603802463,1071.1696895151667,1099.6165036140126,1076.0743126356574,995.63849345961
926.7540002180033,347.45639750142476,853.9182650458745,1100.2785920878453,1033.5355552796618,1070.8331346724701,1073.7776804140076,998.2010063812119
927.6934825457213,360.31598694219844,825.8052889918494,1033.2304382315474,1032.2566112398117,1084.843268793538,1073.15734489271,962.1410678348434
928.6328660763356,353.56870451412567,865.4662519837527,1072.3622246802054,1038.3652338615395,1075.2762524646625,1053.9067153786439,1003.3969004480545
929.5721508254356,374.95963286845927,821.2483475679364,1019.8130888813108,1022.7048084150007,1051.6220037519,1061.2610688641996,961.9786982075125
930.5113368086023,352.11488311597986,819.6772688929367,1070.7755871805616,1004.3932731504999,1053.458461781415,1052.4963992592404,924.5420838099908
931.4504240414101,352.4049187672041,847.8843140911205,1082.1807723450654,1050.4931365976056,1070.6579957096255,1077.379615413632,940.0665271746398
932.389412539429,348.5115859359424,797.8323082996367,1057.0558019709988,1022.4926694814839,1060.8961500253893,1013.851886359105,969.6878837336137
933.3283023182377,333.8937237396138,796.5750266359357,1006.4510815579787,973.0617091840173,1029.346651185838,1009.3130277614612,946.3502112848482
934.2670933933988,351.89956289193856,799.4240070045126,1047.0924493659586,1026.0549754974188,1026.0549754974188,1010.754994502117,961.0300562673866
935.205785780472,334.41334149303236,817.8794866229591,1016.6165581388184,988.9080241293957,1039.5477586983407,998.4626910291965,931.5800227305901
936.1443794950246,331.81008158489993,804.1852409593683,1008.8173950203729,1003.080044906513,1041.3290456655793,1069.0595712159022,936.144293578147
937.0828745526123,332.4831427809615,814.9658643452879,1009.8697756306791,976.4303790866169,1023.2455342483039,1075.7931573889732,934.3922805740815
938.0212709687912,347.70467880032675,776.6041314963343,1011.5913594767749,977.2029846503689,1012.5465921108417,1016.367522647109,948.546005628364
938.9595687591064,322.40814048555995,824.6760151292365,1016.972858564244,955.7440128933958,1031.323369268349,1019.842960705065,961.4842171750379
939.8977679391099,330.3410946366248,731.5379602967575,1015.9185548100259,966.128013009723,1049.4314194833066,1002.5134089407136,950.8078463019375
940.8358685243477,332.1043831854964,771.092935672072,996.3131495564891,961.0032007695254,960.0488778293372,1017.3082542406297,929.5105437433145
941.7738705303528,321.69533042285,776.6372474113776,986.9765019186257,986.0247405860138,1039.3233752122846,1006.9634899034774,940.3401966206386
942.7117739726746,331.0481380469667,767.9935191003118,1005.5467939524578,992.1903849246264,1016.0411153314684,1004.5927647361842,910.14387232509
943.6495788668401,320.1528888217225,763.2216188874992,991.902253760158,949.0246347215345,1039.544052691962,949.9774707001706,876.6091003451925
944.5872852283827,329.3066948014526,765.8515928091418,967.9908607996588,968.9398714475016,1023.0334783745413,1023.9824890223841,896.8150622114485
945.5248930728267,342.3045842188784,753.828654997253,977.6067211348023,960.538902531091,1010.7941461975745,1030.7066012352377,926.4032653236682
946.4624024157021,318.25546406493834,750.8542086322498,979.5407696369958,949.0492281696963,1020.5137784836795,995.7394010414987,932.8505967651935
947.3998132725284,316.5892821263806,787.1949717737032,983.993714717129,958.3243134636388,979.2401218924086,1002.0573674510666,905.0840738267699
948.3371256588216,322.7576649616318,757.2027330478167,955.0219470565587,952.1824368076294,1025.0631998634817,947.4499197260806,895.3922318290431
949.274339590098,316.234396597772,732.1823416723189,940.1563142095923,935.4080499964126,992.3872205545697,975.2934693871225,897.4219362909745
950.2114550818733,323.4122686721107,742.6152679479844,974.9789213927561,969.2883829410474,984.4631521456039,1004.3800367265843,901.9503445958279
951.1484721496527,314.1528236529734,729.553695892899,953.8133922957745,989.7706431958137,985.0394259721244,989.7706431958137,948.1359316273473
952.0853908089376,303.6772246564673,723.7167503495248,951.7111775838194,964.0096321649226,983.8763664882429,993.3367161660144,913.8697788727333
953.0222110752367,343.2250299925811,711.0336709488181,945.5234986021518,934.177216618926,994.6907205294636,981.4533915490335,918.1033171426894
953.9589329640477,305.2510581132955,744.6991758305786,931.8190195037442,957.3353618228123,983.7967538574013,989.4670521505276,863.7754399862295
954.8955564908612,327.9257380730318,783.9947645622946,1009.0022709939441,1032.2093232268048,1037.2543345817746,1062.4793913566232,937.3631097533741
955.8320816711713,333.86379872899016,770.9218625196681,1018.7904403639185,1031.9426506168786,1006.6499385919552,1007.6616470729522,942.912304289148
956.7685085204685,123.54539302224683,158.98874347944877,252.15412182409392,224.81210861425242,236.9641144852931,234.93878017345298,183.29275522153011
957.7048370542398,353.48843138497335,797.380513325299,1040.1498670638296,977.1720430814493,1080.7807212460104,1018.8186686181846,949.7462165084772
958.6410672879613,350.42120065066996,763.6346395682231,1022.9058169282563,1005.6885903066916,1038.0974874766957,1079.6213869757635,992.5224758313774
959.5771992371193,320.79035463208857,727.9473432035855,957.6256444490455,924.4077083185038,950.032973333493,949.083889444049,875.0553460674132
960.5132329171903,314.9539827182466,752.2846635408722,917.3509074956158,932.5294126868566,958.1431401970756,979.0135848350317,882.2506142408715
961.449168343639,319.0542821463153,740.015454411006,960.9724498078571,933.3528253832507,982.8776691790966,1020.973702868209,869.5419689539876
962.3850055319417,321.2321010644627,721.5807136670571,915.0825430916444,894.1119014791276,956.070615334291,988.4797887354534,868.3752049546752
963.3207444975596,331.87769780533847,746.7248200620115,965.1156039626509,951.7642023268039,989.9110641435095,981.3280202347507,898.3585957834161
964.2563852559616,308.96107030316017,716.1412462891151,895.4149537489734,891.6006195476999,965.0265529222163,968.8408871234899,863.9466965884664
965.1919278226013,307.0185942836456,712.2449997822462,962.0551603484422,968.729477615478,969.6829515107688,986.8454816260037,884.8237748298855
966.1273722129407,317.32797879702173,716.3631617154323,931.0820934762912,918.7310044811976,961.4847740795988,933.9323447828514,878.8274861893566
967.0627184424303,307.67358497604795,677.8285749010779,904.0869958526947,893.6734283611977,959.9415851252695,930.5942585583234,851.0724704414372
967.9979665265199,316.7963140713735,702.0891284825035,933.2648171291814,903.7732683717863,989.3938937964818,943.7295602366443,913.2866711967525
968.93311648065,320.3392926362894,711.2295009127139,932.4161553520565,983.8992559543174,977.2255206910613,972.4585669315927,838.9838616664722
969.8681683202775,310.4450352612994,655.1723443551349,945.6193865474548,936.0965327050836,970.3788065376198,933.2396765523723,894.1959757986506
970.8031220608356,329.02543508519676,720.0411695342711,945.1136410708116,924.1323089784222,988.0300021688807,926.039702805003,911.7342491056467
971.7379777177556,306.04676802808586,675.019039762881,908.6061368559683,911.4663870244551,920.0471375299155,959.1372231659016,884.7707187852452
972.6727353064816,322.3522471993889,697.7978057022066,876.0396365065745,913.0153354500338,941.4581807911565,965.1605519087585,839.0639375631152
973.6073948424382,315.5226553713356,703.2733884782781,878.1413661539581,937.0642716751111,934.2131633434424,929.4613161239946,868.6376717150624
974.5419563410542,318.83255044220806,702.1907360929582,874.8917009158209,872.9938881155697,955.5487449264986,929.9282721231068,862.5559177141879
975.4764198177508,309.2789520901505,647.967865882125,895.5807692426442,908.8626874305648,971.4774446021904,931.6316900384287,865.2220990988259
976.4107852879532,306.31384003051846,674.6538470454099,935.163748379776,887.4513122379508,971.4251998475632,927.529758597084,852.144109493
977.3450527670793,295.39340494183296,669.175998250107,895.7398719433576,904.3435633494304,965.5253689037258,935.890431838364,853.6773806247794
978.2792222705356,312.20490150414975,702.6997171469548,878.3746464336934,896.5149923926502,960.4835807742344,958.5740706732915,835.4106691624802
979.2132938137437,312.7083007037516,678.0127987735776,902.7420057013502,910.3923616818702,964.9011480430745,915.173834169695,889.3538827354404
980.1472674121068,321.4473650021092,677.2333209243251,869.9109699760345,847.0185760292968,955.757447276301,946.2189497984937,851.7878247682005
981.081143081028,297.6657327989285,695.1873823514911,915.8214079404734,933.8905738292261,930.0865389052782,944.351669870083,816.9164999178262
982.0149208359073,301.38823147021543,680.7380874847768,897.5094337788119,941.2440036451524,917.4752156743151,923.1797247873161,854.725615431305
982.948600692147,321.2235095631375,679.5112702297139,928.5070084117909,895.2442189599867,949.4150474957821,947.5143166699647,840.1230250112827
983.8821826651438,318.75809535059125,686.9950592332146,897.2802504943509,895.3772170892728,978.1591702101725,958.1773194568519,829.7225646140763
984.8156667702859,316.6409749757354,671.4314650087882,886.9762250826321,898.4210795998274,923.2182643870839,924.1720022635168,801.1398162036678
985.7490530229553,303.24567469204624,681.825966681802,886.8505580616446,889.7113663134564,908.7834213255347,980.3036276208287,857.2888727929231
986.6823414385507,285.2840068598946,657.9782649798916,902.9190789505082,900.9979745272092,937.4989585698894,886.5896913524671,833.7593197117459
987.6155320324467,299.85734294855325,663.3500062656099,911.1420870944786,889.9303136383108,957.4223200897537,942.9597472787302,871.6110547443478
988.5486248200177,283.07017380211994,657.6086010437004,878.0952330188211,920.4594767170976,956.0839543724663,924.3107715987591,863.6528772125905
989.4816198166518,288.700887450748,713.0330643078877,888.3849456118655,923.2615628877948,931.0119222824458,925.1991527364576,837.038814622303
990.4145170377124,298.50055343411566,707.485077944495,891.6250297382676,884.8409262511285,932.3296506611015,955.5894340455781,877.0876651229697
991.34731649857,293.7456904799753,697.0401038122185,897.7178527539838,871.5424941963622,931.6488731064562,962.6715202858595,849.2449665361661
992.2800182145876,318.6917495100392,695.3274534764491,905.8571546679295,915.5144804106579,923.2403410048407,922.2746084305679,872.05651456838
993.212622201132,314.82960521502446,702.8306171466907,864.5779372571619,890.5730422749162,936.7865623064795,965.6700123262065,832.8061422354622
994.1451284735667,305.36514930572054,692.3530586459891,878.6450050777809,909.3735735613753,950.6650874612055,904.5722347358137,853.6780431848603
995.0775370472367,299.26408949676687,695.7168382834805,913.1884917441536,909.3394359306903,955.5281056922491,928.5847149980065,873.7356696561553
996.0098479375047,315.4067878034178,662.4501227117377,892.5341016564802,875.2778032356244,945.2616801646503,955.8071958662844,834.0544236746914
996.9420611597197,295.07528709035677,676.3738723564671,901.5124842598237,902.4705209062209,944.6241333477005,910.134814077399,834.4499190120154
997.8741767292266,305.22616521528494,700.2815499401316,893.4626671649954,881.8718001315036,953.3488135047032,937.8943241267142,801.7016364831851
998.8061946613634,296.6510878748553,689.6174640207676,921.7373087540147,890.9164165072765,915.9583914577513,963.1528827105692,834.090396427353
999.7381149714785,295.38914603983477,693.7315123606543,907.3353899529777,884.2430788619157,919.8437251273031,925.6168029000685,848.6424325965285
1000.669937674906,318.0603785564993,657.3247823500986,905.0263498925844,875.1479506948526,914.6645431821753,927.1941944586434,849.1248288129573
1001.601662786972,315.6004007225703,633.1370002225797,910.0134253963683,901.3005308978925,952.6097985000282,929.3754131707592,853.863660850635
1002.533290323023,312.04464167372487,675.2916548914355,928.4052651654786,901.3549556705426,946.7608323227565,912.9479454540866,876.2368111395308
1003.464820298374,320.6054656151802,703.0143944814795,882.6307095550443,918.3608367470976,918.3608367470976,915.4637994072013,860.4200899491734
1004.396252728355,335.5933371733089,662.5075363162737,900.7016578157198,912.2738418561788,936.3825586071349,957.5982293479763,866.9494543643814
1005.3275876282789,300.20950607826956,691.1575766946655,876.4959212831792,926.6917229425684,950.8243198941977,951.7896237722629,838.8490700386374
1006.258825013476,304.4665932765164,691.7943480143632,896.0567460353172,918.2172892168359,939.4143305208971,960.6113718249584,859.4436746919387
1007.189964899251,318.7754331669287,698.4079944839075,896.435157511848,908.0269914451909,947.6324240507789,962.1222164674575,830.7480985562385
1008.1210073009171,321.03817450629083,682.689612052534,898.326699145615,891.5578219722895,947.6428042655572,959.2465937055437,856.7464536523303
1009.051952233782,314.98509531919916,686.0104836706485,933.3607425716147,936.2593784181104,953.6511934970845,928.5296828274552,845.4354552279118
1009.982799713158,310.49280371776365,694.4979223344371,929.5438765506881,897.6240556077405,951.7910244806213,993.3835184365835,857.9660962543812
1010.9135497543359,338.1816216061516,712.216309113242,932.1797134244065,935.0867187677259,949.6217454843226,968.0327793253451,877.9156136824452
1011.84420237262,328.65162842273685,679.5355728858353,910.5583352182887,869.9601928837152,926.9909166394254,918.2913147105883,862.2272133914156
1012.7747575833059,330.62476353965616,676.7627124653372,906.5517709958314,895.8864560429392,960.8479198469187,956.0000494137859,890.0690115231799
1013.7052154016859,344.1523321717559,737.0514536029673,966.1613631224081,928.1388675000329,986.6350146113795,919.3644454333308,864.7680414627407
1014.635575843044,333.55746723050487,706.9862352086794,947.1865104446406,950.1039226944702,960.8011009438449,948.1589811945838,856.7467306999265
1015.56583892267,342.1716198167843,701.7910842701185,903.410622292473,893.7173752721675,929.5823892472979,943.1529350757256,871.4229071254648
1016.496004655848,355.06729631610614,714.0151095318419,916.7721175374871,904.1604376136911,954.6071573088756,912.8916006378576,871.1760439668396
1017.426073057854,337.3232255244971,685.3089667983318,936.3627467145524,921.8229525109102,973.1968920304457,915.0377152158773,856.8785384013088
1018.356044143962,356.69729438190234,704.69465475449,896.0932029594131,897.0598622937814,963.7593563651941,971.4926310401405,852.5935329128397
1019.2859179294541,349.2703274642404,707.2724131150868,930.4173445505737,891.6095303878803,944.9702748615837,953.7020330481897,877.0566000768703
1020.2156944295889,357.87650385044657,712.8195937349059,952.3817342905327,875.1351665195347,943.5814923925709,978.7824599844181,883.9354084174964
1021.145373659641,359.72357772489295,704.8242457861724,927.0924726730981,912.4695630094845,944.6399642694344,947.5645462021571,835.4555721144533
1022.0749556348669,376.8710988819141,696.1375479347273,933.3905972308546,929.485197242441,961.7047471468534,991.971597057059,878.714997393064
1023.004440370532,361.9442581197242,726.8074215468656,950.590161782179,887.3472134548078,919.4551718363963,984.6440570353789,883.455339711585
1023.9338278818941,376.98350168551,674.8590664888276,924.8792126843989,919.0193655079403,972.7346312921451,946.3653189980809,893.6266944099525
1024.863118184199,371.81435647467305,728.0144617588086,901.7230062535377,864.6391596760113,992.4808412985367,947.5898691257415,860.7355968783769
1025.792311292709,375.56187065807774,715.7304760185356,898.5956800562384,913.3428739302467,984.1294045254865,968.399064393211,882.8653399239629
1026.721407222663,364.28978446284276,727.5976557600175,947.5462048696584,889.613328095244,962.2749023546789,982.8950788337078,892.5590675922482
1027.6504059893089,395.92210118200825,726.6799662592471,945.8687604298352,948.8307711618702,943.8940866084786,983.3875630356116,889.5905565211707
1028.579307607881,399.7828691523559,742.4538998543752,919.6975364243851,914.7741020752183,989.6103041825558,948.2534556495534,921.666910164052
1029.508112093627,408.9716452544345,744.5632106187193,947.0922311155325,892.3017714642208,964.7034502891685,995.0338833104304,866.8633437689689
1030.436819461775,407.6499731010019,709.7215359024638,920.8783565015439,899.3716432923783,950.2056926958605,940.4299139644216,867.1115734786299
1031.365429727557,388.3222385513157,726.7592525028402,910.649884360894,929.2345758784633,949.7755507136715,963.4695339371435,895.9777594786025
1032.293942906203,393.9729400242543,710.7154525995852,920.8995273023512,946.317136336174,973.6899460649063,969.7795446750874,912.1011241752586
1033.2223590129402,431.442444975906,702.8021728114306,936.0934496196694,926.3323083306218,985.8752701938124,952.6873898110505,857.0282051783835
1034.150678062983,422.9633131507564,731.6386178981907,932.8636583348091,943.6086847658906,955.3305317816161,982.6815081516419,847.8802674708004
1035.0789000715558,410.9450173511085,725.2545080567069,916.5733284862016,949.7612871321344,995.6387593779826,943.904588547558,869.7197398095907
1036.007025053874,416.8381831646084,724.3417609089917,944.9633754176602,925.4393387354772,965.4636139339525,987.916256118463,844.4145865044175
1036.93505302515,440.4356122488215,732.4317276865103,950.2080947186327,895.5198590513731,983.4116663737544,939.4657627125638,862.3162873962514
1037.862984000589,439.0453837581901,726.8640242218925,906.3848033585747,904.4334905418716,938.5814648341753,943.459746875933,897.6038956834109
1038.790817995399,424.6633784962122,742.4253522439553,944.4591997502364,919.9405289363673,972.9008578943245,953.2859212432293,887.5758834620601
1039.7185550247889,436.0849428150665,733.9946565583928,928.0279569570066,891.7692089027202,953.5070772113701,965.2666711749224,905.4887351935313
1040.646195103949,436.53680963530906,732.1289991193075,913.2036847303661,916.1400309835185,955.2913143588826,986.6123410591738,889.7129147051478
1041.573738248077,458.87162393481105,736.3516871261604,938.3336412513123,888.3284001814932,955.002054941252,948.1385904806885,857.9330575704266
1042.501184472374,455.3339971048236,751.9909952185723,975.7157080817649,916.5814227434761,977.6868509263745,946.1485654126204,854.4904231382728
1043.428533792023,457.27973273891723,691.3282841192662,915.5428627525417,941.1111918949329,957.8289455649577,989.297658355593,891.9413281595654
1044.3557862222149,438.2534119922629,740.2929256626063,926.846742929583,928.8208573980166,984.0960625141579,1003.8372071984941,879.4679956871762
1045.282941778125,467.27652455182204,781.751653944293,934.5530491036441,920.7516327666705,955.2551736091046,986.8012680936158,898.0778773559281
1046.210000474948,469.21341817175835,750.345508384373,976.0431019353454,941.3965415218189,948.3258536045242,991.8815295529575,933.4773277130129
1047.136962327848,480.6719896659015,747.8223310298014,979.2202103524357,915.6602778346306,961.343979331803,986.1720779715706,914.6671538890398
1048.063827352005,487.25065242990877,731.3741899459162,950.5871624092698,926.6730199587222,1012.3653637398513,976.4941500640298,876.8518898534145
1048.990595562591,470.7900544362614,716.117361283849,935.6207410948487,945.5530207243056,980.315999427405,987.268595168025,857.1557320221384
1049.917266974775,476.05616225622566,734.6298251238177,972.1567945021872,977.1679119996211,954.116771511425,994.2057114908965,875.9433385514552
1050.843841603717,493.32824608588663,800.7792507748505,936.4193999023347,929.3862069846133,1007.7560709249374,988.6659758625508,904.267660849894
1051.770319464577,498.85639796255913,725.791071985607,938.7297749235331,925.733516058777,990.7148103825573,1022.7056014342645,874.7481928201187
1052.696700572524,494.69058234236024,741.0344755735762,964.3462161856132,913.2749212474343,1011.411919363935,960.3406244257561,900.2567480278985
1053.622984942704,475.33498180932446,748.1010473201604,926.602369602987,924.5967367683485,994.793885980696,984.7657218075035,897.5206935007287
1054.549172590265,470.9573284323711,724.4726562906475,970.9737260658885,921.8739194846414,952.9370624237978,973.9798366729037,903.8372558425506
1055.47526353037,476.77889605483483,694.1339810210095,959.5676101271675,922.5070656859303,953.5577921096697,988.6150638784075,878.4350668909457
1056.401257778154,495.82099966237627,744.7311386057869,937.6614872647357,950.6567957236286,938.6611263769582,940.6604046014033,907.6723138980598
1057.327155348765,481.9053843948696,741.3928990690301,920.7298300600523,925.7392415402485,1002.8841783352692,1017.9124127758577,933.7542999085623
1058.2529562573359,473.377972839612,712.579581195934,963.8417748475327,919.6196287648514,971.8821650443839,981.9326527904478,857.3066047392549
1059.17866051901,486.37771896894867,687.7062010011774,921.9249796030277,904.9814934914045,962.7886814016484,973.7521135915223,878.0712508435323
1060.104268148916,467.1244596123297,734.9028122563403,925.3229741365258,939.2077776069559,978.8786446653279,970.9444712536534,893.5862804898281
1061.029779162182,462.3495254493213,705.4816034873264,928.6848226697573,926.6919367841999,995.4464998359309,1004.4144863209393,870.8911319885922
1061.95519357394,487.2798173576756,725.4613981435048,910.0521232525224,928.9081650647339,1000.3626393004827,972.5747882088026,867.377923361728
1062.880511399315,462.1200147975618,690.2177144091788,910.4159265883588,917.3279780917412,935.1018248147244,952.8756715377075,835.3707959802078
1063.805732653422,479.965971819524,702.0989835707087,890.5153774668028,899.4403645460915,961.9152741011121,981.7485787217537,891.5070426978349
1064.730857351377,481.6280648801696,724.4241058177037,883.9757898623689,918.6609385677309,955.3280957705422,942.4450405371219,892.8948281008905
1065.655885508299,496.40994785415717,674.7608273227166,896.7085884391462,905.6261324125742,946.2504994026349,986.8748663926957,886.8002062464484
1066.5808171392998,491.3054360825616,698.8992823146299,893.6420809228082,900.5618757972104,918.3556340456735,979.6452457903792,833.3410113030169
1067.505652259482,477.8733327916135,732.1454788111677,870.6594883159831,932.9907925931501,987.4070106128991,964.6511376228223,855.8187015833244
1068.430390883954,490.1645633381809,698.1131659665001,919.9250087700406,923.8859345343894,978.3486637941874,949.6319520026575,853.5795022171958
1069.355033027816,488.4628118740347,692.5669482757612,915.4962234718216,919.4594105864182,948.1925171672439,1013.5851045580882,864.9655877607146
1070.279578706166,475.09859519114906,673.2206234762548,907.8128758735442,888.0992412183098,905.8415124080207,964.9824163737238,871.3426517613605
1071.2040279340981,454.95938312183125,693.7883868430529,896.1022123093769,889.1939353422342,936.5649774026418,945.4470477889682,890.180832051826
1072.128380726706,461.3830501201394,670.8331713738215,869.4155976567938,897.0788212186009,925.7300170504725,955.3691851524086,1412.80034619229
1073.052637099081,472.879248774369,691.5117047976651,881.4548340124744,892.3369924570728,998.190715509076,963.5656659126263,1387.9698452519658
1073.976797066309,482.11073963467334,684.222603898698,904.0808757566369,852.8134760408843,950.4187178074134,951.4046293404085,877.4612643657654
1074.900860643462,451.4287486982678,675.6614094302302,882.1135067561338,938.418624208653,906.8087337089931,959.1626148490548,888.04036122482
1075.824827845634,449.66827906776103,703.6567355961447,879.5709194951809,917.125632911829,917.125632911829,917.125632911829,868.6998182429933
1076.748698687894,469.7302883873405,670.0564407878239,880.2508765577894,873.343078199152,982.8810236004016,966.1049418722823,880.2508765577894
1077.672473185314,454.0333764057444,675.6331805083312,850.9432477539331,907.081864793255,917.915632993826,912.0063048844237,846.0188076627645
1078.596151352969,460.20810491325983,659.270283055612,911.5471028795831,872.1288497820876,961.8053755788899,984.4708711099498,883.9543257113363
1079.519733205922,448.2177854710515,662.4973408058963,901.3502396424435,884.6403660612859,928.8723843643502,934.7699868047588,863.9987575198559
1080.443218759236,441.07753101071705,644.9533675667818,887.0559234771088,872.3533391100848,879.2145451480293,927.2429874136408,829.2257583001481
1081.366608027973,420.00373217861886,666.7192112206047,880.1476811854973,848.81873146588,925.1830464074471,934.9733431948275,887.9799186154016
1082.289901027194,412.7190612180233,643.5287731788135,887.0525794425287,885.0965649343864,910.5247535402361,940.8429784164417,847.9322892796829
1083.213097771946,427.9530492186065,658.9892056304737,864.6796233642459,860.7802789522312,951.4400365315715,917.3207729264435,839.3338846861508
1084.136198277287,418.56364685021816,643.9440720772587,848.8353677382047,853.7137319206081,900.5460280716815,941.5242872038707,829.3219110085907
1085.059202558263,425.05930135950985,662.9365250561162,871.566549117894,908.613001988677,911.5377219521598,952.4838014409199,874.4912690813769
1085.982110629917,442.97338913775286,656.1482209965391,883.0131796719445,842.9206654232737,910.3934333051831,954.3974123586022,852.6993274351446
1086.904922507292,403.9955358645011,658.9441750022932,897.2230954272294,873.6893748914333,897.2230954272294,980.5716889915076,857.0196561785776
1087.827638205425,418.19428316750185,616.9595659906439,850.1643780158156,839.3405259808919,940.6911404897219,921.995396065763,858.0362704048508
1088.750257739357,402.5730226287364,650.6131245906962,893.7317959581727,894.7160820770694,899.6375126715527,959.6789659242493,846.4860622511327
1089.6727811241142,400.410557788706,668.6659068491199,870.8436515453877,855.0639251300693,919.1690636923006,962.5633113344263,838.2979658137934
1090.595208374729,421.14352682369605,664.6017894164154,880.5728288131826,877.6277691850448,938.4923348332247,955.1810060593385,853.0856056172304
1091.517539506225,396.4603270541038,647.68271251413,833.1554892795399,877.3156742236852,921.4758591678304,946.009295247911,856.7075879164174
1092.439774533632,382.09963009498523,635.5230351451297,835.9043321615229,863.4076474382829,918.4142779918026,925.2901068109925,871.265737517357
1093.361913471959,385.0946380227684,650.6433578807079,833.8817734284373,891.6949633606087,886.795540485001,931.8702309405921,850.5398112055037
1094.283956336229,403.44160807052384,653.3786042898239,852.1473965587162,875.7634906896736,935.7877299391906,919.0596632630958,872.811478923304
1095.2059031414572,379.7164490168739,658.8326959565501,873.8409709842864,876.7998004571452,930.0587309686028,974.4411730614842,878.772353439051
1096.1277539026519,384.5681690402585,685.3201986743069,830.2728162356351,870.7017775962776,899.29787221722,929.8661112947789,831.2588884639434
1097.0495086348199,356.8340957728936,647.8062510036829,887.6616762614956,903.3899008685653,910.2709991341583,939.761420272414,823.765763795275
1097.971167352967,355.60595621083564,657.183383163119,842.8450564334171,871.3328264061083,913.5733129173402,938.1317353075913,869.3681526148882
1098.892730072093,368.0218657716309,642.3299407897431,821.9480397339873,888.3286415177298,898.0904947212214,921.518942409601,849.2812287037636
1099.814196807198,353.58440918101473,669.1804107640693,844.5115227546551,879.5777451527723,936.0733256830721,944.8398812826015,862.0446339537136
1100.735567573269,352.5036049664176,659.3662473063293,852.6120252355776,869.1204585260159,931.26985444296,939.0385289325781,838.0457605675438
1101.65684238531,348.5651077108589,631.8959634199648,820.7832005593689,935.6733757266352,912.3058824722759,919.1214013381307,855.8344404409078
1102.5780212583009,371.6507072977938,671.1172877188508,858.4058331287627,897.424280089161,929.6144988314895,940.3445717455991,839.8720708225735
1103.499104207229,333.7579560426836,668.4918125416324,836.3466910192393,877.3345101823759,913.4428270641868,937.8403384708156,903.6838225015351
1104.420091247073,347.44597670124847,669.4452058131097,873.0191865282073,885.742560322901,934.6786133794149,969.9125715801049,886.7212813840313
1105.340982392823,353.67333640552727,674.9266169738812,873.3766557347604,885.165766948278,940.1816192780267,949.0234526881649,859.6226926523233
1106.261777659445,330.3681014295687,654.8542782046051,864.64292421626,849.938112579929,903.8557552464758,917.5802461070514,847.9774710284182
1107.1824770619169,346.8092236128551,634.8372228845483,882.6980521897809,888.5761746238971,921.8855350838888,943.4386506756482,872.9011814662539
1108.1030806152048,323.5556923869322,656.9161027249836,890.2683899616196,885.36603098606,924.5849027905366,961.8428310047894,899.0926361176269
1109.023588334283,334.45993041986424,665.9773981087619,820.9471019396667,860.179938352554,947.4729993712282,967.0894175776718,868.0265056351315
1109.944000234107,326.86684132431435,653.7336826486287,866.4410599880333,885.955498276052,917.1785995368821,948.4017007977121,851.8052312720192
1110.864316329637,334.9700924134908,653.3381685849137,857.4453094432797,893.5791094995456,925.8065527929717,915.064071695163,842.7964715826315
1111.784536635834,326.95033689439896,668.5402411124277,865.6864144039757,897.8934625159613,932.0524529377642,958.4036741202979,858.8546163196152
1112.704661167656,319.672967311415,621.8029059289108,856.6845678863834,911.2628793785763,928.8059080724953,930.7551334829308,858.6337932968189
1113.624689940047,322.5113377439009,664.5097653816932,873.9959817410246,894.4574261296104,945.1238598537278,901.2779075924725,878.8677542144975
1114.544622967958,314.79576871279704,664.7860954183292,888.6625893165606,844.6693918256417,938.5215464729353,965.8950915783959,844.6693918256417
1115.4644602663361,297.8150858715104,632.8570574769595,887.5673282881198,898.3435320532074,963.0007546437326,965.9397193069383,877.7707794107675
1116.384201850124,325.43059452956555,710.8348031567248,857.3277293951093,885.8397754415063,946.7965635406998,982.1908275982961,866.1762954095084
1117.303847734249,324.78929166484716,669.2627828245336,886.773187242507,890.7100271414748,943.8573657775407,979.2889248682513,851.3416281517964
1118.22339793366,319.56451426299884,666.6607405240406,876.0984067948675,889.864262793889,951.8106147894857,959.676818217498,901.6635679359074
1119.142852463287,335.8138642559539,661.8372368426379,852.7518243933989,903.6623810736018,944.782446084535,977.0910685931252,882.1232994012082
1120.062211338052,333.42136161776943,650.2205439173509,869.242200815827,922.042064532424,923.019839786435,991.4641075672088,861.4199987837386
1120.9814745728909,319.1471524827076,667.5738602390581,907.6662134829298,894.9784061976846,950.6095612176061,975.9851757880966,882.2905989124393
1121.900642182722,326.819137266804,645.8336384197738,911.1912662901341,920.9470614324267,958.0190829731388,946.3121288023876,877.0459832921098
1122.819714182468,323.535067804607,640.2072705345709,904.9177805565221,895.113687592746,953.9382453754018,1000.9978916015265,900.9961433710116
1123.7386905870371,350.65655460726197,689.4932253513579,876.641386518155,917.025989717306,969.230476779623,979.0803799989282,886.4912897374601
1124.657571411357,337.35563414261185,655.0403858279285,887.1567988240113,918.6302107556836,939.2846373358435,994.3631082162699,904.8605930355769
1125.576356670328,338.9432938006359,672.988563124384,883.6036156305595,909.073342910376,939.4410946670804,998.217388389734,902.216108642733
1126.495046378863,330.67494329287655,678.0308184432573,905.6764767339023,922.3574085914064,941.0008030203817,988.0999047356876,909.6014018768444
1127.413640551862,319.23993394033397,693.150926904089,932.3368101315564,943.0757681540141,979.1977178659173,979.1977178659173,913.7877008200385
1128.332139204231,318.4949895365192,698.351399075487,928.2132263862471,936.0051527357645,965.2248765464543,976.9127660707302,931.1351987673162
1129.250542350867,360.7092508591446,687.389327108936,908.0928310038843,909.06509313558,956.7059375886746,992.6796364614195,922.6767629793213
1130.168850006663,327.43616088054966,684.1949630339844,902.1599298290965,933.4374138535072,951.0309986172383,1014.5633880418226,922.6857787201161
1131.087062186514,343.52866365384,689.9934697320718,915.0977222687761,934.6720050980547,984.5864263127153,1019.8201354054167,942.5017182297662
1132.005178905311,347.29055149081665,694.5811029816333,933.587240945819,898.4679716939386,996.0214973936062,1026.2630903605032,929.6850999178322
1132.923200177935,348.9939271825238,698.9599822959182,936.1591974283299,970.1836750087988,969.2115470779282,1001.291768796656,954.6296281148701
1133.84112601927,348.116645496881,676.6761760782068,888.8708729119799,885.9373056746466,1008.169273896866,1023.81496582931,925.0515355057568
1134.7589564441992,348.25512989078095,694.5592506505211,960.8719970375888,933.5578692030178,948.1904376858237,1016.4757572722514,922.8273189822935
1135.676691467597,370.83681717576343,709.6379930771808,933.8874819976031,927.0920429394085,1008.6373116377439,1018.3450817208791,917.3842728562734
1136.594331104334,336.98703814545735,695.339248738177,898.3083869871701,959.4904717225126,979.8844999676267,1013.8745470428169,924.529280445174
1137.511875369288,354.5729016960969,717.8886968586728,940.3467639501966,980.1755008530458,1018.061372541122,1001.5470182155503,973.3754726013399
1138.42932427732,362.6114474168932,711.6854007968891,931.1861969665819,985.3361731141712,983.4022453946144,1001.7745587304037,924.4174499481331
1139.346677843299,384.2733763346495,714.3419439168044,961.1674123433426,930.1932359133457,996.9813038405265,984.3980446658403,939.8726660477197
1140.26393608208,364.20946676693654,693.4548247242471,975.1101456906781,987.7360738719319,1004.2469030320331,1020.7577321921342,924.606432965663
1141.1810990085291,377.2553583651537,761.3344570624937,965.0718469806258,962.1473868382603,1028.4351500652124,1043.05745077704,932.902785414605
1142.098166637497,352.33253608459995,740.7767171418596,963.3025294058175,991.6062511411455,1027.7178961138054,1094.085243631126,954.5186157638192
1143.015138983832,379.67782861138136,708.3395148770473,972.2499435500747,981.0796604945255,998.7390943834268,1063.4903519760655,956.5526689821623
1143.932016062394,380.78456465475125,782.2318576241014,973.1161096732532,979.0197463345671,1034.1203551734975,1027.2327790686313,943.5979263666833
1144.848797888019,381.0137716389238,746.3560256783031,982.408259521441,932.4552971728931,1014.7307645705014,1053.9095585693624,952.0446941723237
1145.765484475553,389.39899068836445,761.1869717476069,975.4542555685913,950.0161305487484,1046.8766835089195,1051.76863062812,956.8648565156292
1146.682075839832,381.7632105136621,777.1956919920077,982.234756462261,997.8567804218993,1055.4629937730658,1049.6047347882013,969.5418619950549
1147.598571995699,393.26079661985545,761.2752211110288,943.8259118876531,1003.0577849587918,1016.6519853357745,1057.4345864667225,990.4345988944508
1148.514972957983,392.3619470925515,776.9735347363611,1005.609138474243,976.5452905414614,1081.175143099475,1038.5481661313954,955.2318020574215
1149.4312787415151,356.356483952534,750.5819130662364,946.7236290292116,966.1436009067338,1030.2295081025575,1055.4754715433364,928.2746557455654
1150.347489361127,400.6564259559866,755.6069004072854,976.3569215043946,1014.2831365827525,1054.154285767693,1090.1355667394685,976.3569215043946
1151.263604831638,379.49844495997456,789.2396965877107,983.3790039065666,963.8675157338172,1078.9852959530383,1063.3761054148388,973.6232598201918
1152.179625167872,395.50670425757346,746.9594439320014,980.9349447180412,1059.2531039769665,1064.1479889306495,1094.496275643483,970.1661978199388
1153.0955503846421,396.8715159435415,789.8329676905948,994.1338219570978,1048.8747207079311,1072.3351058868598,1070.3800737886156,988.2687256623657
1154.01138049677,371.54934415779735,782.2091455953629,994.3833763381051,1032.516072185879,1069.6710066016587,1027.627265025908,989.494569178134
1154.927115519062,406.16565874609813,792.8509501662443,1000.3168621876325,967.2002377335142,1028.563394810263,1059.731982531786,895.122878627492
1155.842755466329,386.7965584709446,794.9738312292279,1012.6683767003123,987.4002598152757,1090.416428654271,1090.416428654271,941.723279292325
1156.75830035338,403.9818188058487,797.2814260567351,1024.521199135025,1045.8856222449497,1039.0878512554282,1107.0655611506431,969.1679210774928
1157.673750195016,397.8230351398803,785.9666776972817,1043.4385203912188,996.9774359953204,1023.1117959680133,1087.9637262706215,978.5865900886107
1158.589105006035,412.7902947970671,824.6161262885336,989.5393515462403,1012.6864708806552,1046.442686576677,1089.843535328705,977.9657918790327
1159.504364801232,393.34833271305325,789.5960388859079,1008.9819640108786,1037.9756986088923,1095.9631678049197,1060.2042284673696,970.3236512135269
1160.419529595405,417.9294427704169,830.0137185090798,1019.9816470410875,1045.3107041786886,1016.0848690199181,1118.3752920756147,1015.1106745146258
1161.3345994033439,431.8006149257553,804.1433573673773,1026.3793397670888,1038.0759704197053,1059.5197932828353,1111.1799119985578,1026.3793397670888
1162.249574239835,416.18662203254206,832.3732440650841,1050.7488128021591,1043.893974321623,1073.2718535239203,1125.1727734479784,998.847892878101
1163.164454119655,424.32514457018203,819.1148962468479,1058.3515786843288,1055.398039394977,1106.5927204104053,1121.3604168571633,1022.9091072121095
1164.0792390575991,414.9372224280457,815.0904583087738,1026.0086663838374,1067.4038287163266,1080.216617057335,1090.07260808888,1006.2966843207474
1164.9939290684379,428.15581361964473,818.9952948595957,1054.677394099767,1040.9292716440905,1089.047700238959,1193.1406274033677,1020.3070879605755
1165.908524166942,417.8919569933131,800.4691007195856,1047.6727935888694,1071.216002433563,1062.387299116803,1106.5308157006036,1039.8250573073049
1166.823024367892,418.06578525163195,845.9684125091846,1042.7052526275997,1075.1668312471381,1112.546830869637,1131.2368306808864,1058.4441998370728
1167.737429686054,429.365907794226,831.2209565078151,1049.3427677900077,1078.8186882335472,1118.1199154915998,1138.7530598020776,1043.4475837012997
1168.651740136196,435.6239371562208,840.6950642403989,1078.218523187569,1092.016566445911,1155.0933356269022,1109.7569077780647,1038.7955424494496
1169.565955733073,441.71806802276916,832.165288864324,1052.0383450453005,1057.9542120277483,1110.2110370393707,1146.6922167644655,1047.1084558932607
1170.480076491451,416.3867952472014,842.6640131843601,1067.1766082463903,1065.1985237083989,1166.080835145963,1127.5081866551297,1046.40672059748
1171.394102426089,440.4170250310386,834.2133289439267,1072.276585717461,1113.9376556528296,1131.7923999108448,1155.598725588198,1044.502539093882
1172.308033551733,449.49318040210636,863.186019002275,1140.638667967292,1058.0989910350468,1146.6053916009482,1186.3835491586567,1096.8826946538127
1173.221869883138,440.3321452635309,868.7634217361556,1074.0534083792882,1023.4747160179368,1168.2686196406294,1132.5660132679106,1042.3177582702049
1174.1356114350572,435.4097364955011,876.7839899292967,1098.4652028025769,1102.4415474281066,1117.352839773843,1215.7673692557028,1071.6248765802516
1175.049258222225,461.76393618261153,848.8893050943268,1081.761634979523,1080.7664540825779,1099.6748911245381,1173.3182774984891,1053.8965698650552
1175.9628102593852,430.7671452151693,862.5245597296838,1127.9167319542019,1156.6345416352133,1152.6734644378323,1175.4496583227724,1078.4032669869412
1176.876267561282,426.4940211371183,866.8738941252125,1099.9578359094517,1096.9822962270996,1141.6153914623794,1162.4441692388434,1046.3981216271159
1177.789630142645,425.1506497990725,889.9423858264967,1048.5067307399036,1104.0042514595962,1155.5376635564535,1155.5376635564535,1057.4259751412828
1178.702898018204,446.3810002084965,862.0113092915188,1101.0731338476248,1088.1776827304905,1181.421713885154,1183.4056294416364,1047.5074138226053
1179.616071202698,462.76548274394804,891.8392601061097,1092.00762737437,1104.889750020347,1146.5089154919656,1192.0918110085,1114.7990751326372
1180.529149710845,471.24752842485145,908.6924915196503,1080.6878974637416,1085.6588629534554,1137.356904046477,1196.0142968250977,1058.8156493090016
1181.442133557375,454.4363981330518,930.6540615360974,1093.023493548778,1140.5462541378554,1135.5959665764933,1164.307634432394,1117.7749313555892
1182.355022756994,435.9631580815367,903.7049518318869,1136.0862251600865,1124.1692367842813,1142.044719347989,1179.7818492047052,1115.2314955024276
1183.267817324439,424.9903791386495,857.905986792705,1096.6534958193122,1123.4011420588076,1175.9057809733729,1174.915127408947,1093.681535126035
1184.180517274406,447.6057688221018,893.2265896671655,1114.5482891069187,1146.307456739529,1186.006416280292,1216.773109924383,1083.7815954628275
1185.09312262162,448.1936612416612,893.4191525413246,1150.6605475144636,1138.7878677464726,1181.331636915107,1144.724207630468,1083.382028829181
1186.005633380773,449.59935547701025,924.0659319427931,1155.8284315581545,1143.8921654835437,1176.7168971887236,1198.6000516588435,1072.2745690358784
1186.918049566586,459.0689359437773,924.1387730110027,1153.1731658892706,1188.1784224427179,1188.1784224427179,1192.1790231916832,1108.1664074634102
1187.8303711937551,477.19876864578947,905.2741346368653,1173.9490716055031,1158.9112952826315,1210.0397347803946,1199.0120321436223,1108.7853742063933
1188.742598276971,452.29720082034805,906.5957166885737,1148.7548374817688,1139.7489197663194,1208.7942889180983,1217.8002066335478,1112.7311666199714
1189.654730830938,434.1359165862067,951.6822060350411,1187.8441051039267,1146.6413907982912,1240.1012061744887,1220.0023211473494,1127.547450022509
1190.5667688703509,476.849734177223,930.6584097702524,1194.1279057547265,1172.0886323263676,1218.1707494947545,1202.1421870014026,1152.0529292096774
1191.4787124098912,462.130164211575,930.2361495120928,1212.095710873894,1229.0272039592319,1165.2851123438422,1241.9748163186077,1138.3939174435995
1192.390561464246,456.74299038188764,927.4171395118067,1160.266507157475,1137.3796034999948,1209.0255627755848,1217.9813076850337,1114.4926998425144
1193.302316048106,448.81726327730854,932.54253592063,1215.7960976334202,1162.935397736315,1229.7593013798255,1240.730390037715,1162.935397736315
1194.21397617615,463.04325959398204,964.9224054764916,1157.110253006897,1138.1902058406913,1233.786233627836,1261.6684083990865,1138.1902058406913
1195.125541863046,460.0478926678091,986.9574096495948,1186.544347900271,1165.5877193839501,1240.4328212279538,1245.4224946842207,1111.6992460562676
1196.037013123481,466.8716593076152,952.6975099119071,1175.1598603939544,1201.097174799933,1265.9404608148795,1251.9742145962757,1189.1261066125583
1196.9483899721201,465.5613907056522,972.9933989908277,1197.3002788811311,1207.2694735429225,1226.210943400326,1257.115446851879,1129.5097551809506
1197.8596724236302,457.9171879996625,955.6532619123391,1172.666190138266,1186.602800207821,1218.4579089382323,1265.245099886024,1121.8971105991732
1198.770860492674,464.31838828537707,939.5970818736279,1225.5614111395146,1214.601105836641,1214.601105836641,1276.3773720892018,1149.835665410569
1199.681954193922,493.17507947818916,1005.3569064413389,1193.4236710293706,1196.4247364217326,1217.432194168268,1274.45243662315,1118.3970362203154
1200.592953542033,486.10742195921694,993.3499492210085,1177.527295429159,1184.572330530017,1258.04198229611,1291.2542906287274,1186.585197701691
1201.503858551652,501.7474694748921,979.2168355880958,1236.160096165964,1183.5575388823058,1283.7047152492703,1335.295684892858,1172.4300748415321
1202.414669237442,501.5737114399634,1044.60815305944,1235.7320068137808,1238.7657187781354,1275.1702623503909,1275.1702623503909,1207.4173618131376
1203.3253856140511,472.3592140057374,1007.429929656776,1187.4726279287702,1248.161177908094,1302.7808728894856,1308.8497278874179,1180.392297097849
1204.236007696127,493.90581790205425,1037.1016257780407,1239.2911764874355,1184.9715956998368,1319.7646295061002,1293.610757275034,1176.9242503979704
1205.146535498308,496.83776732169736,1002.6725968282947,1264.5870737664932,1230.5981721790934,1272.5844623752932,1327.566509060793,1207.6056799287935
1206.056969035246,478.2617728287833,1015.187671638644,1222.0035734024423,1245.8669466828806,1265.7530910832456,1308.508301544031,1148.4248391210908
1206.967308321568,491.8392589370711,1003.5508111645289,1244.005559978208,1245.9927893072468,1278.7820732363848,1275.8012292428268,1189.3567534296446
1207.877553371909,478.8651853054524,1026.28161083098,1217.0328879651022,1197.1629632636311,1285.5841281851774,1318.3695039426045,1210.0784143195872
1208.787704200913,486.0548462327007,1059.5796852434744,1244.4594427062193,1249.429328659519,1267.3209180913975,1331.9294354842923,1225.573876083681
1209.697760823197,472.20455899970716,1017.1326049339684,1256.2235208831873,1279.1364003283206,1294.0795825751468,1332.931856416895,1203.4242769444015
1210.60772325339,517.9830542743234,1052.9655524147925,1224.9599256487377,1237.959500369908,1271.9583881021995,1325.9566215593684,1233.9596312249325
1211.517591506115,490.79300635272364,1071.7316669334987,1269.0504878548998,1269.0504878548998,1294.0909473626918,1344.1718663782758,1231.9906077833675
1212.427365595991,513.9703076896012,1066.9383624607092,1319.9237473740732,1307.9244405797635,1314.9240362097776,1363.9212056198758,1240.9283109782007
1213.337045537639,469.7272016229411,1068.6544224556037,1287.9939899511774,1281.9846867321207,1309.0265512178762,1372.1242350179728,1264.9583276114597
1214.246631345668,503.13817965363637,1080.1498221929257,1278.8095399529923,1284.7992801869643,1320.7377215907954,1328.7240419027578,1236.8813583151893
1215.156123034689,495.73708252598766,1100.9743238428562,1285.1336818093375,1279.1609458752894,1310.0200815345377,1344.861041149818,1227.397234446873
1216.065520619311,495.18082880631493,1116.6427123483768,1281.7029886171485,1274.7426155214773,1383.1255680112129,1389.0916020932168,1260.821869330135
1216.974824114142,508.3324138587834,1087.2941846333665,1280.2814415582275,1339.9682220504526,1322.0621879027851,1336.9838830258414,1241.4850342382813
1217.8840335337738,524.921497640421,1110.4873349703603,1282.4786590078465,1287.449506523381,1369.96557528125,1367.9772362750364,1267.5661164612436
1218.793148892815,510.07496102805084,1106.9924300980595,1318.608656591106,1329.5887438148018,1385.4873696808895,1391.4765081665419,1253.72632299654
1219.702170205856,507.2959694661911,1149.6707473701254,1343.7839980139934,1364.7962571043088,1344.7845817801988,1413.8248616483786,1302.7600635995675
1220.6110974874941,526.6536860613238,1153.2416579027852,1346.1148294584502,1346.1148294584502,1399.0800009219229,1349.1128580318543,1320.1319151556145
1221.519930752307,523.2024782913705,1147.2512357953908,1383.8905246409154,1362.9224863887803,1418.8372550611405,1393.8753047609796,1319.9879318725036
1222.428670014895,520.0632365449165,1183.143863139685,1409.1713467149757,1346.1636853643415,1397.169887410093,1409.1713467149757,1327.1613747982774
1223.337315289835,525.9866424049352,1196.969602583094,1429.9636856255843,1386.9647775962835,1427.9637364149191,1452.9631015482335,1325.9663266709963
1224.2458665917081,521.377927584856,1215.549689407605,1425.2994303900182,1426.2982386804106,1452.2672542306143,1428.2958552611956,1351.3876169009773
1225.1543239350901,504.4296216218863,1162.9905165171267,1424.2129991427464,1391.1848691555992,1415.2053273280699,1502.2794882032765,1343.1439528106575
1226.062687334561,525.0581949167562,1281.5828841575023,1360.7424211773948,1387.7969464879911,1444.9120554770275,1475.9746586114159,1369.7605962809268
1226.970956804689,501.3590359858819,1239.8879153423306,1489.0663583772302,1441.0319597199002,1510.081407789812,1483.0620585450638,1306.9359301348538
1227.879132360038,534.7409865028679,1240.7192552004747,1436.991227774561,1491.066158993952,1461.0245305387348,1519.1050122188215,1374.9051956337785
1228.787214015181,522.6942578434372,1252.2675049289232,1445.1546784734421,1468.1412328336698,1488.1295409729983,1494.1260334147967,1376.1950153927592
1229.695201784674,546.7909532607504,1239.9904131323028,1428.2299216319054,1457.1132324598868,1462.093113637125,1474.0448284624965,1359.5075613860188
1230.60309568308,536.5339389442979,1276.1345263944154,1449.3384324729086,1440.3796097447107,1484.178298638123,1492.1416966187433,1363.7319041812395
1231.5108957249581,505.7960457509353,1259.0247347081238,1481.6147430543115,1453.790992011038,1495.5266185759483,1491.5517969983377,1424.973535573362
1232.418601924856,510.89527909429,1258.4261622651989,1406.942231769353,1417.8334101996575,1531.6957301528423,1526.7451945027037,1437.6355528002114
1233.326214297325,535.6032473481521,1300.4684013102733,1452.6508738040288,1479.3322163841028,1553.4470568843083,1548.506067517628,1391.3826056571922
1234.233732856912,533.6846923660714,1261.7972652223846,1500.8641999068143,1505.8240948172795,1505.8240948172795,1564.3508547607707,1484.000557211232
1235.141157618164,526.9141057876932,1329.689080518849,1514.2578633371372,1499.3732840775979,1578.757706795141,1550.9731588440009,1438.842661755471
1236.048488595625,511.54798075622944,1346.283251680154,1537.6180584358756,1469.213386590566,1560.4196157176455,1531.6698261015008,1412.7051794140057
1236.955725803826,515.7663435070225,1336.2131910934831,1507.4715136479385,1536.3464633809572,1568.2084768794605,1614.0101212835589,1426.820791979852
1237.8628692573038,533.5506227244138,1314.892545890128,1537.7048845933946,1548.6956277581296,1561.6846878619076,1614.6400867465404,1438.7881961107785
1238.769918970596,541.0092144595352,1385.5847103658095,1589.965969161634,1631.0425947039319,1597.9809204869603,1609.0014785592841,1464.7323547034082
1239.676874958226,539.7316026674887,1378.4223458459655,1599.130436156091,1538.937320616966,1602.1400919330472,1615.181933633191,1524.8922603245035
1240.583737234723,562.1278780890711,1400.7945155242862,1534.538715498967,1613.9807590929502,1640.1262417947673,1663.2549380309904,1500.3484688888982
1241.490505814614,548.3093547517852,1413.9552591401348,1606.7673399319713,1616.809635806546,1649.949212192643,1657.9830488923028,1535.46703922249
1242.397180712411,552.2761525369782,1402.7814274439245,1631.724996131981,1619.6753346220833,1631.724996131981,1719.0850420787394,1510.2242425738457
1243.30376194264,519.4314566308161,1428.1862979039972,1620.3459119177096,1646.3675263153998,1654.3741768993045,1705.4165743716967,1516.2594543269488
1244.210249519805,550.9223891853954,1370.3196383180216,1638.7944982652523,1603.8628250379174,1706.6617491069314,1630.8101158132902,1531.0053351637619
1245.116643458427,552.3773730629018,1427.8057729712552,1579.3605756888744,1646.164337413088,1614.2580631567473,1671.0911141758545,1553.4367278555974
1246.022943773009,541.6263311725938,1498.2002751772302,1650.8132193197841,1616.89923173255,1650.8132193197841,1676.747445121787,1550.0687267812355
1246.929150478056,572.9804475780733,1443.9107278967447,1661.1450541089534,1598.366326809095,1699.0115880358521,1701.004563505689,1554.5208664726858
1247.835263588073,541.0092630050299,1460.2286713401816,1665.712923527413,1638.9106297638612,1649.8300827786416,1708.3980580397365,1533.6868098032498
1248.7412831175611,556.658668410349,1471.4543654216216,1647.0312930922692,1671.9711975909406,1698.906294449506,1732.8245645676993,1581.1899452157763
1249.647209081013,575.1160319406434,1511.304911760543,1771.357378377182,1685.3400240347553,1745.352131715518,1696.3422437762285,1642.331346863542
1250.55304149292,572.4218103058075,1543.7438368525961,1724.2461847016398,1680.367160915132,1755.1609514603158,1783.0839665971846,1652.4441457782634
1251.458780367779,565.0283866051209,1491.5160574356619,1671.2526795367635,1736.792000302911,1682.1758996644548,1727.8548201984363,1586.8459785500584
1252.364425720072,561.0394068063152,1507.7311234421934,1703.048572348122,1729.95454745251,1735.933653031263,1727.9615122595926,1601.4037775093225
1253.26997756428,540.8495610311247,1532.739715394479,1715.3512830488994,1760.255766898347,1746.2854830340743,1787.1984572080155,1646.497741146413
1254.175435914895,575.9020440092816,1600.3909996734612,1735.6633277999938,1751.5777193442916,1766.497461417071,1787.385100318962,1627.246535404464
1255.080800786389,551.3044998761048,1553.2231660162229,1720.708077370989,1718.7142093786704,1740.6467572941754,1770.554777178955,1641.9502916744025
1255.986072193238,539.2576834625471,1601.8245791576953,1767.2899681683843,1765.2964092646412,1755.328614745925,1774.2674243314857,1645.6828750400466
1256.891250149911,549.7930918071453,1529.642122940751,1756.1449030500469,1797.055096814281,1821.002527310418,1821.002527310418,1696.2763268097042
1257.796334670886,554.2155253664858,1610.0060333675156,1809.6428086339379,1822.5546398700747,1799.7106307599863,1863.2765691532752,1637.8161314145793
1258.7013257706199,559.1281591392171,1567.3432971615289,1864.7518924483463,1800.313363469536,1800.313363469536,1822.1233271239025,1703.1598890091755
1259.606223463583,554.3709425363492,1592.951799231007,1769.836645423532,1808.3758018565402,1785.647581396048,1879.525013732863,1656.1955431210718
1260.511027764231,515.7292900320167,1581.967301986456,1841.3224940834818,1833.372909651389,1870.139737649818,1851.2594746235977,1728.04091592616
1261.415738687025,567.0154767493715,1591.013706613184,1826.9397266592512,1829.91358405479,1820.000726069661,1856.6783006146377,1736.7327189945784
1262.3203562464191,566.8130124175868,1665.9373756273421,1818.730448539909,1787.1860721966696,1862.1039660118636,1889.7052953121984,1705.3678460563917
1263.224880456859,552.8132208698493,1652.5060681100504,1909.6284964216081,1799.8569981809046,1875.015861841206,1859.1929431758795,1682.1740406075378
1264.1293113328031,535.1583566326632,1657.9998715674915,1915.6687099461813,1848.278398370216,1849.2694323639803,1927.5611178713514,1771.9687808503734
1265.03364888869,524.0027388598239,1631.4414194747258,1926.6263271878213,1914.7396866087704,1902.8530460297197,1881.060871634793,1764.17557260746
1265.937893138962,558.350060244827,1687.9657515230622,1918.4590148269765,1859.8421935557226,1873.7512697895793,1936.3421128419354,1739.6280346773879
1266.842044098059,599.6440155117929,1712.4162433023341,1878.486808128983,1916.2753198859452,1924.2307960453056,1950.086093563227,1835.7261237724208
1267.746101780424,591.8700140941463,1686.233697872249,1960.321154063498,1900.7369244567046,1894.7785014960255,1906.695347417384,1801.4298751120493
1268.650066200484,612.7266158957808,1697.6189761894411,1940.1359727879328,1944.0954339568877,1941.1258380801714,1989.62923739987,1831.2507906416713
1269.553937372668,582.4698290106313,1666.5930302148522,1940.5805301555554,1886.3743700953441,1915.941366491823,1936.6382639693581,1774.019783788725
1270.457715311411,577.954394206536,1724.0673454296666,1943.4940984843515,1922.9228403854747,1933.6982612944103,1999.3303704670168,1741.699852371561
1271.361400031135,607.5237828111464,1695.9629995115686,1925.6246556954268,1960.9572181852513,1947.2167772169862,1955.0684577702805,1839.2561696091896
1272.264991546253,619.0404002236215,1740.3766560962038,1999.3729566651991,1947.377487232787,1941.4912076744008,1994.467723699877,1916.9650428477914
1273.1684898711972,599.439857252646,1721.9203742649536,1956.9948280895205,1990.2970423813342,2048.0861789465403,1995.1944268360128,1813.0117251219733
1274.071895020377,628.6640545770459,1735.9366249631378,1951.702759139347,1932.0876560324189,1986.0291895764713,2030.1631715670594,1852.64648844936
1274.975207008203,599.9766825701595,1780.290876431586,1959.9892936334504,1947.2238323021704,2012.033097522515,2030.6903102374627,1886.3424013376043
1275.878425849085,624.7379507306118,1771.0731527787627,2027.4514627484004,2022.5400008715876,2052.0087721324653,2061.8316958860914,1847.6919580570452
1276.781551557437,645.3303141982295,1807.9026529583732,2004.4350668278341,1975.1018707279145,1994.6573347945275,2051.3681805877054,1895.9022412581319
1277.684584147657,674.6104575282374,1794.3853739486547,2003.2400650148095,1989.5125266348746,2077.7609876487427,2076.7804491930333,1911.0694501781027
1278.587523634145,703.361104537957,1809.9040974512282,2017.8713975377648,2011.9855305541837,2049.262688116865,2078.692023034771,1886.420368237784
1279.490370031304,678.1578164767508,1869.331272219055,2004.1810973974293,2071.6060099866163,2049.131039123554,2027.6332409067118,1995.3865435814484
1280.393123353522,706.8090679325419,1865.9759393419106,2054.1333877708494,2037.5599337641554,2033.660297527286,2097.0293863764105,1969.3162996189444
1281.2957836151982,684.6925743252127,1894.8696065490908,2081.426356472223,2009.1478250883915,2090.216988667554,2108.774989968808,1929.0553984198218
1282.198350830713,693.1929539182313,1842.3571496143736,2096.1066039939788,2095.134383862256,2066.9400000422997,2124.3009878139346,1917.2180997570156
1283.1008250144619,724.9435957279496,1930.5880455359088,2095.038337721175,2096.984495025143,2084.3344725493534,2114.499910760852,1976.3227421791487
1284.003206180823,759.1847831281545,1922.8772885408084,2133.9247958196775,2166.1681649872826,2131.970652233762,2158.351590643621,2012.7678934929193
1284.905494344181,791.8125438001724,1957.0477934419077,2143.759146362689,2130.0734974575007,2160.377434318989,2196.5466492827004,2029.3862233693308
1285.807689518901,791.7303138281374,2028.198026164673,2151.3560749823832,2196.318537249166,2205.1155407361457,2242.258444347836,2033.0852503241058
1286.709791719371,819.0871593403164,2021.2641264582207,2168.2295258613876,2170.1890645200965,2258.3683041619965,2195.663067083312,2083.9693635369053
1287.611800959956,847.594794844247,2058.4445017646,2235.189499307006,2202.9652732357386,2251.7898581922045,2247.883891395687,2041.8441428794013
1288.51371725502,852.7271555756636,2188.6663659775363,2275.899373846771,2263.157473820928,2221.991335275896,2272.9589353792685,2129.8575966274907
1289.415540618938,874.1830110577419,2160.4948548761886,2319.0812465798326,2270.13482938735,2286.776611232794,2296.5658946712906,2112.5273660275557
1290.317271066066,888.906036871826,2259.9140277346423,2300.985593794727,2289.250860634703,2336.1897932747993,2335.211898844797,2183.638262194486
1291.218908610768,922.824969533408,2294.829855308422,2405.4122747753095,2373.1182938690504,2412.2625131493646,2429.877411825506,2195.0120961436205
1292.120453267391,969.1705964492735,2300.1909615022114,2386.2525280890286,2380.3846940035637,2329.5301319295354,2386.2525280890286,2254.22626116607
1293.0219050503,975.3675423136159,2423.345877812095,2445.712232222078,2398.062172826896,2435.9877303046937,2424.318328003833,2255.1119946413514
1293.923263973837,996.2215857172666,2385.1002647318755,2458.9664505996925,2481.3206910596896,2402.594887700569,2460.9102975962137,2281.1044504179754
1294.824530052356,1039.8057851888357,2479.1620595317695,2548.352510092601,2492.8052469662994,2505.473921012649,2510.3464879535527,2306.673189823781
1295.725703300195,1045.4694123655838,2560.1345945265225,2530.9315383151934,2569.8689465969655,2543.5861960067696,2599.0720028082947,2391.7303037078577
1296.626783731699,1097.9708727814825,2592.458289681921,2546.6689098942284,2584.664352696782,2556.4113311256524,2645.0673643316104,2436.5795499791375
1297.527771361212,1126.4621030845517,2604.700001336511,2718.7104391054495,2667.0646852443065,2639.780136034646,2648.5501697091795,2482.8939780790984
1298.428666203057,1176.713006698514,2763.566646437174,2754.7779185863133,2706.928178064963,2710.834279332012,2795.791981890328,2564.3554818176744
1299.329468271579,1232.429980114782,2775.6466508672047,2809.7455040719615,2770.775386123668,2740.573544713741,2830.204815994816,2630.4829615098115
1300.2301775811031,1371.2031121202206,2991.8930733539996,2871.04788081462,2903.2082949581645,2816.472632571029,2923.674013049511,2686.8564179925006
1301.1307941459559,1367.1871849745678,2985.530271692141,3055.893014592905,2936.6672557888323,2938.621776424965,2947.41711928756,2788.123687442775
1302.031317980458,1420.6534587909302,3130.121082281116,3064.747605812028,3084.262076399815,3046.2088587536296,3094.995035223098,2876.4329646398783
1302.931749098938,1519.086240810981,3225.8700773175574,3145.1503859044255,3131.535016268476,3038.172481621962,3156.82070273524,2980.7934238704593
1303.832087515708,1534.1162144099349,3386.9465343548436,3332.365525455888,3202.7356293208677,3181.2930901105638,3194.938342335303,2991.2342198374145
1304.732333245083,1602.3466159369368,3555.35875268682,3358.5964326751114,3329.374305940699,3292.3596120771103,3333.2705895052873,3123.8453479086666
1305.63248630138,1721.446402243991,3620.171753058973,3488.4234634105865,3389.6122461742966,3408.018257228115,3441.924067064097,3254.9577442542545
1306.532546698905,1819.8083813187798,3706.47873191924,3575.661835498561,3491.35761336079,3475.853388599821,3499.109725741275,3338.2533938462175
1307.432514451968,1964.9379997910478,3895.9643477119344,3747.721983822373,3603.3552372894014,3642.1114108553,3645.0181238727423,3418.294508512237
1308.332389574862,2036.0668313079877,4147.61522765496,3949.234191334552,3794.400211767405,3763.4334158539755,3796.3356365119944,3609.5671486591227
1309.232172081898,2176.5787440552062,4398.603601380335,4047.6048967637025,3933.5061442987912,3849.382487820425,3935.4400214592138,3758.490261280581
1310.1318619873712,2338.4518746006725,4555.564403279766,4229.404241442561,4087.6798854061567,4030.4077141311714,4148.834915750633,3876.064066118923
1311.03145930557,2560.7069818234218,4736.82108995093,4433.041402373399,4230.521610655045,4250.96832039584,4362.938397547815,4098.1048237622745
1311.930964050793,2756.018385843697,5068.114347121967,4631.006521179254,4619.324352111743,4527.814027749571,4526.840513660612,4389.575027117355
1312.830376237325,3006.203786123094,5329.223675237961,4965.248208740701,4770.60892184377,4582.782009988232,4695.672796388451,4465.025241415589
1313.729695879458,3189.7311286075023,5656.028121514341,5180.878917985507,5004.645299463542,4892.67366338605,4953.040980227828,4712.54537926139
1314.6289229914619,3545.206536506898,5951.785301689172,5406.294114914524,5271.13676204166,5180.707741774205,5176.818321547648,5038.743903504867
1315.528057587628,3880.062463128233,6504.1227878907475,5861.0185122341345,5589.160795706566,5490.746353522751,5613.520806148104,5420.58952345112
1316.427099682231,4315.642487280075,7019.902678605473,6183.826584658186,5965.251005584042,5869.195369937109,5926.044623687335,5689.826172759672
1317.3260492895351,4790.633246197448,7614.575186263644,6632.207013966474,6312.570802681722,6148.3540335812995,6346.782629577644,6116.097168222288
1318.2249064238279,5421.032835351515,8233.971587378066,7222.489778286985,6889.249647384885,6618.737070534945,6866.70693264739,6575.611877124085
1319.1236710993649,6111.923766918699,9121.323280060706,7885.214880688695,7512.7159181499455,7195.111539564275,7509.775136866745,7019.644922999969
1320.0223433304159,7109.3427933731555,9847.785416739329,8573.83990651482,8098.44312397923,7794.935673972003,7994.327299704906,7870.566980284484
1320.920923131242,8172.987001544874,10830.924791122914,9271.87601015595,8649.826339210038,8539.93743834893,8719.488053148776,8550.730098254931
1321.819410516102,9632.87177445536,12163.649713363773,10252.794476105673,9653.503116348635,9598.486204633235,9526.7677304328,9482.557712090069
1322.717805499255,11563.068644692663,13747.77319431629,11239.846681554842,10878.192838653682,10562.854338031419,10847.644421405901,10590.446456835867
1323.616108094946,14238.051912983508,15805.371933054917,12920.280014421267,12411.320209287946,12047.354767244931,12120.345126895834,12104.563427511854
1324.514318317437,17397.707817196297,17957.248831256176,14635.280288939208,13949.328082561073,13414.285361586128,13905.231155008192,13709.244810328724
1325.41243618097,22580.423121432766,21314.905452537267,16912.892913967797,16318.158108092408,15763.39728097258,15970.092000391567,16066.614534459868
1326.310461699792,30146.942416388836,26094.70763584581,20582.375692956328,19715.71842355551,18980.28383675324,19620.72886973418,19487.547639634166
1327.208394888134,42023.718061435764,32349.67630689545,25235.064538536728,24381.272184835223,23527.479831133718,24192.405917311746,24412.425383601985
1328.10623576025,62479.947352727795,42253.545109149876,32735.066120233885,31642.142331790288,30325.954004940282,31524.172859531882,31597.29443324577
1329.0039843303641,63936.790892425604,60180.68125733232,45687.95174322562,44263.556920566865,42903.55254879543,44499.655240487016,45262.584522212455
1329.9016406127162,64305.17715660926,64305.17715660926,64305.17715660926,64305.17715660926,64305.17715660926,64305.17715660926,64305.17715660926
1330.7992046215331,64266.56877043017,64266.56877043017,64266.56877043017,64266.56877043017,64266.56877043017,64266.56877043017,64266.56877043017
1331.696676371041,64421.79489168647,64421.79489168647,64421.79489168647,64421.79489168647,64421.79489168647,64421.79489168647,64421.79489168647
1332.59405587547,64250.323568233754,64250.323568233754,64250.323568233754,64250.323568233754,64250.323568233754,64250.323568233754,64250.323568233754
1333.491343149031,64174.7306819138,64174.7306819138,64174.7306819138,64174.7306819138,64174.7306819138,64174.7306819138,64174.7306819138
1334.3885382059489,64211.57672436015,64211.57672436015,64211.57672436015,64211.57672436015,64211.57672436015,64211.57672436015,64211.57672436015
1335.28564106044,64252.676048750225,64252.676048750225,64252.676048750225,64252.676048750225,64252.676048750225,64252.676048750225,64252.676048750225
1336.182651726715,64127.13009814894,64127.13009814894,64127.13009814894,64127.13009814894,64127.13009814894,64127.13009814894,64127.13009814894
1337.079570218983,44383.45247616868,64267.20780454085,64267.20780454085,64267.20780454085,64267.20780454085,64267.20780454085,64267.20780454085
1337.976396551447,30095.33280172259,64422.59138203136,64422.59138203136,64422.59138203136,64422.59138203136,64422.59138203136,64422.59138203136
1338.8731307383212,21732.346821982203,64459.35048556704,64459.35048556704,64459.35048556704,64459.35048556704,64459.35048556704,64459.35048556704
1339.769772793788,16304.752445188142,64330.64127004243,64330.64127004243,64330.64127004243,64330.64127004243,64330.64127004243,64330.64127004243
1340.6663227320641,12778.654592858087,64394.396673814284,64394.396673814284,64394.396673814284,64394.396673814284,64394.396673814284,64394.396673814284
1341.5627805673391,10350.626443522253,64473.748120542805,64473.748120542805,64473.748120542805,64473.748120542805,64473.748120542805,64473.748120542805
1342.459146313799,8599.440237814688,64680.85802653341,64680.85802653341,64680.85802653341,64680.85802653341,64680.85802653341,64680.85802653341
1343.355419985634,7497.964079003797,64468.52216183598,64468.52216183598,64468.52216183598,64468.52216183598,64468.52216183598,64468.52216183598
1344.251601597036,7050.919274600667,64536.59143309423,64536.59143309423,64536.59143309423,64536.59143309423,64536.59143309423,64536.59143309423
1345.147691162183,6579.363244808471,64770.7030567107,64770.7030567107,64770.7030567107,64770.7030567107,64770.7030567107,64770.7030567107
1346.0436886952562,5379.591799834434,64652.768861571545,64652.768861571545,64652.768861571545,64652.768861571545,64652.768861571545,64652.768861571545
1346.939594210438,4365.3510996966215,64607.78778649911,64607.78778649911,64607.78778649911,64607.78778649911,64607.78778649911,64607.78778649911
1347.835407721897,3695.399432704988,64511.98769907336,64511.98769907336,64511.98769907336,64511.98769907336,64511.98769907336,64511.98769907336
1348.731129243806,3334.3917927146326,64688.97754160848,64688.97754160848,64688.97754160848,64688.97754160848,64688.97754160848,64688.97754160848
1349.626758790331,2952.323726162973,64622.75731265545,64622.75731265545,64622.75731265545,64622.75731265545,64622.75731265545,64622.75731265545
1350.522296375646,2691.6775688973903,64520.515536829,64520.515536829,64520.515536829,64520.515536829,64520.515536829,64520.515536829
1351.417742013906,2408.171184580463,64363.580171892594,64363.580171892594,64363.580171892594,64363.580171892594,64363.580171892594,64363.580171892594
1352.313095719277,2293.0935759173785,64774.95150764888,64774.95150764888,64774.95150764888,64774.95150764888,64774.95150764888,64774.95150764888
1353.208357505908,2125.4790522970134,64637.248117069495,64637.248117069495,64637.248117069495,64637.248117069495,64637.248117069495,64637.248117069495
1354.1035273879609,1996.780479129006,64399.118454586314,64399.118454586314,64399.118454586314,64399.118454586314,64399.118454586314,64399.118454586314
1354.9986053795799,1792.1142506100578,64460.04797680029,64460.04797680029,64460.04797680029,64460.04797680029,64460.04797680029,64460.04797680029
1355.8935914949182,1708.6510915663275,64651.52961073861,64651.52961073861,64651.52961073861,64651.52961073861,64651.52961073861,64651.52961073861
1356.788485748122,1656.4032374393544,64576.077433425395,64576.077433425395,64576.077433425395,64576.077433425395,64576.077433425395,64576.077433425395
1357.683288153334,1524.0539797835631,64479.58525830588,64479.58525830588,64479.58525830588,64479.58525830588,64479.58525830588,64479.58525830588
1358.57799872469,1393.0571640327553,64473.16472096512,64473.16472096512,64473.16472096512,64473.16472096512,64473.16472096512,64473.16472096512
1359.472617476324,1382.459907859984,64575.559559233116,64575.559559233116,64575.559559233116,64575.559559233116,64575.559559233116,64575.559559233116
1360.36714442238,1272.6053651127454,64601.23361941423,64601.23361941423,64601.23361941423,64601.23361941423,64601.23361941423,64601.23361941423
1361.261579576982,1267.2143446655514,64527.49967183909,64527.49967183909,64527.49967183909,64527.49967183909,64527.49967183909,64527.49967183909
1362.1559229542552,1167.6802471819724,64522.70236009322,64522.70236009322,64522.70236009322,64522.70236009322,64522.70236009322,64522.70236009322
1363.050174568329,1123.9008867042887,64496.36130487352,64496.36130487352,64496.36130487352,64496.36130487352,64496.36130487352,64496.36130487352
1363.94433443333,1083.4269846246314,64488.99858072227,64488.99858072227,64488.99858072227,64488.99858072227,64488.99858072227,64488.99858072227
1364.838402563371,1040.8452245445615,56536.19410598002,64472.39299671818,64472.39299671818,64472.39299671818,64472.39299671818,64472.39299671818
1365.732378972563,952.0515608029955,35205.29632416768,50495.0480913729,49428.16144540088,49849.22342435396,42635.224484248785,41975.658866867736
1366.626263675036,936.0726742403249,24353.621844101224,34485.23196529062,33685.83376764631,33975.89830430692,29781.27012330983,29210.973746146607
1367.5200566848869,948.3914692160353,18875.858157379003,25848.85946023851,25985.332893764902,25748.976729903974,23024.45274899659,22219.457278775684
1368.4137580162242,916.408113640603,15008.772280992222,20257.650184847604,20597.97397301338,20304.013135699173,18409.050825361606,17495.6020490094
1369.307367683159,821.1115334250223,12395.154390472111,16545.838856327868,16715.554860249646,16770.49183261739,14995.831421666537,14333.644701162486
1370.200885699793,850.0594429936762,10846.128818937832,14049.593571701038,14055.496762277382,14342.785370326172,12945.696933924528,12199.927191112945
1371.094312080222,817.5492409085793,9412.625214739523,12422.424884094064,12499.070125429243,12510.86170101927,11346.443611504046,10865.936906210422
1371.9876468385369,756.5544487177365,8497.973281765848,11011.306112700873,11033.904492337897,11127.245625621254,10157.480377719428,9505.074982981016
1372.880889988843,773.5219173371177,7559.598125812495,9696.649749476011,9740.06169381636,9687.770033588213,8933.980818223981,8325.226962360459
1373.774041545221,753.1791041922473,6725.166902741552,8733.314606297492,8688.777077140263,8655.1264995548,8140.470607071267,7570.390233858739
1374.667101521762,718.5447354186198,6283.802376271097,7995.047345332797,7961.396489955066,8069.27717337191,7414.075224546667,6846.95933832784
1375.560069932551,719.8946431601779,5797.936000368782,7213.861375866148,7241.702605159636,7239.713945924386,6732.605840935863,6321.947708856922
1376.452946791669,703.4000537891241,5136.801801262829,6423.726688406592,6538.64838733552,6575.304446476643,6031.4077851664615,5729.242973327471
1377.345732113194,667.1978474078562,4745.729711057069,5858.0565829614,6041.461637598032,5866.978991024804,5595.341234427846,5233.4880185231395
1378.238425911201,640.4353321115677,4586.311316315242,5503.772164177395,5535.545700034093,5555.404159944529,5263.484799261117,4804.754375330041
1379.131028199769,684.4304378278265,4248.42835538635,5299.872216397213,5213.574465540662,5176.873123222357,5001.301836996959,4589.651646129498
1380.023538992959,626.6008694675775,3912.796281107475,4874.440833145255,4844.790949731963,4869.499185909706,4565.093716199905,4349.637896729982
1380.915958304842,625.4447228855053,3695.4509967336007,4502.412800077991,4482.682682636808,4485.642200252985,4378.113060198537,4045.660581314601
1381.808286149488,614.1616264393068,3558.0036531700225,4259.762050046987,4307.005252080779,4335.548019976196,4145.59097846532,3921.185768804805
1382.7005225409562,617.1033209479119,3341.4127186892515,4125.832729527347,4174.059304848635,4101.227333955261,4012.6479098957525,3746.9096377172255
1383.5926674932998,595.9765270924859,3206.827339487714,3939.957405099828,3958.7050110845257,3995.213506949463,3815.6311759381506,3489.0281453626326
1384.484721020574,596.7767698249319,3093.1944455777407,3672.2451727346056,3728.377641183485,3746.1036838515524,3629.899626360889,3279.3178935924475
1385.376683136838,577.173871931662,2876.989761628592,3476.8559396361993,3565.6519199333784,3586.3709820027198,3460.0833655800657,3240.066658843723
1386.268553856138,580.6454768784687,2837.17772912773,3447.397678512742,3467.113993517104,3454.2983887642686,3436.5537052603427,3104.3337974368383
1387.1603331925219,554.544722370207,2715.493017727419,3276.9448807677177,3339.1091467985416,3311.480584118175,3268.064271334743,3050.98270741758
1388.052021160034,543.3331498992652,2574.20045702726,3141.1140691283017,3138.16651135308,3158.7994157796343,3035.9845084787153,2833.585541246801
1388.943617772718,518.5536403729999,2529.79394572862,3038.5078585803108,3084.754577930464,3025.7162128026084,3030.636076563263,2700.021231847271
1389.835123044613,560.7068876883194,2439.5668095912843,2917.643208567641,2980.599771395803,2990.4367343377035,2911.7410308025005,2706.1485053167835
1390.726536989743,534.0795896230414,2377.1971382851825,2885.609316946673,2856.980281643405,2971.496422856478,2858.9546978712165,2653.6154101788084
1391.617859622154,512.5860405384644,2234.324180542904,2761.6679765671206,2776.4257320528727,2763.635677298554,2738.0555677899165,2568.8333048866234
1392.5090909558749,509.9306607543729,2115.3770955764257,2590.9193688040104,2576.181488435387,2626.2902816887067,2675.4165495841185,2440.5929890440507
1393.4002310049218,539.2690367599904,2119.7496927651355,2604.0113232253816,2606.958148562868,2625.621375700281,2601.0644978878954,2413.4499514012687
1394.291279783331,506.96760712728775,2106.775892653476,2520.043261109378,2529.9064441274186,2628.5382743078244,2570.345494501385,2333.6291020684102
1395.182237305115,494.60517923815036,2007.8615014310626,2404.3307324076754,2456.34278498629,2491.6717263604437,2488.7276479125976,2163.8976591669075
1396.073103584298,477.6885128248188,1922.5246101368477,2364.901446448949,2408.060162186715,2417.8689612180256,2379.6146449959147,2190.304823691623
1396.963878634891,488.1119287025137,1922.0632373205408,2346.4657777385896,2350.3863554791724,2318.041589119367,2386.65169957956,2182.781657069273
1397.8545624709109,479.5357453480888,1852.1698911699282,2288.3800250286617,2284.441333075084,2406.540783635994,2346.4757313439336,2102.2768302221143
1398.745155106364,498.8661244267951,1806.307008484447,2201.2835274313984,2221.8654304038205,2312.0337672353826,2227.7459741102266,2050.349572300305
1399.63565655526,466.21968608418297,1861.92798682987,2186.511312584681,2195.363585105267,2261.2638360918495,2293.7221686673306,2061.5959114608595
1400.526066831601,472.6398897633533,1783.993571382344,2148.0940292584974,2132.30647552945,2192.4965241214427,2195.456690445639,1955.6832181857335
1401.416385949386,464.1852058679953,1740.94195548359,2096.256430764209,2134.856053427006,2117.0408429672534,2222.9423718113376,1993.324103663417
1402.306613922618,488.7018884210573,1632.6190103098627,2006.042429083211,2068.115451201208,2151.864766757236,2108.5121798811747,1967.6162725339746
1403.196750765288,482.519850379233,1601.4922641421167,2003.0987653780019,2031.714462026259,2009.0192543397102,2097.826588765336,1887.6492306246885
1404.0867964913919,485.01108114633536,1614.7320140603604,2004.120991809959,2016.9363252548824,2036.652222862457,2083.970377120636,1857.2375546335281
1404.976751114918,463.2031285401385,1572.919559893747,1980.9325284376137,1947.4242170113057,1979.9469898662517,2075.544231288365,1871.537747016432
1405.8666146498551,471.0988116443245,1553.2462911118314,1888.337496047125,1973.095859648405,1981.9659209555157,2067.7098469242524,1789.7812593014503
1406.7563871101809,477.0828029876565,1490.3909052011088,1828.4888420291381,1897.488420973634,1933.9596269871531,1993.1021232252924,1773.2891788735417
1407.6460685098832,455.4645734510432,1514.2718286164552,1809.042191088018,1853.4056235670155,1913.5427209274346,1959.87786151661,1760.7353423886648
1408.53565886294,461.9415477375419,1453.7861928797695,1828.0671910466478,1880.2695407909755,1886.1792407620314,1914.7427906221353,1758.1357413891521
1409.425158183323,453.7164339209157,1473.5920701692348,1769.494092291571,1835.5788772322262,1852.3466584858252,1882.9232007717999,1732.9995095631496
1410.3145664850022,467.06267552868707,1388.3512088653995,1761.6063702815595,1755.6816851797157,1841.589619156451,1957.1209786424054,1686.560358991538
1411.2038837819532,439.50899473317946,1465.0299824439317,1760.0157491792638,1708.5417227690716,1833.2672483014603,1831.2874780549146,1685.7743649337942
1412.093110088143,442.9989443888178,1395.546001942352,1743.1909134582404,1813.713166937178,1792.8544722462245,1873.3094374827588,1616.0522029610013
1412.9822454175298,436.7665123299013,1367.0095397295772,1742.0914876757565,1741.0965753469868,1759.9999095936114,1841.5827205527273,1694.3356958948107
1413.871289784078,450.9510797145643,1362.8080091153167,1737.1073600483767,1725.161636082428,1776.9264399348726,1802.8088418610948,1620.6365513803767
1414.7602432017482,449.4506117760534,1306.5887253843675,1695.383391765865,1675.4961965545353,1736.1521419490912,1788.8532092591151,1610.8628121177135
1415.6491056844932,433.77332410271777,1306.2944370341017,1640.5784666178477,1654.5069678505038,1712.2107586715074,1782.8481577799776,1596.8031770295
1416.537877246265,443.46833506675586,1304.5525910483939,1630.6907388104923,1681.401243493014,1665.4920655533992,1771.8846930245716,1577.9915868855192
1417.426557901013,428.90915704196397,1264.9353199597874,1604.6947676858697,1609.6475293145297,1706.7216572362677,1751.2965118942084,1574.978197913909
1418.315147662685,408.1802329591457,1286.8054801762898,1595.1643970848938,1659.4058381075197,1659.4058381075197,1677.1957756214777,1512.1446886864235
1419.2036465452218,414.34516094462845,1225.235452053448,1593.102754849156,1602.9916608382882,1652.436190783948,1705.8362831252605,1552.5582402937152
1420.0920545625738,423.59345000343586,1251.0324036232012,1603.5332466330533,1600.5710546749872,1628.2181796169366,1693.3864026943882,1536.390228916891
1420.98037172867,422.95059844409855,1199.999372329768,1487.2123368545977,1598.3598197015351,1647.5401218461977,1680.9827273045682,1527.5401846132208
1421.868598057448,412.9417414372945,1231.9099319911634,1545.0738842294945,1567.7955589975752,1662.6338536817386,1670.537044905419,1479.872556634132
1422.7567335628369,422.47608446838956,1160.8221386327714,1555.6596007527617,1496.433981434763,1547.7628515103618,1664.2399028357588,1553.6854134421617
1423.6447782587782,421.26387304251534,1177.7588563230886,1490.245672946175,1537.7120248382896,1582.211729737147,1615.8337289940612,1469.4791439933751
1424.532732159187,416.7974679392061,1165.653438704683,1511.5066567818965,1528.257382443756,1644.5271252731325,1665.2191981495469,1485.887899887288
1425.420595277989,401.2588296649338,1146.5946410327224,1526.1638042292814,1490.671622735577,1642.4992880142008,1614.894257963542,1440.391032286163
1426.30836762911,403.42237062212456,1156.0171598267236,1456.8578029556918,1499.2714018230547,1527.8759219894155,1621.5803846033564,1405.5669392091138
1427.1960492264661,404.00160931506394,1137.9214032541654,1464.876250890562,1534.0207806021867,1503.3996317298956,1596.250857342649,1459.9373559111602
1428.083640083973,396.4591019898208,1125.273222314392,1428.041740500648,1488.2009574692527,1515.815024274514,1604.5745247199961,1430.014173843881
1428.971140215541,389.36846954430604,1121.5397138019198,1494.0652724499073,1478.213121018078,1498.0283103078646,1608.9933703306692,1411.832236897293
1429.858549635083,417.72664923858747,1107.3228991692722,1457.5782606448574,1493.2983541664469,1524.0573235878155,1621.2953559521425,1419.8737174831797
1430.7458683565021,374.84326392454267,1075.938998301928,1396.2415756766034,1473.5901856927787,1487.4732695418359,1565.8135284043726,1445.8240179946645
1431.633096393704,401.53086221739596,1087.6033477839096,1394.9479583700645,1463.3569200811764,1508.962894555251,1607.114883097281,1432.6224590225609
1432.520233760592,401.2858961157036,1076.3555193842396,1378.8025248310507,1436.1290814190083,1511.2466383273666,1607.1203622761923,1402.523858591585
1433.407280471067,401.8612675757635,1088.374266351026,1387.8003088584578,1440.9878295670148,1455.7621408749474,1526.678835153023,1355.2968239810064
1434.294236539015,388.1843655411046,1118.3640708500684,1343.4127283409873,1424.9805823660802,1482.9625508899414,1536.0307932677126,1323.7578237566277
1435.181101978335,422.3778515587518,1076.6687758191547,1379.636066540035,1409.241990714714,1449.7034204201082,1537.534328804989,1386.5441155141266
1436.0678768029181,395.76559511060213,1045.17647187563,1383.6991629552724,1374.8166433642614,1449.8245865772433,1575.166807472621,1346.1951913487815
1436.954561026651,419.4684736123524,1056.5856835330007,1323.700041729546,1386.0267253087397,1469.1289700809982,1527.4984039091323,1357.3366646135553
1437.8411546634131,424.26983536115216,1051.7530264443515,1383.8333882340385,1360.0425563446279,1411.589358771684,1519.6393869360895,1341.2081477655115
1438.7276577270902,415.1918281983314,1047.912389352248,1349.8700825873982,1372.7155659571627,1448.2049892659502,1540.5802046306508,1338.9439818453368
1439.614070231557,427.64103908008326,1029.688677047666,1323.3223859091056,1384.413962920546,1452.4029760461815,1481.963416535588,1345.9853902843174
1440.500392190697,398.9149971404922,1050.6078142511972,1287.5870204732719,1377.4416361658084,1463.3465984213105,1484.082278965742,1348.8066487473077
1441.386623618371,405.2368316176049,1011.6131125052618,1358.6772602653518,1318.2521748728414,1358.6772602653518,1521.3635795278938,1334.0278179528455
1442.272764528461,409.0077949981928,1048.2059673745955,1358.4196089915824,1390.0337380735684,1430.5393409598628,1497.719365259083,1329.7693045110327
1443.158814934828,405.60587979438066,1001.1540252485688,1317.7244680149147,1378.0707086672494,1392.9099481719218,1464.1382977943497,1354.3279254597735
1444.044774851333,397.4126467297991,1015.8303314165688,1267.5580428115038,1351.7976312704388,1392.4308445271015,1497.4825666053027,1295.307554303859
1444.930644291846,375.7897881719623,1012.6545870739194,1271.7517568135354,1317.2420995922466,1380.5330112843667,1455.6909689187592,1326.142384048951
1445.8164232702218,393.49123209378985,997.6393864196086,1261.9542039371543,1369.269994508188,1397.0926068784559,1480.5604439892597,1299.713463582518
1446.7021118003179,378.447401358279,983.3672633719061,1300.230048236187,1340.9553591435083,1384.6605708489265,1405.5198764356032,1292.2836461079291
1447.587709895979,379.50185845837035,999.784269411216,1299.0259437047612,1296.0533442912492,1421.8933861299256,1494.2266385253852,1306.9528754741266
1448.4732175710628,400.2503574617467,988.211180333593,1233.525915552083,1356.679871694159,1369.5911735477637,1445.0726305380683,1305.03466427974
1449.35863483942,400.7187631591597,978.4299328749706,1276.7317416783153,1316.505316185428,1425.8826460799876,1403.012840738398,1259.8279725127925
1450.243961714885,412.48497356707065,961.8039047116791,1251.3366265424115,1317.7705044967233,1399.0776387094631,1467.4946174982322,1305.871899489981
1451.129198211307,389.7789072229072,988.2972799890464,1292.0082559216162,1287.061823088838,1375.1083275122867,1444.358387171179,1276.1796708567265
1452.0143443425259,388.95480373448845,983.301557400199,1238.305089440412,1283.9477449806836,1354.3961915754508,1461.557208930871,1267.0798070636267
1452.899400122373,368.38016131492503,952.2279641536741,1217.3425276875957,1296.7776029037523,1333.5163251912245,1384.1561856415242,1258.053003735876
1453.784365564683,367.522658506123,952.9832816250412,1241.2557711810568,1293.759008110503,1335.3653468093094,1396.7842277456425,1251.1620422998203
