Wavenumber,0 mN,50 mN,100 mN,150 mN,200 mN,250 mN,300 mN
181.9653642,1438.872886,1010.900438,937.112085,834.8625099,864.3778511,679.9069683,785.3189013447314
182.9848038,1495.649275,1029.321128,945.4033062,862.5477355,862.5477355,710.645856,794.5636775421962
184.0041318,1479.787101,990.7769956,934.434527,849.3892913,860.0199458,685.6772126,752.6503357331678
185.0233482,1417.414786,967.2263019,929.6235515,867.9968217,850.2399673,714.4522576,768.7673414793537
186.0424529,1402.420529,1031.376533,919.2248162,802.8805122,844.8063875,692.8250895,780.8694276688309
187.0614459,1409.763153,1040.53947,935.6463784,835.9979412,858.0254905,706.9794384,760.4749151797953
188.0803274,1454.586505,988.7861087,908.7266656,862.9784125,890.0114712,683.1045988,780.8395033182743
189.0990973,1419.9365,992.7172332,950.4080788,824.5125461,866.8217005,716.1598335,793.5546282413117
190.1177557,1484.446497,982.6764581,919.0424199,792.8175246,873.142458,695.8016959,772.99708646696
191.1363024,1450.035189,1000.816794,909.9284217,845.1573974,840.9786217,731.285758,748.0008610193333
192.1547377,1431.003696,989.3358886,931.1396599,835.5315698,820.9825126,675.4919408,762.7862838923699
193.1730615,1399.942113,1007.250018,985.375922,857.2562197,840.5902422,704.137551,799.9669219013083
194.1912737,1443.509745,981.1756632,888.7088467,834.256166,850.6947111,680.1448052,774.6664398139036
195.2093745,1444.937325,984.0521439,932.1506595,814.8533048,858.4505517,677.833386,755.6856126085376
196.2273638,1438.4432,1032.355625,919.1496262,821.5224343,870.3360303,712.4707837,732.2039395308915
197.2452417,1450.612755,986.290898,905.5848415,826.9750463,890.9110131,719.0175941,793.434866952863
198.2630082,1458.817019,1038.998383,940.9000586,850.185479,877.610817,699.3461198,767.9094648840837
199.2806633,1419.950184,989.4389721,966.2818898,828.3919905,905.2314,729.4480933,789.4459884078879
200.298207,1445.494449,994.4330464,939.8860861,869.6044256,855.9676855,722.7472247,740.5798847672764
201.3156393,1407.889693,1055.654407,957.8696863,876.9081431,863.2393112,706.5734679,769.6603846326442
202.3329603,1449.620363,1005.432436,942.7235527,843.4344867,848.660227,674.1205005,772.3644184188771
203.35017,1378.372131,985.2923437,895.060308,818.3112202,845.2771159,696.9646894,747.7850313597659
204.3672684,1461.013727,1020.823078,901.3427584,834.266088,885.6216638,724.2184257,782.910512272397
205.3842554,1428.140263,1000.327321,914.3453081,829.4118563,871.3543016,724.555743,801.1007057232957
206.4011312,1448.908311,992.3018342,950.1210974,867.8686605,874.195771,730.7812658,841.5056999852709
207.4178958,1447.523272,1007.01875,971.0159767,825.945978,882.0679483,699.9362711,777.2363434280616
208.4345491,1481.524975,987.3267523,974.4904349,898.5422232,911.3785406,723.112551,809.7576939624319
209.4510912,1439.333812,1023.789421,954.8908687,898.9107953,878.4565376,737.4298141,822.4764641658624
210.4675221,1440.416961,1010.837529,932.3464717,862.3409346,866.5836944,744.6043494,810.367126736181
211.4838418,1485.085324,1026.330518,952.716375,852.4304408,872.7010019,702.0015395,804.4212169514744
212.5000503,1459.498792,1023.03307,961.289139,872.931444,913.3843646,720.7007166,811.1875126247168
213.5161478,1417.619566,1042.65011,941.1626509,905.9091124,888.8164876,693.3195919,816.1728323742783
214.532134,1426.725084,1041.836203,922.6788239,876.2812602,904.7524925,707.5628467,776.1047021587968
215.5480092,1431.027762,1028.353037,927.9485785,862.4214579,909.9814648,699.6605455,771.5290003489426
216.5637733,1435.488079,979.3614795,935.3216699,860.8734204,867.1648218,757.0652978,816.8336108245037
217.5794263,1453.361792,973.8261756,945.3702159,868.4337323,914.8064074,711.3989919,808.3600396759867
218.5949683,1432.382255,1035.317468,959.4854667,859.4293533,874.1744647,741.4684617,792.023129496929
219.6103992,1478.444331,1038.125041,954.5607963,881.7099162,893.4946174,686.7266784,802.4310173252217
220.6257192,1445.285568,1047.589539,967.8347799,890.2355548,921.4907983,743.6592407,780.3033192391392
221.6409281,1417.309586,1036.924754,962.7819479,826.316203,918.7260775,742.502596,796.2292671729717
222.656026,1447.743357,1027.013171,994.6493107,902.9517062,879.2182085,733.5808366,799.3873527772356
223.671013,1457.803759,990.7924153,930.8093069,848.3325328,880.4663409,753.0022356,814.056470913481
224.685889,1458.693198,1022.896618,937.6552333,846.0207446,907.8207486,735.2069443,806.5966040864824
225.7006541,1411.425685,1011.925808,932.8691046,878.0564566,905.4627806,733.6462111,843.2715069700281
226.7153083,1417.227634,1020.150443,973.6839628,877.5828342,907.1524122,731.8470567,797.3225509089664
227.7298517,1437.461428,976.3888948,920.0587663,859.5560356,853.2971324,703.0834563,799.0533049352072
228.7442841,1384.223832,1034.787914,966.1487155,812.2305132,924.5492014,695.7518737,781.0308776522002
229.7586057,1415.722131,982.3590648,915.6878239,870.893084,865.6843933,666.7124088,760.4688412623997
230.7728164,1412.327999,1026.103787,942.5958487,846.5617201,884.1402921,712.9490195,819.4216403026071
231.7869164,1434.94197,976.0097333,943.8221783,852.4510543,912.6729315,716.4326766,800.5356429844577
232.8009055,1362.4157,1041.051997,947.450918,844.4897316,866.3299832,720.7283054,785.2090484361557
233.8147839,1444.533826,1019.117569,959.5383883,880.0994804,888.4614707,756.7601233,784.9818405557864
234.8285515,1460.034504,1024.931761,931.4729378,851.5137224,895.1278399,742.4784287,795.4384284744872
235.8422084,1394.002124,1038.789731,931.3999375,865.3139109,878.737635,727.9788868,819.8797675969541
236.8557545,1406.497362,1008.07692,964.1565563,864.8128764,899.3217336,728.8688934,794.7494390007269
237.8691899,1454.145209,1034.175474,978.5294838,894.5355367,897.6853097,714.9984748,821.0408329882362
238.8825147,1491.093427,1054.266057,952.4096746,856.8536874,911.4571086,743.4465817,812.7509240545029
239.8957287,1423.288176,1007.813613,940.8353458,896.880858,914.6719602,734.6678674,803.7392053112364
240.9088321,1485.424466,1020.829727,962.2225919,876.9758507,937.7141538,718.2037951,847.1394912452208
241.9218249,1455.45129,1018.290469,915.3054681,883.7794474,924.7632743,767.1331707,815.4730691491659
242.9347071,1394.737568,1039.46428,962.5059711,919.2828113,900.30679,796.9928961,776.9626513321408
243.9474787,1487.18272,1045.988698,937.2734249,884.4990203,921.4411035,772.6172827,825.3916872353947
244.9601396,1438.04457,1047.869242,990.770413,913.581256,891.376156,730.6535276,842.736413200091
245.9726901,1467.960583,1053.056372,940.3793403,887.7265217,897.204029,736.0864041,811.9064629071529
246.9851299,1453.071295,1011.016126,986.6925166,905.2613014,910.5490427,726.5356473,862.9593714709694
247.9974593,1486.72674,1027.022056,935.0811192,893.2897843,905.8271848,756.4231624,822.2445148993893
249.0096781,1434.322944,1041.716299,954.8193612,911.894368,886.7675427,749.6169546,814.5279199668853
250.0217865,1462.78457,1067.29487,992.415487,879.5690926,910.1536294,751.9577495,837.3835246546059
251.0337844,1457.479173,1063.509246,967.1123485,905.2925993,945.1087089,734.5024445,827.7559646002034
252.0456718,1463.891018,1045.035069,998.7293862,955.5809091,921.9040488,766.1485703,828.2402813179565
253.0574488,1464.117245,1060.587095,961.2891001,910.583741,912.6964643,758.4676636,848.2584037415371
254.0691154,1479.431674,1016.38741,1013.237449,934.4884243,940.7883462,784.3402842,838.9396078416815
255.0806716,1432.022739,1056.273332,947.7235036,876.7486157,974.8609608,770.2862838,798.4674893045849
256.0921174,1427.68809,1022.023412,996.8659128,898.3323735,957.0332054,742.1462316,850.1138330693599
257.1034528,1474.948904,1056.21341,993.715575,899.9688226,924.9679566,754.1405412,832.2628347949039
258.1146779,1456.251735,1030.562216,979.810911,879.3440417,939.4170151,759.1980949,816.1638455573805
259.1257927,1451.235428,1064.101298,984.3972127,883.9907672,928.500841,777.3736138,830.164631527137
260.1367971,1458.652132,1031.578594,972.778614,968.6522996,913.9786341,769.557631,800.5049888263437
261.1476913,1401.256081,1031.170358,954.1114128,884.1500021,937.888477,696.5723067,821.2861257630549
262.1584752,1383.056145,1044.885755,959.8369148,881.8754776,915.2875221,737.0899515,836.3135987745195
263.1691488,1476.871338,1018.355496,956.9471246,900.6561173,909.8673731,760.4403354,855.6233114419447
264.1797122,1458.653111,1065.781,977.5642858,918.0692926,937.5590317,762.1513792,817.5432694784807
265.1901654,1436.059527,1077.561213,975.2807144,900.8948972,946.3528966,764.520899,834.7741708186098
266.2005084,1437.808751,1115.958365,992.8979235,938.2043938,952.9295749,753.0878318,840.3871195621856
267.2107412,1529.940146,1064.214564,1010.476997,940.9342635,928.29013,778.6678843,840.83487372592
268.2208638,1532.418849,1098.655662,1001.560253,910.7971532,993.117174,787.317122,880.1909915998444
269.2308763,1482.047257,1083.885307,1038.591752,952.2179959,949.0579804,797.3772377,823.710700003522
270.2407786,1483.217347,1027.409603,1045.305057,946.3537223,956.88046,756.8724431,883.1932958947511
271.2505709,1507.305569,1067.586693,1029.534098,975.6262551,954.4859245,802.2755445,895.292998983568
272.260253,1491.299078,1074.581463,975.1615249,938.1434627,959.2966411,802.7631208,861.9920203987724
273.2698251,1494.345599,1042.884851,1022.890086,960.8010785,952.3822301,792.4241097,849.2513366758825
274.2792871,1431.925282,1088.178859,1014.368278,895.2169106,966.9186184,793.9909701,857.2571829056232
275.2886391,1491.018723,1115.087156,1011.308864,928.7098156,964.7145291,792.1036968,899.0588750861094
276.2978811,1538.01797,1069.788609,1003.648587,937.5085649,960.6050805,781.0821638,883.9666423430727
277.307013,1474.785035,1045.470387,1016.079654,918.4604308,954.1491789,799.8478266,859.678963209784
278.316035,1473.465276,1096.40983,1004.779037,938.4257046,935.2660221,777.2818967,869.9659169492477
279.324947,1550.05526,1169.712708,1001.852029,975.2917949,972.1045668,758.5602849,880.7373616436486
280.3337491,1530.645883,1096.044212,1016.543907,964.6037073,948.7036462,805.6030962,880.8633854662512
281.3424412,1512.808032,1114.312258,1022.594977,976.2092251,993.0767711,778.0155596,875.003949100016
282.3510234,1536.930174,1126.517987,1063.052185,948.8137411,968.9112451,807.0734498,873.7125419846009
283.3594958,1524.602399,1093.941515,1060.410741,1000.684049,975.5359681,806.8342593,882.2785017451972
284.3678582,1513.533599,1078.104845,1027.863066,979.7146945,971.3410646,811.1953934,867.7173950263759
285.3761108,1548.053797,1113.640315,1027.174323,940.70833,946.9588837,785.4862467,856.3258552072424
286.3842535,1554.202811,1117.842674,1038.600519,982.6027286,984.7158528,778.6862484,893.8515144352181
287.3922865,1515.663916,1114.862045,1066.343924,964.0339728,996.7309675,793.1658069,880.70937335999
288.4002096,1591.269347,1142.994538,1025.083391,992.153251,1012.33624,817.9421877,893.3628309281609
289.4080229,1576.165551,1145.240828,1044.408688,975.4182771,986.0321865,794.9818167,917.0417751666804
290.4157265,1561.003496,1141.677198,1037.112371,972.0261004,1001.901765,825.8487395,914.4087464426506
291.4233203,1583.952453,1092.19906,1042.601614,976.1199326,1008.833141,820.9960081,879.035571701229
292.4308044,1597.910215,1107.213377,1010.751606,965.6662127,992.9271481,818.8765604,868.1559436412106
293.4381787,1460.439495,1140.543657,1061.092403,936.6884661,991.0498502,773.6043135,881.2816706291368
294.4454434,1563.508308,1124.519282,1000.728538,972.6415621,955.9974284,838.4482343,880.0585685093123
295.4525984,1597.509736,1116.806417,1032.890536,1002.846579,1001.81058,820.5108372,865.0587740312601
296.4596437,1565.121723,1125.257741,1082.420631,955.9989161,984.2087202,778.3816311,865.1006584914649
297.4665794,1579.30007,1128.670322,1071.031634,992.4334219,1035.400444,844.6687836,910.6912815266487
298.4734054,1615.072002,1123.028721,1053.035303,992.4439857,1055.124658,833.652948,863.9486064983596
299.4801219,1556.328567,1183.642529,1058.719835,1008.750757,999.3815549,802.6283112,907.771579000788
300.4867287,1573.506702,1102.17981,1077.318611,997.5555986,965.4432169,838.0295734,925.0437689577332
301.493226,1593.817117,1152.996205,1051.108353,958.5775483,1027.195898,821.3408494,876.4434633375005
302.4996138,1599.926125,1143.994022,1021.162999,999.3032402,1001.385122,801.5244739,890.0044482907325
303.5058919,1568.597741,1179.577157,1099.269959,1040.864724,1026.263415,830.1886978,903.1952416116821
304.5120606,1616.452214,1153.859465,1098.264418,1000.710845,1048.96315,865.3945985,930.4303138294093
305.5181198,1562.805277,1132.086033,1103.652244,1045.731564,1041.519151,843.5357326,959.3770941697782
306.5240695,1580.007974,1168.471014,1096.03211,1003.646262,1066.636613,880.8150768,894.4629862120582
307.5299097,1571.002116,1144.82601,1101.99949,968.2971819,1029.925589,839.8176206,922.3370136291148
308.5356405,1598.082636,1186.935714,1046.36363,1045.306697,1083.356284,874.0835579,924.8163400139081
309.5412619,1625.52511,1180.47843,1086.839766,1024.764697,1048.963453,851.1649283,945.8557114395774
310.5467738,1675.655961,1119.575443,1087.799414,987.1753198,1080.385007,884.4328241,958.5768931391912
311.5521763,1626.038661,1169.109192,1110.286088,1021.00102,1051.462984,846.6325327,971.6316286857704
312.5574695,1606.022161,1177.82007,1118.61188,1058.346401,1065.747425,881.7791191,920.8988162494232
313.5626533,1597.205646,1177.110028,1123.413596,1023.39083,1028.655186,833.8740092,942.3197452808714
314.5677278,1585.030447,1143.868891,1117.609275,1052.485426,1041.981579,851.8619566,948.4973450009687
315.5726929,1637.810251,1129.633831,1084.109694,1018.47024,1086.227096,921.0697595,914.7175542746967
316.5775488,1651.100555,1201.380314,1097.189809,1027.020693,1080.179114,866.4822616,965.3569246086836
317.5822954,1592.896048,1203.427127,1077.141565,1061.223216,1116.406824,854.2846892,940.2437697382492
318.5869327,1575.536218,1200.408547,1079.945014,1027.11013,1032.393619,869.6621783,929.8939451769879
319.5914607,1623.148764,1202.964393,1143.242756,1068.59071,1125.112974,869.1631028,963.011388775494
320.5958795,1670.542363,1185.103647,1100.679523,1028.919017,1076.407587,878.0108944,948.7160986026552
321.6001891,1614.213917,1160.58059,1119.244843,1088.508005,1080.028878,859.5715603,962.3809824525816
322.6043895,1652.545135,1213.287976,1112.002952,1099.209054,1088.547473,889.1758983,989.3947645474162
323.6084807,1640.153626,1204.620603,1107.953518,1081.396626,1083.521177,867.8792176,998.5391243387813
324.6124628,1632.032359,1200.490426,1074.624029,1074.624029,1071.450926,859.9107632,1001.6426724741333
325.6163357,1678.905475,1255.991311,1114.665724,1068.973993,1113.603125,867.0802961,931.8987986685098
326.6200995,1670.116239,1269.840446,1125.443874,1110.57952,1139.246487,867.4411742,956.6272924887793
327.6237541,1644.494397,1204.908395,1102.654576,1046.783933,1103.70874,908.6885707,960.3425613406491
328.6272997,1645.726707,1217.837763,1131.835271,1050.079815,1116.970642,901.4335318,998.0536159087545
329.6307363,1649.812402,1180.414164,1148.482311,1063.330703,1108.035297,872.8039806,949.440427629715
330.6340637,1667.82438,1261.424136,1164.310311,1059.807391,1085.141432,859.2462315,938.4151102795882
331.6372821,1650.320321,1189.325231,1134.595221,1096.705213,1054.605205,883.0476718,921.9901793487999
332.6403915,1669.905805,1218.011849,1143.396801,1074.036333,1102.41107,863.8530975,961.588301941136
333.6433919,1651.827943,1175.966739,1126.485596,1106.48258,1133.855128,904.3468473,950.6696194620376
334.6462834,1665.950231,1196.255011,1161.656926,1078.831207,1113.429292,902.6954994,968.7463896303481
335.6490658,1644.014161,1206.30848,1141.385627,1086.934203,1086.934203,862.8456486,996.8799240749876
336.6517393,1668.246343,1253.814401,1103.398747,1104.450605,1062.376296,890.9234881,997.1611177124889
337.6543039,1731.803719,1280.536656,1157.367293,1100.02983,1085.164562,905.7195418,987.478515664743
338.6567596,1676.537026,1237.846694,1142.709032,1112.053563,1134.252351,887.9515144,1042.285944257554
339.6591063,1658.866273,1235.145642,1142.986404,1119.681769,1111.207357,898.2877393,987.2690719738885
340.6613442,1670.269661,1268.167706,1221.238035,1090.048272,1158.309612,943.9263411,1031.386182909486
341.6634732,1708.919005,1234.337513,1176.876973,1144.954452,1073.660819,919.3686302,980.0214218224468
342.6654934,1719.056278,1267.737478,1146.392329,1119.781551,1101.686222,901.5731688,984.5987970958098
343.6674048,1739.667891,1248.392484,1180.337017,1121.851849,1166.51325,940.0161466,1007.0082475813228
344.6692074,1687.276343,1270.256716,1204.130841,1120.940225,1146.537338,963.0913637,1029.217238097918
345.6709011,1736.398899,1214.733994,1189.183059,1072.074611,1196.635415,925.15674,1010.3265204830478
346.6724861,1774.7234,1282.868445,1164.695501,1095.495128,1131.692246,907.0571909,989.0330168290736
347.6739624,1721.753109,1241.902948,1199.625401,1159.461731,1158.404793,901.5686935,1024.1735802558842
348.6753299,1730.503746,1227.758009,1191.771998,1131.44251,1207.64818,950.4540449,1015.0171816201427
349.6765887,1689.402244,1262.561402,1163.246949,1098.798208,1138.946604,929.7523296,1044.9148340904496
350.6777388,1739.845553,1260.726991,1167.653186,1070.348754,1169.7685,912.75788,1030.1577927254496
351.6787802,1697.86282,1284.670757,1148.33835,1114.779603,1153.581904,928.1090772,1009.908521237917
352.6797129,1760.387862,1242.378993,1218.163131,1107.612458,1159.202772,948.6300617,990.7446038774909
353.680537,1754.737736,1272.342848,1179.655621,1074.329226,1182.815413,926.8722737,1001.6540139399884
354.6812525,1777.88839,1310.354061,1225.443118,1149.966724,1200.28432,907.8132934,1012.6416182483691
355.6818593,1777.016351,1309.325647,1223.9122,1178.080594,1191.62175,920.7986252,1022.8781108072778
356.6823576,1704.322952,1308.284694,1159.900967,1172.440437,1140.046806,930.0106851,1019.8768861094643
357.6827473,1744.163324,1229.765305,1169.370396,1135.007775,1196.443976,964.2359629,1001.7224582201311
358.6830284,1789.462915,1284.582453,1260.639668,1130.515838,1144.048716,948.3424754,1048.2775770477444
359.683201,1755.372333,1266.785019,1200.112123,1138.648048,1138.648048,946.9634724,1042.8057599952713
360.6832651,1751.426878,1269.679986,1211.159756,1158.909551,1231.014834,1016.788993,1057.5441530925407
361.6832206,1770.800707,1290.707662,1204.939406,1163.101232,1162.055278,951.8184542,1032.3569387680332
362.6830677,1761.177571,1293.496446,1254.523019,1185.002852,1233.456301,929.0422356,1054.3892038737959
363.6828063,1780.472844,1317.739205,1240.967488,1196.797458,1181.022448,932.8289504,1027.479012979293
364.6824364,1775.910207,1297.013072,1273.908386,1152.083676,1181.489641,971.4470379,1033.4096057338297
365.6819582,1786.287777,1310.778596,1245.083249,1131.41987,1182.516252,961.446194,1038.6121574818783
366.6813715,1823.977808,1321.389204,1231.342079,1171.659683,1222.965603,957.0124665,1081.6125578682768
367.6806763,1775.394912,1270.513737,1224.804331,1165.589872,1164.551022,976.519144,1030.5393520017076
368.6798729,1851.182131,1320.793071,1181.980309,1166.441567,1167.477483,978.9407465,1031.7724693049117
369.678961,1767.820038,1320.402371,1244.445418,1179.934033,1201.784664,958.3062124,1044.668227172228
370.6779408,1780.9091,1302.875604,1257.051043,1138.32377,1201.853275,977.9378038,1093.5406751924068
371.6768123,1818.438643,1321.371133,1237.49099,1175.357551,1218.850958,970.3172031,1060.4106894364468
372.6755755,1784.307569,1316.98892,1241.347542,1233.058076,1208.189678,949.1438635,1074.5220375924787
373.6742303,1822.245079,1326.968211,1230.404797,1180.565615,1221.05995,957.3276142,1050.776079783455
374.6727769,1816.570933,1354.171059,1215.863954,1179.738964,1199.349673,999.1140132,1062.0747102602518
375.6712152,1809.073827,1334.477536,1206.741554,1199.472027,1187.00998,991.771243,1060.3125016490133
376.6695453,1836.497353,1392.772865,1281.058699,1201.71032,1215.283069,1011.691833,1087.9080396130748
377.6677672,1791.512484,1375.982577,1261.317363,1228.706155,1264.473286,1004.635597,1090.8975020321195
378.6658809,1875.592382,1366.93931,1230.034757,1203.706958,1196.335174,1026.784151,1094.183315366998
379.6638863,1835.687242,1368.612665,1261.311749,1188.725835,1260.25978,1051.969766,1108.7761332721311
380.6617836,1899.799101,1420.919791,1262.690522,1195.626461,1292.031049,990.2427745,1118.0836406486565
381.6595728,1837.086174,1309.523402,1301.182489,1193.793229,1270.946678,999.8669925,1087.4465830462439
382.6572538,1829.821177,1370.801041,1243.527277,1165.285208,1225.792408,1036.968216,1075.5676360014158
383.6548267,1898.814087,1399.511816,1297.976554,1222.610173,1274.947937,1011.165606,1111.6541129327152
384.6522915,1897.907609,1405.62473,1343.827518,1229.659786,1295.64664,1051.600022,1115.4920548079474
385.6496482,1856.211889,1330.337357,1293.818292,1232.257583,1252.082218,1027.750821,1100.788950249926
386.6468969,1916.484692,1360.589621,1290.842487,1217.972347,1319.990543,1038.920002,1118.0361540770205
387.6440375,1870.883732,1349.185066,1295.465599,1205.588799,1288.234133,1004.140799,1080.587732636745
388.64107,1846.386869,1368.377824,1315.037759,1212.460711,1222.718415,998.0746798,1121.1671376896165
389.6379946,1887.488028,1341.596883,1312.811662,1256.269265,1279.914267,1023.931414,1112.343162525398
390.6348112,1878.96776,1410.260494,1302.654411,1204.360393,1290.238324,997.4256172,1105.0317004375752
391.6315198,1855.715511,1367.696524,1287.914227,1235.071407,1252.68568,1026.808527,1100.374021889149
392.6281204,1907.308347,1394.928363,1279.904285,1270.493224,1253.762449,1033.125354,1148.1494323988823
393.6246131,1911.924709,1411.481029,1357.153113,1295.511825,1261.034494,1044.767601,1128.3490088161625
394.6209978,1973.733588,1425.474258,1298.069232,1303.29075,1281.360377,1010.885774,1111.1389085879175
395.6172747,1962.004665,1436.579399,1323.98827,1266.650196,1282.287852,1044.59547,1148.8465148763237
396.6134436,1930.159688,1396.441289,1370.329822,1194.860759,1294.084336,1023.569531,1121.7486497973246
397.6095047,1896.60431,1413.135853,1303.397831,1252.669877,1319.962061,1065.287028,1085.9923151962773
398.605458,1926.369041,1415.990167,1308.105202,1236.527677,1291.507515,1060.177253,1136.9415554929976
399.6013034,1908.065106,1413.038506,1342.026374,1228.818628,1316.297341,989.0240382,1130.019140426238
400.5970409,1905.225529,1424.795282,1341.28702,1237.159435,1278.398083,1041.275858,1140.248612310893
401.5926707,1950.165453,1384.154372,1359.455707,1247.282601,1273.010378,1032.19839,1119.6728302720423
402.5881927,1940.013692,1374.861398,1326.566566,1276.216634,1246.417695,1102.560748,1144.6902822817135
403.5836069,1908.987177,1387.979889,1288.102998,1241.768358,1275.747094,1056.429797,1115.1203410843107
404.5789134,1967.634902,1434.214892,1343.927847,1285.812049,1317.983294,1108.351306,1159.2026297853452
405.5741121,1919.819056,1367.613037,1355.227108,1276.782888,1345.937661,1055.900481,1131.248218100208
406.5692032,1958.492786,1430.290078,1371.255658,1275.972032,1321.542462,1058.476799,1178.6170231641818
407.5641865,1954.435734,1471.5023,1369.343305,1268.216218,1324.971216,1068.025863,1163.9934044075546
408.5590622,1967.770952,1414.561567,1322.532342,1323.566379,1294.613364,1088.840154,1149.8482915243646
409.5538301,1958.315646,1446.459599,1351.134181,1333.519702,1327.302827,1064.121782,1188.4592836090044
410.5484905,2008.116968,1470.321732,1371.116786,1326.213494,1330.390544,1080.811785,1154.9544287299916
411.5430432,2020.623847,1442.854981,1389.570691,1315.390602,1338.375982,1072.999323,1149.268992759238
412.5374883,2021.910631,1481.337633,1391.242133,1311.622855,1352.480116,1084.288862,1218.3844888635713
413.5318258,2055.098966,1529.98902,1366.551185,1309.611552,1409.783128,1125.084965,1202.0589128284776
414.5260558,2043.239346,1462.027739,1399.566019,1304.285427,1391.096633,1158.188521,1238.6476866141213
415.5201781,2020.134667,1534.332851,1376.262846,1297.227843,1385.747046,1104.382437,1178.1484392755851
416.514193,2022.64031,1482.782262,1392.979956,1304.221863,1359.565144,1097.467716,1208.1542794201227
417.5081003,2007.543528,1517.74495,1373.748372,1322.245947,1428.404007,1128.849083,1221.343235187894
418.5019001,2002.305203,1484.773478,1374.17194,1298.002956,1369.998297,1100.798327,1154.0122744748398
419.4955924,2066.204691,1470.542077,1347.479836,1311.285059,1370.230838,1087.911579,1197.5300458477577
420.4891773,2076.936465,1513.999277,1390.173906,1349.592482,1404.741597,1102.982291,1187.2667866965014
421.4826547,1985.174446,1569.453092,1392.036655,1330.098373,1385.737847,1113.839285,1202.0226021622643
422.4760247,2110.977717,1514.924539,1396.768864,1351.405525,1348.240641,1135.138443,1212.1506231926926
423.4692872,2097.859896,1504.046361,1411.230036,1376.423914,1388.025954,1111.686441,1230.8710400859743
424.4624424,2147.482253,1520.603805,1396.710598,1382.944686,1457.068827,1145.747435,1227.283989935731
425.4554901,2076.099899,1518.969293,1440.130057,1339.215834,1441.181246,1173.127842,1226.7385226342421
426.4484305,2086.229077,1575.981421,1408.704354,1375.038529,1401.339955,1173.043581,1245.6355154388498
427.4412636,2111.25613,1520.687691,1457.15211,1322.789978,1408.198465,1138.432635,1209.2591845198488
428.4339893,2071.042026,1502.337212,1417.083474,1349.504292,1437.877069,1155.084182,1266.3299132953252
429.4266077,2090.770843,1547.874945,1464.990075,1355.167623,1373.816719,1117.909683,1203.9027352692833
430.4191188,2113.748242,1526.595953,1408.126287,1405.008665,1358.244323,1144.167559,1201.323976499019
431.4115227,2103.182599,1525.818031,1455.331872,1364.11449,1463.624362,1186.862531,1223.1421718417828
432.4038192,2123.972841,1541.693457,1394.569485,1377.992136,1458.806712,1127.259732,1247.4455123296843
433.3960086,2147.703982,1563.103335,1424.508173,1319.259215,1404.708864,1155.654399,1228.5992213524887
434.3880907,2132.390729,1571.29037,1407.985042,1369.252368,1451.951861,1153.605588,1260.3821491926064
435.3800656,2087.118438,1628.868881,1524.721254,1396.619673,1442.444629,1147.706846,1251.8544723094865
436.3719333,2125.568877,1566.427039,1474.101207,1379.700637,1461.652781,1187.787391,1243.8053114688219
437.3636938,2148.618292,1551.197596,1521.850615,1383.500559,1471.541503,1173.879262,1253.5353547353582
438.3553472,2158.031101,1558.926536,1475.28192,1393.728419,1442.869631,1143.840128,1261.9881484379603
439.3468934,2171.788657,1580.818617,1478.999622,1399.223915,1535.682361,1165.145196,1311.0507651690657
440.3383325,2288.680077,1636.721211,1461.395719,1369.008633,1488.691904,1172.686076,1324.9147971119023
441.3296645,2212.587007,1613.82531,1508.963366,1414.587617,1484.845119,1162.918953,1274.0726130508838
442.3208894,2180.107024,1617.296286,1478.162776,1399.70403,1491.762292,1186.296241,1287.7695522303366
443.3120073,2231.590267,1644.274863,1460.999134,1406.849487,1535.975568,1178.796165,1323.5423373241829
444.303018,2172.978062,1570.976549,1487.479764,1355.534227,1464.801625,1168.954991,1243.174355936642
445.2939218,2213.840497,1603.555353,1494.575863,1395.975372,1490.424263,1189.433291,1308.7917797452178
446.2847185,2304.4391,1679.2765,1510.200805,1394.352644,1491.414617,1228.40798,1321.2952445940512
447.2754083,2172.615574,1607.610662,1460.896679,1425.518839,1490.031371,1213.2518,1265.2780352924342
448.265991,2263.860062,1699.983478,1503.67089,1435.796856,1565.279627,1198.759848,1268.7223131268083
449.2564668,2273.704306,1654.464782,1588.11769,1422.776525,1495.442388,1214.257094,1305.8792680503084
450.2468357,2394.862235,1645.678619,1569.918478,1423.659317,1512.046148,1221.632274,1311.0713292737325
451.2370976,2295.793242,1677.574158,1563.360802,1464.86488,1562.312973,1184.04672,1308.738365942535
452.2272526,2281.881025,1738.37655,1550.925103,1454.581342,1550.925103,1196.966504,1276.5548277870407
453.2173007,2325.432281,1700.875715,1481.239989,1459.380509,1514.549673,1218.926231,1364.6560966908753
454.2072419,2417.428178,1608.85087,1541.38293,1447.965783,1592.243377,1229.992439,1375.3080016117544
455.1970762,2365.763885,1652.935465,1548.593914,1429.789178,1539.296152,1202.510551,1332.6792189939101
456.1868037,2365.264772,1652.57315,1541.571689,1383.887371,1560.244832,1201.305529,1250.0631797528356
457.1764244,2344.464028,1757.316126,1571.575138,1469.417595,1521.012314,1195.965585,1378.6108895848035
458.1659383,2334.455485,1737.41333,1538.054964,1446.122867,1558.713862,1187.886641,1318.0376988266353
459.1553454,2326.667698,1681.29193,1553.874242,1426.456554,1538.335499,1202.698663,1283.500123712803
460.1446457,2418.78141,1639.1656,1585.184212,1426.35436,1567.53645,1223.924156,1340.191759988902
461.1338392,2407.763848,1750.255129,1582.776493,1428.7375,1486.63135,1249.886858,1351.2010945399652
462.122926,2386.929734,1702.586952,1594.043157,1478.263109,1561.996894,1176.407985,1331.4705486657087
463.1119061,2411.913482,1748.559537,1553.699316,1454.196225,1610.706296,1235.496721,1340.1822654045625
464.1007795,2363.066238,1700.342417,1562.061558,1474.995831,1548.745623,1239.406219,1312.1317083993392
465.0895461,2413.21933,1725.042801,1546.096452,1463.269856,1526.667991,1262.849946,1333.405934876994
466.0782062,2379.188222,1689.24399,1537.619078,1499.967254,1481.65015,1210.964065,1334.0957054028497
467.0667595,2304.743797,1690.077943,1592.865551,1449.072221,1584.764518,1239.458,1356.922973918398
468.0552062,2382.730808,1698.211606,1521.041931,1434.470385,1575.400809,1204.955123,1317.699462229638
469.0435463,2452.103162,1747.603614,1556.570021,1469.644682,1586.892813,1235.148419,1314.9984394583723
470.0317798,2450.379867,1746.955334,1588.5082,1444.190111,1531.992026,1207.02402,1307.9457609619333
471.0199067,2435.444435,1756.581925,1545.0669,1476.57632,1593.413191,1237.866506,1258.010793929631
472.0079271,2415.502811,1747.277629,1569.622596,1493.917326,1574.669614,1269.829727,1309.1964672110607
472.9958409,2479.094389,1762.978996,1582.938686,1527.308253,1586.984536,1233.984151,1320.9699193164622
473.9836481,2510.083404,1768.837092,1591.141058,1453.045854,1640.895947,1241.841425,1344.3974221273556
474.9713488,2527.637083,1820.548896,1615.330773,1481.227841,1632.601605,1274.993786,1301.4079998589866
475.9589431,2530.508459,1825.318299,1579.01275,1553.462382,1631.135501,1267.298259,1362.3456285755024
476.9464308,2518.945198,1810.779266,1654.430944,1482.754354,1558.373804,1301.880804,1357.0625653428783
477.9338121,2620.461748,1784.774532,1594.752744,1492.590493,1603.947347,1270.898407,1341.3903606843737
478.921087,2673.288625,1823.670378,1664.558198,1550.323812,1654.358699,1277.997195,1367.7527837966825
479.9082554,2692.950954,1825.972059,1698.174463,1580.600674,1657.279232,1317.848816,1402.7064196473916
480.8953174,2694.349459,1835.755549,1725.364904,1553.646122,1678.346666,1311.399983,1370.683848270556
481.882273,2741.721054,1847.971237,1698.32964,1608.134704,1637.858035,1333.450127,1372.3979405600692
482.8691222,2795.7071,1913.446851,1680.300079,1547.80698,1728.572759,1334.174696,1412.2326461960545
483.8558651,2775.047997,1880.527031,1696.540332,1577.609704,1714.837352,1281.807884,1393.6230052230812
484.8425016,2699.199038,1930.452605,1713.26406,1556.686271,1715.284419,1303.131272,1445.5665506045818
485.8290318,2725.804939,1916.280435,1713.392088,1613.976799,1753.969758,1325.875346,1394.857384053368
486.8154556,2659.046465,1906.809581,1742.44683,1584.134242,1659.761275,1335.069215,1417.7547703364778
487.8017732,2723.071812,1964.265218,1732.407647,1566.795097,1686.236876,1299.807592,1398.171409526048
488.7879845,2689.680722,1905.819412,1701.552601,1599.922315,1694.508918,1374.524454,1416.7865533618299
489.7740896,2860.338148,1941.305226,1727.741408,1615.392669,1690.291828,1330.978296,1418.0232643456702
490.7600884,2719.680927,1953.828426,1704.574594,1618.139798,1747.791992,1363.860686,1449.2904273519744
491.745981,2753.201594,1919.96927,1742.213041,1561.426876,1759.382677,1367.51099,1488.7084187435098
492.7317673,2741.254339,1883.034749,1753.796975,1618.501181,1737.642253,1350.938603,1451.9056132551189
493.7174475,2695.585627,1865.863324,1760.630252,1628.077054,1698.907007,1331.60311,1418.62276592099
494.7030215,2708.686388,1938.077167,1733.117218,1581.406667,1757.230153,1345.300843,1453.8090518213228
495.6884894,2694.275077,1913.165928,1742.705651,1581.269742,1691.567568,1316.55496,1455.9313034936308
496.6738511,2647.104414,1851.281967,1725.939932,1575.728445,1671.227138,1326.039152,1382.7415014144456
497.6591067,2661.91666,1854.883235,1698.651117,1560.330962,1628.993485,1339.416757,1417.0352614275314
498.6442562,2687.027092,1822.522633,1671.308965,1546.955619,1654.39691,1325.109251,1423.597100320418
499.6292996,2626.829698,1820.031966,1681.410353,1546.777852,1646.505631,1258.56457,1419.126294566702
500.6142369,2595.252915,1854.039041,1703.385814,1540.68033,1686.311782,1296.622103,1431.2056517895305
501.5990682,2568.034454,1849.506643,1708.008848,1553.465156,1669.87469,1348.744942,1388.8861604853234
502.5837934,2615.500895,1837.244517,1651.42207,1562.507028,1655.418252,1308.749493,1362.6979452072403
503.5684127,2562.697258,1799.27693,1657.57015,1513.8675,1641.603189,1272.367213,1403.0967072184797
504.5529259,2537.336918,1881.80001,1634.352289,1502.646244,1637.345608,1225.26533,1305.0871758891403
505.5373331,2560.11423,1821.696189,1585.163896,1511.620242,1616.966557,1263.161951,1380.4342644642365
506.5216344,2585.710528,1799.662477,1625.758041,1486.634493,1652.589012,1259.068116,1427.0101146452744
507.5058297,2551.61408,1806.064341,1562.863624,1518.011033,1619.676906,1249.89221,1371.4925680704077
508.4899191,2567.758601,1811.950492,1628.965371,1493.715499,1577.252185,1250.066832,1394.2670635277993
509.4739026,2503.885825,1844.18532,1568.400748,1568.400748,1599.153704,1234.086357,1353.1300574103939
510.4577801,2491.464055,1777.77888,1625.34127,1494.680462,1687.702111,1241.277682,1366.9892170782928
511.4415518,2462.539879,1804.873606,1602.134379,1474.557012,1601.145408,1224.347137,1321.266377054275
512.4252177,2478.517643,1803.903211,1616.510313,1486.321563,1581.00429,1172.685029,1359.0916481438571
513.4087776,2457.816489,1787.324151,1627.074516,1516.964337,1660.50082,1276.098321,1318.3727647653461
514.3922318,2452.71075,1744.519906,1605.428482,1490.824984,1628.936892,1216.560204,1338.9998381407777
515.3755801,2480.152578,1749.201385,1563.531964,1455.061934,1591.870981,1235.190252,1311.4124349182198
516.3588227,2488.822089,1767.141703,1578.919656,1545.761368,1575.993925,1209.302269,1287.3217701904475
517.3419594,2438.513005,1731.344234,1577.230212,1472.861855,1591.86129,1198.772993,1289.4856771766092
518.3249904,2470.892708,1737.331193,1600.76389,1495.411971,1561.744661,1194.963903,1298.364861578654
519.3079157,2370.119841,1783.427615,1516.83778,1439.001332,1545.053493,1194.789477,1306.6793706887634
520.2907352,2371.044061,1730.037875,1489.539337,1460.446771,1574.877528,1181.158146,1269.4055934390185
521.273449,2347.699658,1786.675676,1546.236827,1455.339213,1589.24215,1173.849829,1281.363135471215
522.2560571,2403.002771,1775.279598,1584.020194,1427.089401,1568.327115,1209.347925,1266.2353376574474
523.2385595,2396.394702,1758.144079,1528.649642,1471.522271,1577.897375,1181.945599,1262.7118818361605
524.2209563,2384.24446,1718.436774,1577.954321,1444.397059,1586.858138,1215.865743,1266.3207088874358
525.2032475,2329.189562,1742.674423,1556.101079,1505.488098,1540.222497,1225.628082,1327.846456703984
526.185433,2337.289384,1720.709884,1576.906997,1454.773039,1565.087582,1222.324537,1319.8347134236876
527.1675129,2327.960774,1661.428847,1578.112357,1420.301121,1573.211386,1172.312036,1326.2024958915665
528.1494872,2295.865838,1674.885061,1495.642975,1407.49113,1544.616223,1168.501683,1318.3598197306299
529.1313559,2299.875712,1670.147838,1496.092619,1392.441758,1538.139666,1180.250844,1294.6579263187825
530.1131191,2284.814687,1694.742426,1499.685316,1410.488346,1569.278556,1122.313521,1267.3811199754143
531.0947767,2202.842987,1634.653267,1523.378677,1404.22624,1561.783182,1179.707599,1216.1426414964944
532.0763288,2217.621978,1620.076883,1501.751122,1397.230032,1596.411731,1172.411086,1303.555471369279
533.0577754,2122.118756,1635.51199,1478.573905,1389.741027,1555.5624,1184.438375,1243.6602942710567
534.0391165,2198.935956,1579.866149,1511.520842,1424.355813,1529.350052,1177.718402,1260.9213839405113
535.0203522,2180.026618,1626.353342,1492.63976,1447.078096,1528.296716,1215.307887,1278.6980296918546
536.0014824,2122.238847,1636.785433,1517.166522,1429.445987,1547.07125,1149.33837,1255.9985661557255
536.9825071,2103.775443,1613.429308,1492.096215,1388.812673,1553.264138,1160.185028,1236.3942428076443
537.9634264,2155.201454,1608.359294,1508.842063,1397.262137,1538.998799,1185.159755,1248.4889018512151
538.9442404,2086.641217,1606.350492,1477.196684,1393.448511,1589.197252,1212.834982,1292.547098185364
539.9249489,2101.821392,1638.22888,1461.477922,1432.187763,1582.678579,1181.706405,1268.5668759548607
540.9055521,2034.712067,1595.101333,1480.157242,1447.892234,1596.109614,1204.896392,1282.534067896244
541.8860499,2064.741918,1608.601475,1479.42896,1381.540413,1560.161782,1205.946526,1268.514462886075
542.8664423,2025.841203,1641.838468,1481.585357,1410.025793,1555.160685,1168.134306,1267.9145439673869
543.8467295,1967.33468,1541.530747,1501.360565,1355.743654,1471.232928,1183.01187,1273.394780017077
544.8269113,1949.538429,1557.626077,1444.362405,1364.175734,1544.595743,1160.702057,1289.0007302435486
545.8069879,1914.710544,1554.517472,1468.709703,1385.89523,1537.555471,1181.353457,1267.1612251639167
546.7869592,1926.121026,1551.23841,1373.243746,1357.333609,1469.698955,1175.361411,1274.7997702407604
547.7668252,1861.996082,1516.481301,1387.037723,1382.059124,1531.417099,1169.9708,1259.585585026775
548.746586,1859.723209,1560.217224,1402.006421,1345.289341,1541.31153,1150.262188,1296.5325526937934
549.7262416,1848.469382,1504.195713,1432.138433,1377.094678,1482.178211,1170.930794,1269.0087582469187
550.705792,1890.51068,1594.019106,1440.24551,1359.841015,1515.624723,1140.738767,1273.4061833789053
551.6852372,1838.43511,1474.567691,1486.629594,1331.835167,1534.877208,1162.96852,1282.5823952471142
552.6645772,1787.110631,1521.117368,1417.956482,1313.784216,1523.14013,1176.236369,1265.2379168505777
553.6438121,1810.32847,1519.781925,1411.080945,1321.682008,1508.607058,1136.788753,1277.9984370771465
554.6229419,1739.179973,1532.544729,1399.852488,1352.245349,1477.847164,1174.984722,1198.2818333304979
555.6019665,1784.173032,1469.496952,1377.716429,1373.68212,1487.651341,1186.086764,1279.8844421365027
556.580886,1732.739574,1446.302997,1369.650956,1298.041811,1466.474587,1135.660513,1231.4755647302661
557.5597005,1680.088261,1457.34172,1357.455379,1360.451969,1477.318988,1167.67133,1211.62132035588
558.5384099,1679.487199,1445.723449,1394.556276,1324.326823,1517.959457,1192.897419,1241.0547579300019
559.5170142,1654.798353,1449.832437,1348.354213,1312.183758,1480.979218,1129.322009,1251.8996646180285
560.4955135,1650.599455,1403.160415,1363.932274,1308.610537,1483.628395,1157.733073,1254.2946501201382
561.4739078,1634.288443,1356.881548,1324.71843,1284.514532,1459.401488,1174.958911,1240.2902449754174
562.4521971,1585.988754,1462.051895,1356.252137,1271.61233,1464.067129,1144.652621,1247.429528624402
563.4303814,1605.454314,1399.010127,1362.932502,1327.857033,1443.105002,1148.471064,1242.6737513729317
564.4084608,1609.633503,1463.760467,1357.122247,1322.917535,1467.784551,1115.677222,1276.6405721185665
565.3864352,1557.02453,1418.420007,1334.447924,1314.213687,1486.204701,1120.976725,1286.8974671168153
566.3643046,1520.016592,1407.198926,1380.00181,1267.184144,1447.49095,1154.366478,1213.7972126253467
567.3420692,1499.983164,1455.569127,1374.816332,1293.054127,1487.870245,1151.736736,1244.6024501978984
568.3197288,1514.310954,1403.335468,1342.803385,1298.41319,1440.663586,1139.012037,1258.0584676904205
569.2972836,1488.896497,1366.921902,1298.374196,1278.213106,1480.832061,1146.157967,1269.1406159335054
570.2747335,1507.974503,1351.209883,1326.936652,1312.777267,1422.006808,1119.6028,1204.5591097220017
571.2520786,1494.406887,1440.15787,1352.131163,1270.245854,1463.699896,1166.865651,1248.7509601987858
572.2293188,1491.391943,1415.331982,1346.466882,1336.188509,1524.282737,1153.233467,1213.8758682078467
573.2064543,1497.644525,1453.292793,1384.186606,1351.180666,1449.16705,1130.453443,1253.1942819991366
574.1834849,1493.802698,1403.144328,1339.271385,1291.881782,1516.467291,1120.867128,1249.6432228334475
575.1604108,1476.844098,1420.670913,1322.623172,1328.751156,1485.014743,1175.551561,1235.8100682441443
576.1372319,1417.430756,1363.462487,1302.366334,1290.147103,1446.960563,1166.936528,1225.9961423968027
577.1139482,1433.68557,1372.054266,1361.950774,1284.153883,1453.892555,1117.446258,1250.812357682172
578.0905598,1471.635634,1343.447894,1355.560121,1299.036393,1436.308304,1150.661607,1189.0169940686387
579.0670667,1455.742005,1375.035587,1311.479283,1331.655888,1449.689023,1150.066449,1246.9141495179404
580.0434689,1427.075241,1420.040363,1317.532142,1301.452421,1499.433986,1151.710018,1249.1933272041356
581.0197665,1396.145104,1413.171264,1379.118944,1304.003533,1427.192807,1094.681922,1206.854268484241
581.9959594,1413.729564,1348.603822,1388.681201,1312.53418,1450.80114,1140.201448,1208.3329934911778
582.9720476,1353.793836,1383.700916,1326.877464,1309.930118,1418.59251,1108.555777,1251.1128602819344
583.9480312,1354.586092,1395.273293,1324.814969,1298.020958,1448.861314,1124.356075,1185.883062034923
584.9239102,1415.990127,1407.021857,1287.444929,1336.272175,1423.961922,1106.086588,1206.7305023689512
585.8996846,1364.317644,1403.241118,1315.413793,1289.464811,1427.194024,1144.749333,1255.5315262375768
586.8753544,1333.544848,1410.692071,1343.563968,1250.386154,1419.709279,1137.1701,1221.3307061678734
587.8509197,1397.976512,1357.833611,1361.847901,1302.637123,1475.251595,1127.011933,1297.6192604627308
588.8263804,1424.474376,1382.342035,1334.190789,1318.140373,1493.691793,1113.497576,1248.9229563608073
589.8017366,1401.377934,1385.350738,1359.306545,1316.233456,1440.444224,1110.88501,1230.0872789799005
590.7769883,1391.989803,1403.921144,1295.544795,1284.607733,1484.457697,1147.397309,1229.9224188397857
591.7521355,1333.606221,1386.871558,1374.048421,1301.055181,1497.347813,1164.932653,1240.8850780837718
592.7271782,1345.284972,1401.256683,1327.609695,1284.403462,1426.787638,1127.289889,1219.5941134113984
593.7021164,1381.170376,1443.817367,1345.931444,1304.819356,1445.775085,1178.546515,1237.278068935508
594.6769502,1421.495073,1418.537732,1315.030809,1308.130348,1466.840963,1178.007359,1255.8839962019424
595.6516796,1415.516855,1450.089842,1337.480685,1318.712493,1508.37002,1184.371744,1241.6641221906575
596.6263046,1454.250159,1445.328379,1354.12796,1295.640735,1440.371834,1158.840106,1275.814556682597
597.6008252,1435.009669,1461.953522,1378.128201,1367.151075,1498.87658,1138.627282,1265.3631850554464
598.5752414,1460.595801,1464.613946,1428.450639,1362.151242,1497.763644,1175.307488,1293.8427726350624
599.5495533,1418.018665,1501.490685,1392.87649,1420.030039,1528.644234,1192.744777,1263.1428671352483
600.5237608,1489.458743,1485.425002,1444.07916,1368.446523,1535.84676,1206.088461,1324.075375149417
601.497864,1496.241608,1488.181047,1425.7117,1373.318055,1564.756375,1218.152259,1289.6897360981018
602.4718629,1510.541427,1531.689007,1473.281405,1339.346732,1521.618731,1260.798578,1317.1921242946844
603.4457574,1514.33272,1528.419536,1447.923444,1371.452158,1527.413335,1224.546791,1302.0242786920858
604.4195478,1506.269297,2103.358059,1444.051644,1384.844523,1544.402697,1180.128376,1314.5987866018165
605.3932338,1537.413315,1583.72701,1422.635897,1381.356299,1562.583801,1187.040143,1281.6811721485155
606.3668156,1576.055998,1507.267931,1484.001379,1400.039474,1593.253015,1208.849113,1322.1471048896392
607.3402932,1563.548435,1581.764533,1510.924151,1410.73561,1539.260304,1228.574628,1331.7991845440313
608.3136666,1551.573844,1582.786556,1444.846506,1363.29071,1554.594429,1237.433001,1306.9064562880124
609.2869358,1560.950882,1531.895955,1518.871333,1379.608064,1540.913001,1243.350478,1320.4963172272319
610.2601008,1549.27825,1545.295529,1428.800956,1409.883034,1582.135693,1149.014846,1305.3366229215383
611.2331617,1500.997886,1509.93831,1447.35534,1383.778991,1585.435225,1215.897692,1318.2158797552684
612.2061184,1519.981303,1529.902852,1454.49908,1410.844264,1569.589048,1237.217157,1343.3777310304606
613.178971,1565.880968,1511.060183,1450.258949,1350.584794,1571.861417,1213.034461,1321.6792892665896
614.1517195,1553.115479,1554.110428,1439.691287,1401.883222,1565.054868,1191.948971,1314.3277052450142
615.1243639,1551.941755,1537.94228,1510.943294,1374.948398,1512.943219,1227.953914,1306.95094956104
616.0969042,1528.539459,1580.388155,1435.810059,1427.833337,1580.388155,1191.522931,1318.1534014955719
617.0693405,1522.85016,1558.63515,1506.945719,1406.54894,1577.521673,1259.432867,1359.8296464614239
618.0416727,1579.865832,1553.86804,1489.873474,1446.877126,1625.861926,1235.895043,1329.8870608577938
619.0139009,1550.547884,1568.542637,1497.563334,1417.586654,1571.541763,1264.631253,1346.6073500705622
619.9860251,1549.327662,1556.284233,1441.997715,1407.214862,1577.153945,1236.281983,1355.537479807057
620.9580453,1480.47021,1544.18917,1475.492166,1396.839075,1650.719306,1205.682195,1327.1464622527712
621.9299615,1532.247066,1535.230026,1442.758269,1441.763949,1593.894904,1213.070357,1344.32059277187
622.9017738,1445.75856,1524.546493,1456.591901,1417.197935,1574.7738,1235.98569,1287.1978463436242
623.8734822,1499.719194,1575.691811,1463.212871,1374.413709,1588.518357,1234.308363,1310.280979862362
624.8450866,1488.705097,1533.277106,1497.619499,1394.608634,1593.69694,1227.215978,1315.3695069641797
625.8165871,1481.089039,1537.6343,1465.216684,1389.823003,1577.315185,1288.636746,1366.0144715934953
626.7879837,1453.160958,1594.01342,1483.910439,1421.419559,1583.102314,1298.421635,1360.9125153305342
627.7592764,1466.03453,1546.542189,1429.259426,1389.502558,1569.402388,1264.268422,1375.5876538313637
628.7304653,1430.793086,1543.148623,1465.593473,1467.582067,1578.943308,1294.574425,1360.1980131920227
629.7015503,1437.306952,1542.669702,1473.090527,1380.649624,1589.387148,1302.124555,1289.2027084850517
630.6725316,1389.809476,1525.81226,1483.125255,1403.707571,1581.404639,1243.879481,1368.962333853256
631.643409,1369.528458,1483.161771,1441.660909,1418.934246,1593.830738,1251.942681,1350.7542582417002
632.6141826,1346.233738,1495.815264,1473.181217,1421.024501,1604.065053,1219.286258,1296.0451992034748
633.5848524,1363.287076,1462.991634,1472.863372,1392.902291,1575.529452,1275.428604,1364.2742494077481
634.5554185,1351.419934,1514.454607,1429.008724,1392.669671,1571.418528,1276.777554,1313.1166078396427
635.5258809,1344.592849,1481.71567,1469.877729,1365.309246,1579.378687,1243.970346,1337.6873827685615
636.4962395,1311.581472,1499.661061,1512.597752,1441.943515,1634.003624,1332.479204,1410.0993518159219
637.4664944,1308.278826,1473.062037,1422.129044,1421.130358,1596.899117,1259.343206,1348.2262709814336
638.4366457,1305.630192,1510.630054,1452.911647,1421.067008,1553.421288,1243.931204,1318.5670765475616
639.4066932,1257.469826,1456.544206,1447.540842,1403.524396,1626.607746,1246.465714,1329.4967371488324
640.3766371,1203.828805,1458.102876,1449.163553,1398.507391,1587.226428,1276.336646,1332.9523567773033
641.3464774,1196.963496,1463.505864,1436.752541,1405.044899,1638.888761,1269.296555,1379.2824393679234
642.316214,1204.952957,1511.921948,1440.162963,1399.300208,1547.801441,1236.845839,1381.3604618304123
643.285847,1210.914824,1439.464973,1413.402237,1405.382934,1568.776242,1239.9848,1349.2478093351494
644.2553764,1191.446146,1428.130734,1442.171345,1396.037909,1600.629671,1258.640499,1348.9015711613972
645.2248023,1189.426752,1437.515763,1425.511456,1400.502483,1562.560628,1292.46372,1337.4798715550614
646.1941246,1144.592747,1439.260231,1505.410075,1429.237528,1548.5077,1288.919678,1332.017303092253
647.1633434,1145.289245,1425.160621,1446.994558,1369.583326,1537.307661,1249.496672,1338.8173238820373
648.1324586,1134.352786,1416.702606,1449.395743,1328.530206,1560.354269,1266.116035,1315.6510914458784
649.1014703,1118.761334,1413.483482,1388.841162,1406.583633,1532.752312,1234.087392,1309.9857377530027
650.0703786,1095.546477,1425.697587,1409.834471,1377.116793,1568.465635,1232.365856,1279.9552051254354
651.0391833,1101.04501,1413.931901,1393.138785,1354.522997,1571.365495,1284.222462,1301.0549843865301
652.0078846,1111.42777,1382.07088,1453.711703,1361.17564,1597.988361,1273.614634,1320.3801708661683
652.9764825,1048.366858,1459.374319,1387.894761,1416.685138,1544.752681,1241.957329,1316.4152022243084
653.9449769,1058.578543,1409.455701,1473.882297,1425.314555,1613.638453,1262.761296,1311.3290380003411
654.913368,1041.655905,1415.659977,1440.461308,1391.850699,1538.674579,1277.764576,1355.144729384392
655.8816556,1027.602927,1389.879848,1419.493765,1385.931325,1559.666306,1208.247822,1366.1887140199196
656.8498398,1007.484019,1398.624873,1425.293568,1413.440815,1526.04197,1268.244588,1335.4101896141415
657.8179207,1006.993095,1410.972713,1361.706906,1407.031448,1539.063811,1273.028453,1299.6319890039404
658.7858983,1006.430018,1420.900706,1390.162449,1432.799386,1583.515999,1230.521825,1346.5339554869113
659.7537725,1001.149244,1375.836782,1432.337284,1384.757914,1534.434682,1249.949699,1370.8805980555949
660.7215435,892.8156382,1372.567185,1465.133355,1346.688471,1552.722849,1259.098977,1350.669811697394
661.6892111,980.7643612,1438.388218,1397.688482,1359.966776,1531.699807,1268.64054,1318.274363975437
662.6567755,921.8580339,1398.646974,1444.244253,1335.207281,1537.421302,1241.038988,1323.312338982507
663.6242365,868.4393943,1392.071794,1415.783449,1409.855535,1550.149499,1194.474662,1356.5043097965547
664.5915944,877.9961326,1389.009612,1352.508649,1386.050075,1546.851613,1215.383411,1316.9941989500205
665.558849,892.7843331,1359.870176,1391.403398,1356.913937,1573.704834,1206.145722,1344.1035655081153
666.5260004,855.2536936,1341.863554,1377.253362,1421.490622,1567.965105,1201.287372,1301.5584947032962
667.4930487,842.202268,1336.922481,1336.922481,1359.498999,1568.577184,1237.782121,1384.0386921604897
668.4599937,829.7418299,1324.641099,1385.521565,1375.702135,1565.217132,1223.500971,1273.580063212369
669.4268356,827.1014202,1319.633938,1377.521226,1385.37035,1544.315107,1209.746205,1357.898417002074
670.3935743,804.8629735,1327.386682,1392.08943,1328.367027,1519.534237,1183.276016,1298.9566868313195
671.3602099,801.6956846,1309.272339,1348.619366,1371.243907,1521.746287,1291.566177,1337.7989338096768
672.3267424,769.8482132,1366.853086,1375.793258,1395.660309,1514.862613,1222.816968,1344.9993298274364
673.2931719,740.0366794,1318.035955,1354.593174,1341.748746,1528.486973,1238.993319,1356.5692401371775
674.2594982,748.5614745,1373.352864,1376.323346,1342.657883,1534.749055,1215.917316,1347.608686154706
675.2257215,734.7578922,1290.04051,1320.779369,1348.5435,1519.094589,1232.529096,1296.9815424526807
676.1918417,746.7740169,1317.720289,1372.049087,1324.634863,1537.011072,1227.830824,1345.3785860349851
677.1578589,730.9678498,1305.088347,1333.695726,1357.370798,1487.583694,1227.157902,1316.925883155519
678.1237731,713.120403,1305.406516,1419.307691,1344.033871,1504.485961,1266.77916,1363.8427707885996
679.0895842,709.9452219,1287.393703,1357.5972,1331.888877,1487.127596,1248.831219,1298.2703013466473
680.0552924,713.2027105,1321.406133,1336.264523,1357.066269,1496.735133,1249.095303,1327.349489059365
681.0208977,685.0869926,1319.38992,1368.182453,1385.110475,1501.615094,1214.834493,1323.3729842705527
681.9864,687.2544425,1284.13294,1352.659755,1353.652898,1528.445935,1295.057504,1336.7694792850339
682.9517994,672.7781817,1358.513573,1389.411534,1334.592571,1537.921088,1230.934895,1335.5892792305062
683.9170958,683.6556046,1300.442705,1373.299433,1374.297471,1517.016816,1283.476069,1338.3681251665473
684.8822894,650.8991823,1275.921639,1328.670349,1333.646643,1522.745793,1218.196635,1333.6466425745543
685.8473801,699.9246155,1307.256074,1369.980471,1348.076713,1449.630498,1233.579799,1286.3479419954492
686.8123679,622.0165512,1306.632212,1323.524036,1370.224959,1534.175008,1249.001286,1329.485855530001
687.7772528,640.3911622,1317.632205,1359.461799,1344.522658,1491.922179,1192.143423,1359.461798501747
688.742035,635.2721906,1298.207867,1313.027591,1373.294471,1495.804194,1209.28952,1295.2439220051028
689.7067143,612.7324274,1293.656044,1372.718293,1361.847234,1577.291861,1188.898565,1327.2574999085382
690.6712908,605.0327433,1290.99972,1372.920956,1367.985942,1516.036368,1225.857532,1367.9859416047286
691.6357646,591.4906169,1309.587921,1373.880379,1362.011003,1549.942804,1252.219266,1337.2831339323043
692.6001355,572.0845042,1320.422238,1346.023266,1394.271356,1516.368565,1205.217613,1300.7291395748127
693.5644038,617.7084024,1266.006198,1279.820763,1363.694907,1486.052482,1244.297596,1318.3041941824786
694.5285693,571.1112604,1262.768496,1353.672019,1371.45749,1520.657837,1223.245226,1344.7792826588611
695.492632,568.3306975,1290.584292,1328.078331,1340.905239,1530.348805,1209.676103,1297.4910889017012
696.4565921,579.8160099,1294.955347,1338.416854,1338.416854,1467.813613,1189.264865,1340.392377166692
697.4204495,550.3459663,1256.656403,1336.128745,1362.95066,1499.047045,1248.709169,1366.924277267318
698.3842042,577.5387386,1278.978522,1390.889142,1370.905103,1503.798965,1236.012837,1387.8915362382616
699.3478563,557.7237517,1332.340073,1364.324231,1350.331162,1575.219772,1271.370273,1338.3371030437495
700.3114058,572.7412979,1342.080309,1406.275481,1380.196192,1512.598734,1230.741808,1300.9552773038927
701.2748526,559.7139115,1330.697296,1369.747104,1340.710067,1535.959106,1274.625777,1348.7202841324583
702.2381968,543.3270533,1331.251526,1349.295597,1360.32253,1537.755904,1283.134001,1339.2711130284736
703.2014385,528.9468112,1315.843016,1423.238289,1401.157018,1534.648338,1221.495767,1342.9427578249179
704.1645775,527.1766059,1290.432299,1356.454417,1378.461789,1526.511386,1209.405155,1346.451065497973
705.1276141,557.926198,1270.831895,1401.814569,1346.821844,1528.797772,1268.83216,1358.8202564666285
706.090548,518.1337803,1271.873673,1365.716785,1309.81025,1542.421369,1252.905384,1361.7234610436149
707.0533795,530.7781304,1289.315533,1322.984295,1345.760222,1499.250167,1256.637029,1360.6140880370954
708.0161085,522.2843195,1303.242536,1349.645869,1352.607784,1561.916434,1235.118495,1370.3792731945962
708.9787349,521.0056378,1324.842908,1375.454884,1335.759216,1515.382112,1233.542872,1348.6603081847936
709.941259,512.4924788,1280.241829,1353.455041,1334.657054,1542.424275,1227.80534,1410.838368325369
710.9036805,494.077856,1261.981994,1369.131408,1344.328303,1553.666511,1224.281274,1350.281048352142
711.8659996,520.8656941,1307.172559,1342.230827,1392.314067,1592.647026,1228.04104,1371.2791061810897
712.8282163,488.0169465,1326.482276,1383.718832,1319.453226,1501.204393,1299.370224,1360.6233796914632
713.7903306,512.2480311,1327.004742,1416.748984,1408.682085,1611.362901,1284.653527,1344.1469004804112
714.7523425,505.8573742,1300.776105,1349.956683,1422.222022,1586.826406,1259.625009,1358.989850396804
715.714252,488.9091084,1290.03738,1399.464676,1376.374512,1535.997815,1246.868814,1389.4254743158074
716.6760592,490.3796019,1308.68176,1396.930031,1419.994921,1597.494286,1244.501198,1376.8736060264503
717.637764,503.2679531,1296.418247,1352.784258,1388.013015,1532.954185,1294.405175,1385.9999427591122
718.5993666,498.4508497,1295.572649,1334.52973,1341.522026,1516.329438,1266.604564,1398.4592976322606
719.5608668,501.8524333,1284.419105,1382.366159,1398.522374,1592.396956,1297.54603,1398.5223744687187
720.5222647,503.7420179,1283.078366,1373.93364,1365.857616,1603.09083,1258.850293,1398.1617129962392
721.4835603,500.4920286,1307.285179,1375.352095,1356.333397,1516.490847,1298.276322,1376.353078627219
722.4447537,447.4208932,1297.52059,1339.279874,1383.027694,1537.139335,1247.807158,1366.1251271326696
723.4058448,442.4414672,1333.30334,1414.019013,1368.180483,1550.538115,1316.363014,1384.1243196288392
724.3668337,441.9658508,1292.974588,1375.780831,1405.710799,1528.423665,1274.018942,1410.6991264643932
725.3277204,466.4547795,1335.439058,1339.434388,1463.289619,1607.121499,1272.51261,1414.3468259634715
726.288505,454.2080047,1306.598357,1380.632261,1371.628138,1570.719312,1309.599732,1400.6414243114427
727.2491873,469.7795656,1338.922059,1437.505352,1391.231561,1538.100548,1282.58875,1427.4458319504922
728.2097675,473.9642905,1330.320153,1382.647421,1379.62854,1554.723628,1269.942536,1362.521548567613
729.1702455,469.3260727,1352.466532,1397.885184,1351.457229,1552.308602,1308.057183,1422.1084655664747
730.1306214,462.6819595,1319.35074,1390.066324,1419.36278,1614.335745,1286.013394,1398.1481046104245
731.0908952,496.980064,1385.673539,1407.941485,1425.148534,1584.060693,1291.540859,1382.6370008636275
732.0510669,466.9232675,1321.767601,1388.615618,1417.988231,1634.737861,1306.57487,1457.489331671116
733.0111365,477.3263156,1350.731914,1422.838656,1434.010123,1640.174467,1305.030459,1396.4333700789832
733.9711041,462.4269104,1302.837556,1419.44956,1418.444284,1547.119598,1325.958902,1383.2596277278597
734.9309696,472.2479127,1316.265459,1447.892005,1453.920701,1569.470723,1364.495033,1421.767652018518
735.8907331,482.3921553,1337.404556,1436.098567,1462.282692,1635.500752,1353.517864,1416.9640136944693
736.8503946,468.3477727,1381.927441,1409.063471,1433.184386,1557.809115,1320.620115,1456.3002632698444
737.809954,451.4460836,1373.357044,1403.386717,1410.39364,1581.562776,1308.292752,1370.3540764377929
738.7694115,476.7393634,1352.423801,1437.199629,1444.181168,1608.746011,1325.495008,1407.2787484188443
739.7287671,475.3816004,1345.250033,1427.143502,1431.138306,1666.831704,1334.264324,1438.129211409025
740.6880206,452.4361075,1319.52245,1478.620861,1378.189989,1650.646019,1290.685863,1387.1392745910996
741.6471723,468.3400785,1373.268366,1447.686811,1476.461942,1608.430651,1298.849921,1363.3459065728396
742.606222,463.567799,1358.733204,1441.655892,1466.632606,1581.525487,1264.820762,1431.665206962306
743.5651699,456.7411236,1365.204238,1474.621342,1432.460623,1608.130286,1352.154491,1431.4567961480325
744.5240158,463.1517803,1412.314764,1403.369772,1366.595918,1549.471299,1354.669263,1442.131401776833
745.4827599,473.3791032,1324.263061,1441.109801,1455.091463,1637.851749,1353.225073,1455.0914627346579
746.4414021,463.7952228,1362.272981,1446.599386,1454.630472,1652.395967,1351.230238,1475.7120726506014
747.3999425,451.6510834,1333.969461,1422.900758,1522.823564,1569.787283,1314.984128,1484.8528979737318
748.3583811,458.8587588,1371.588681,1500.268637,1417.474557,1643.911379,1397.524176,1455.380280541243
749.3167179,468.9767527,1399.915648,1446.011654,1485.09305,1591.31428,1358.830078,1476.0742664203133
750.2749529,455.0757364,1361.217731,1445.416766,1472.480742,1659.923832,1340.167973,1474.485480875966
751.2330861,458.4367611,1391.25591,1458.02822,1469.98744,1659.341755,1355.37825,1428.1301708472351
752.1911175,467.7128053,1346.173395,1484.088709,1489.085641,1594.021206,1350.17094,1409.1347338557712
753.1490473,462.3357676,1421.957091,1465.893967,1462.898271,1634.651515,1380.017345,1448.918355910367
754.1068753,474.7614884,1462.345513,1450.326235,1477.36961,1673.684488,1377.208959,1463.3471192649047
755.0646016,459.5385761,1409.517455,1465.339928,1445.403331,1632.807349,1394.565007,1506.2099534681627
756.0222262,493.9382413,1372.271969,1481.814724,1445.964368,1607.290971,1354.346791,1431.0267192270553
756.9797491,477.1865219,1395.844982,1457.353432,1437.511996,1704.379303,1372.03526,1470.25036487195
757.9371704,480.3190643,1379.428718,1488.592141,1524.318353,1683.101514,1343.702506,1524.318352690251
758.8944901,461.4294803,1390.216871,1511.749689,1471.23875,1618.461432,1381.324226,1491.988255222282
759.8517081,498.7834072,1427.928641,1484.450816,1485.442433,1687.732324,1362.481911,1460.6520054629636
760.8088245,469.1969596,1391.652128,1506.211896,1435.483692,1649.660648,1410.579394,1541.077911801931
761.7658393,492.7024562,1425.459727,1525.788251,1502.941162,1684.724527,1415.52621,1531.7483616604345
762.7227526,494.6415513,1417.242594,1511.791784,1521.74433,1688.947108,1386.3897,1526.7206029615886
763.6795642,531.8399124,1429.19527,1556.677497,1517.835256,1728.977693,1439.154819,1502.8959323711013
764.6362744,493.0272484,1478.091731,1519.672342,1513.732254,1710.745151,1393.940493,1553.332836696203
765.592883,519.2070124,1444.106196,1515.176358,1538.866411,1711.606387,1418.441971,1498.3959028237896
766.5493901,528.6955675,1482.517608,1508.163289,1543.672692,1701.492265,1394.730471,1538.740830770526
767.5057957,533.6534789,1501.698924,1560.666159,1545.924351,1692.359651,1395.557901,1531.1825416965903
768.4620998,545.0135442,1460.557879,1524.273491,1528.194452,1714.440088,1406.644669,1491.9255652619574
769.4183025,523.494683,1415.193649,1517.743913,1514.813905,1691.591028,1414.216979,1487.4671682806975
770.3744037,542.1900276,1469.286129,1538.647376,1577.724134,1669.554517,1409.694072,1544.5088894586227
771.3304035,564.5639445,1505.176569,1586.670147,1534.632079,1719.219942,1415.828188,1525.7954256581354
772.2863019,574.2098644,1515.440467,1582.530279,1541.092454,1684.151613,1430.591586,1495.7081690477185
773.2420989,566.5200924,1471.763737,1559.911094,1543.073958,1723.330351,1411.348132,1542.083538256043
774.1977945,590.8306419,1526.14559,1556.187826,1571.208944,1755.467992,1409.982278,1618.2751140222758
775.1533887,581.7923343,1531.085162,1566.132893,1532.086526,1736.364729,1403.911967,1584.1574403511622
776.1088816,624.870086,1486.204697,1560.665867,1552.616011,1761.912272,1456.017737,1607.9587720994753
777.0642732,578.1213894,1557.715966,1601.878016,1616.933261,1720.312607,1481.43606,1592.844869624041
778.0195634,606.878243,1573.462464,1570.448168,1580.495822,1813.601372,1491.07171,1626.7150254514074
778.9747523,609.4553786,1531.684062,1579.957755,1581.969159,1755.955596,1416.028338,1573.9235436404483
779.92984,620.3640106,1539.832098,1622.413021,1547.888773,1774.48277,1488.470792,1532.7825066398598
780.8848264,620.0601106,1543.104139,1627.65779,1578.334827,1738.38281,1471.636172,1604.5061951974221
781.8397115,671.3383866,1575.258453,1626.04048,1569.16461,1790.574245,1494.007211,1549.8674402315066
782.7944954,645.8684072,1610.079536,1581.510318,1553.961428,1795.779458,1495.802662,1693.7465337933575
783.749178,660.9111706,1564.939588,1619.079143,1641.552166,1812.142839,1499.563522,1575.1545982404718
784.7037595,650.224624,1572.660189,1635.320066,1624.020743,1786.320097,1494.592145,1664.0819762398646
785.6582398,693.0667218,1589.856158,1646.161431,1635.924109,1762.866905,1539.693279,1651.2800920519828
786.6126189,637.5226339,1590.236458,1639.198196,1619.817508,1803.424027,1501.493307,1675.9195000879172
787.5668968,646.029984,1572.854103,1657.295817,1624.739976,1812.953435,1505.707679,1612.5315349223142
788.5210736,660.1926183,1569.476317,1605.92867,1589.727624,1855.01975,1463.156953,1626.1799769994527
789.4751493,646.8826453,1590.001268,1664.564065,1596.046901,1780.438683,1463.042992,1609.1457703057954
790.4291239,656.4412051,1582.707936,1585.728371,1615.932721,1768.968094,1492.094887,1647.1438828574817
791.3829974,632.3137112,1587.809986,1671.114808,1576.769588,1764.456356,1488.446403,1596.843038841017
792.3367698,674.4471892,1596.425516,1660.563139,1566.361006,1811.887843,1536.296495,1685.6168977934792
793.2904412,655.7331261,1560.744952,1647.842329,1615.806512,1816.030368,1476.650933,1612.8031545138017
794.2440115,685.597068,1588.38328,1649.43645,1631.42076,1788.557607,1516.320523,1586.3815369543263
795.1974807,675.5754809,1558.020968,1617.983289,1605.990825,1803.866484,1492.062416,1593.9983609630049
796.150849,672.1385314,1576.978813,1595.954492,1624.917371,1765.736885,1520.051775,1662.8687292627387
797.1041163,668.9905091,1571.533918,1689.299998,1669.50738,1785.294199,1537.886466,1655.652546855523
798.0572826,690.0175566,1599.496285,1667.707189,1642.00453,1818.957456,1483.834316,1662.7643700316364
799.0103479,667.2305007,1528.742824,1626.864956,1580.747554,1803.484794,1548.36725,1550.3296927357771
799.9633123,693.199286,1559.210225,1654.891253,1617.790446,1819.89221,1481.103263,1643.1752089844401
800.9161757,659.6420303,1549.866894,1603.377678,1610.188142,1826.177125,1491.491493,1624.7819920961263
801.8689383,703.9298029,1553.161713,1741.661744,1633.666934,1788.786752,1538.435148,1651.3388123614147
802.8215999,681.9488598,1589.903826,1720.594314,1677.358363,1756.951818,1539.789428,1649.8445758928722
803.7741606,722.8302113,1609.488698,1649.204644,1622.396381,1867.642345,1528.07101,1656.1549346598538
804.7266205,695.3074771,1644.362223,1645.361228,1655.351278,1816.191083,1524.481624,1656.3502831742057
805.6789796,671.2792926,1572.626117,1673.218415,1654.295111,1885.358607,1546.73107,1614.456577529977
806.6312378,691.7146668,1654.962025,1678.745911,1709.466762,1877.935951,1526.132646,1671.808943943771
807.5833951,663.359819,1588.909403,1671.706171,1656.921034,1867.855657,1522.869124,1639.178869311601
808.5354517,681.8172456,1562.088502,1675.069746,1629.877249,1820.471695,1492.334865,1649.5261605293595
809.4874075,670.8024993,1578.875752,1624.767626,1683.352997,1854.226996,1538.842415,1611.09770567485
810.4392625,680.8825538,1577.964884,1638.618215,1604.378431,1846.013476,1526.116069,1625.9005809740836
811.3910168,671.5477668,1616.977859,1623.800551,1647.192636,1821.658601,1520.48551,1629.6485720623646
812.3426703,660.0787001,1603.746768,1657.530958,1591.034141,1835.507734,1548.006789,1700.5583104585776
813.2942231,683.6049332,1568.213021,1643.953341,1572.09714,1837.188258,1492.472702,1638.1271623540881
814.2456752,690.7892967,1580.471579,1613.458709,1604.726821,1795.85813,1515.46753,1630.922482884456
815.1970266,662.0447277,1544.447451,1651.228859,1604.633336,1803.63505,1434.753823,1647.3458986744577
816.1482773,694.2910863,1577.312003,1574.378379,1624.249992,1845.24969,1507.882895,1668.2543567505572
817.0994274,645.3855464,1553.416648,1647.148891,1615.90481,1819.967713,1515.337924,1653.9835335474484
818.0504768,672.9439238,1589.167867,1637.23529,1615.653998,1910.925311,1555.814961,1592.1107701127632
819.0014256,661.0380685,1570.210605,1658.479783,1619.249037,1818.345073,1527.056784,1603.5567388044403
819.9522738,673.8493867,1585.759433,1616.254806,1639.864128,1799.227049,1550.34545,1601.4989803282515
820.9030214,665.6092802,1580.82204,1683.599944,1627.806225,1818.679474,1523.070647,1625.848550542708
821.8536684,643.795665,1570.664844,1629.638492,1618.826657,1884.208076,1533.314866,1629.63849240369
822.8042148,622.5914645,1623.852303,1617.950962,1680.898599,1806.793871,1560.904667,1666.1452462705215
823.7546607,698.1910188,1610.073788,1663.250537,1670.143819,1826.719802,1541.140965,1668.1743100863496
824.7050061,654.2867218,1565.156472,1638.183949,1611.538788,1821.7395,1476.33927,1590.8147744806226
825.6552509,655.7082529,1604.266658,1638.777619,1612.154877,1834.997081,1529.328572,1669.3444693978283
826.6053953,660.7609135,1535.529466,1655.847125,1594.702085,1816.599407,1491.150002,1685.4334346902167
827.5554392,627.2118384,1517.891972,1647.659939,1593.589953,1776.444815,1528.70597,1618.1672193801542
828.5053826,687.8337274,1553.776045,1643.322353,1622.65782,1822.414969,1466.197788,1628.561972518828
829.4552255,648.2705732,1502.18589,1669.639467,1601.091219,1794.984835,1488.476241,1623.614215121321
830.404968,656.1270618,1528.007617,1615.68826,1628.495545,1828.486226,1477.763653,1650.1694122766487
831.3546101,635.5421024,1470.546649,1559.522544,1615.254697,1744.318632,1445.124965,1591.788527337123
832.3041518,628.5776081,1451.691677,1616.901032,1618.856173,1789.930949,1491.772053,1642.3178563740917
833.2535931,640.1072434,1491.949808,1610.560798,1618.402847,1815.434326,1478.226222,1717.408714225785
834.202934,618.1085323,1467.395533,1664.289059,1641.758954,1724.042816,1502.660045,1596.6987443615499
835.1521746,608.1587994,1501.879343,1610.061437,1576.924579,1783.542633,1443.402535,1574.9753522119229
836.1013149,636.3696086,1537.729039,1576.147637,1567.281807,1774.151184,1495.370071,1579.1029142867137
837.0503548,616.1517203,1511.835531,1635.853289,1642.743165,1804.163104,1478.370422,1609.2780553792988
837.9992944,595.4911231,1511.328956,1553.583277,1583.063035,1800.23059,1410.115118,1587.9763281702294
838.9481337,596.5260955,1507.065103,1567.111459,1581.876956,1736.422496,1456.862412,1591.720621264841
839.8968727,619.0783901,1433.290289,1587.812255,1609.603814,1724.504764,1502.627068,1577.9070007234152
840.8455115,603.579791,1476.403508,1552.344103,1577.986382,1778.193404,1411.31157,1580.94510627766
841.79405,618.1690832,1527.124903,1591.414488,1603.283334,1773.403466,1426.239709,1606.2505456719637
842.7424883,619.8777731,1462.832579,1577.332295,1527.978969,1751.056002,1449.013648,1546.733233114252
843.6908264,597.938224,1481.503137,1567.487642,1533.884502,1741.433307,1442.958359,1516.0946042381186
844.6390643,596.2614701,1444.976314,1596.251876,1561.871067,1666.978113,1474.445579,1606.0749648489614
845.587202,579.4332833,1413.46604,1538.327084,1518.817546,1712.93745,1455.411547,1538.3270838062037
846.5352395,588.4567775,1432.722038,1503.725914,1515.397784,1702.147704,1381.171279,1508.5891932619388
847.4831769,604.8814866,1428.219369,1521.427431,1456.375971,1655.41402,1376.760751,1514.6310098002086
848.4310141,551.7357901,1409.883724,1502.001299,1512.667544,1658.116346,1411.823041,1538.8483284247618
849.3787513,574.8261228,1406.862578,1465.319472,1492.599356,1670.892882,1420.50252,1489.6765113893998
850.3263883,553.7283733,1383.830908,1482.81598,1498.496784,1664.125271,1386.771059,1496.5366832363886
851.2739253,572.1585516,1382.55377,1478.238988,1518.270559,1679.373223,1333.734781,1499.7193435718768
852.2213621,570.5433091,1343.031501,1510.66536,1470.472446,1680.259848,1351.854335,1522.4291391432384
853.168699,561.2754028,1414.963515,1457.157296,1463.0448,1682.844958,1377.675989,1476.7823097922292
854.1159358,562.6352479,1365.980532,1467.744125,1457.959164,1648.7659,1361.088052,1501.0129918144698
855.0630725,566.2759054,1343.922157,1466.811894,1447.149536,1656.553647,1325.242917,1504.1703736104448
856.0101093,549.2787602,1386.509761,1459.483959,1425.955273,1621.21056,1350.022662,1550.20863733448
856.957046,531.9735193,1345.119046,1410.758504,1451.905627,1570.448529,1359.814447,1430.3523724253903
857.9038828,539.4229157,1332.462392,1366.603083,1414.40005,1627.047782,1330.511495,1460.246120726479
858.8506197,525.1238907,1345.995995,1440.674466,1433.841999,1600.749407,1306.953326,1451.4111997127911
859.7972565,511.9675896,1337.344996,1431.75727,1425.917336,1567.049086,1367.517991,1458.0369756655423
860.7437935,502.9860115,1280.328029,1421.397607,1370.807138,1620.840803,1333.837179,1396.1023722287007
861.6902305,510.9206009,1349.730859,1394.754514,1383.987988,1605.19116,1299.813329,1418.2451162751265
862.6365677,516.3930998,1306.690524,1400.937174,1389.156343,1567.832282,1297.854901,1414.681476748699
863.582805,512.0061969,1329.643732,1406.297251,1410.228201,1554.690602,1299.178872,1416.124625202092
864.5289424,486.2037841,1286.780296,1361.956383,1405.89046,1514.261183,1270.182978,1399.0562702967602
865.4749799,552.3875122,1259.247992,1416.653991,1413.72096,1579.926052,1284.667595,1368.7478177408111
866.4209176,496.7413414,1272.594713,1322.366439,1329.197853,1566.345487,1283.329792,1368.2345002227532
867.3667556,492.0197875,1260.312591,1376.483929,1338.410969,1560.99135,1246.645374,1385.2699968710363
868.3124937,485.0853401,1268.834894,1359.60539,1372.293739,1544.074463,1268.834894,1408.4067320296062
869.258132,506.4636859,1239.658208,1329.957935,1344.680716,1510.557389,1259.288583,1380.015392083613
870.2036705,472.7392794,1262.931339,1340.574589,1377.921974,1493.895436,1252.120254,1316.0039399053794
871.1491093,514.5370388,1239.028846,1322.813613,1331.684941,1516.997131,1237.05744,1369.1416605924721
872.0944484,449.1217532,1215.386499,1240.009402,1335.546266,1498.057427,1224.250744,1335.5462660010137
873.0396877,457.261501,1209.530422,1315.733093,1334.416896,1491.754187,1247.881387,1349.167267397793
873.9848274,467.9871584,1254.876958,1294.369546,1288.445658,1540.210901,1250.9277,1346.6972236632428
874.9298673,470.1119437,1212.809804,1291.820215,1304.659407,1509.098844,1203.921133,1376.7564064541762
875.8748076,468.8702453,1216.501582,1312.04867,1264.767636,1413.505887,1248.022271,1339.6292722473743
876.8196482,436.6159984,1133.427535,1256.626181,1249.727056,1481.340509,1225.087327,1354.1995075784732
877.7643891,457.1945099,1183.559813,1331.999589,1269.654884,1449.761812,1186.528609,1327.0515968990508
878.7090304,446.6414546,1177.598725,1280.896859,1267.123774,1475.687625,1168.744599,1347.7946978973328
879.6535722,410.1138905,1133.209434,1196.983126,1278.417223,1457.964692,1176.379318,1284.3040256508416
880.5980143,430.2266803,1163.969443,1272.999493,1233.709385,1410.51487,1186.561255,1273.9817452191191
881.5423568,436.2166587,1123.109859,1282.003257,1263.251862,1453.726557,1183.311705,1253.3827070820869
882.4865998,420.8046861,1157.458111,1239.853434,1231.025364,1407.58677,1156.477214,1240.834330676422
883.4307432,387.0591596,1126.794051,1232.891486,1256.468693,1419.54438,1154.300793,1231.9091019943203
884.3747871,409.1344419,1120.929784,1190.926279,1240.219585,1478.799188,1129.802579,1297.3998206859328
885.3187315,414.4579082,1075.805814,1143.229589,1246.348303,1382.187378,1187.848263,1252.2974596044464
886.2625764,399.5580235,1151.084033,1215.528876,1181.819266,1374.162334,1123.323178,1246.2641081751033
887.2063218,400.6546256,1062.432415,1181.034158,1167.081011,1375.381551,1082.365481,1254.7865016719197
888.1499677,373.5298186,1084.825963,1230.860227,1167.280683,1369.940478,1122.576317,1279.538314825251
889.0935142,381.525497,1093.045775,1156.468195,1166.377948,1437.905185,1149.531368,1236.7371955644235
890.0369612,385.2044136,1069.902796,1163.494661,1189.109277,1373.337475,1090.591524,1207.8276498958903
890.9803088,369.5706035,1034.011369,1166.702942,1133.284324,1373.112056,1108.71181,1212.8992677540086
891.923557,357.4560183,1022.422146,1182.053189,1170.301211,1302.510971,1039.070782,1180.094526258973
892.8667058,345.2491273,995.3039127,1133.403564,1175.819885,1355.349431,1081.122981,1193.5755543743005
893.8097552,343.8879516,1040.608917,1123.10227,1205.595622,1311.942474,1099.24877,1202.6139349062967
894.7527053,359.8177938,1057.525427,1139.256893,1155.204496,1297.736198,1068.489404,1190.0898776265403
895.695556,331.6374945,999.8920255,1104.462407,1162.225093,1310.615444,1050.683353,1159.2373681546205
896.6383074,343.0620325,1018.184108,1152.208342,1177.212864,1325.23963,1052.190257,1161.2099701293582
897.5809595,335.639391,963.0958192,1103.526544,1116.474057,1339.569676,1060.700152,1184.1995129200257
898.5235123,343.559827,1007.972941,1128.416328,1144.212183,1237.012825,1043.513613,1145.199423420092
899.4659658,317.0993095,954.25227,1103.938901,1098.030218,1281.199384,1024.171683,1138.4062168448977
900.40832,318.4698913,976.0512408,1121.525142,1123.491005,1242.425749,1004.556262,1124.4739370160323
901.350575,306.3854124,930.9026428,1076.753846,1084.584783,1200.091104,989.6346707,1116.8873979235532
902.2927308,304.8121762,937.9590115,1067.332668,1088.894944,1241.791084,1014.407081,1126.138875915156
903.2347873,305.6659904,981.8659947,1072.288088,1052.631111,1180.401461,988.7459366,1079.1680302407385
904.1767446,307.6965304,908.2964888,1052.282686,1079.896477,1234.730949,1030.586135,1151.889575352756
905.1186028,289.5552592,914.9552238,1015.413171,1080.415372,1237.996465,1002.609707,1128.6745817635613
906.0603618,282.1120537,937.752262,1046.861802,1041.946958,1219.864316,1022.287581,1081.2657108747053
907.0020216,300.3687053,897.1668541,1063.600661,1070.494369,1209.353345,966.103934,1081.3273390066402
907.9435822,282.251988,911.1292243,1037.895029,1034.923956,1202.294433,978.4735583,1041.8564608692152
908.8850438,284.6296774,937.6036432,1012.454354,1024.272888,1191.70211,942.5280321,1097.1538430435874
909.8264062,262.2449651,876.7888267,1011.374922,1031.166995,1140.023395,960.9051362,1109.3456824852906
910.7676696,294.1642362,889.4492952,1003.736076,1051.438385,1203.489493,955.0399694,1110.0724722867067
911.7088338,288.4061565,909.8173595,1025.774474,1056.498154,1160.562231,969.2825464,1081.2753150969165
912.649899,272.4444869,894.3286419,1038.447827,1012.782767,1184.541248,975.2722938,1085.8294768917958
913.5908652,279.2929158,897.092793,1005.651877,1016.507785,1169.477403,940.5164266,1072.7611287264683
914.5317323,276.7561797,890.3472829,978.9880522,1032.172514,1169.073257,950.4260265,1048.9157702016173
915.4725004,270.8556874,876.3555394,1002.951132,978.4171028,1129.546726,926.4049599,1028.4665233193864
916.4131695,259.418329,867.3382623,990.6843357,964.2530343,1125.777654,916.2851168,1034.7365048151005
917.3537397,273.6317874,848.1611632,958.1981453,993.254175,1133.478294,908.5354366,1036.100433556865
918.2942108,268.9562594,834.1541957,966.683367,971.555763,1140.140665,897.4953437,973.5047213665574
919.234583,262.3544913,813.3964526,946.0366415,1004.554372,1131.342788,869.963592,1016.2579179739615
920.1748563,247.1145427,820.4593513,983.5744842,950.3654152,1175.991737,893.7146505,1026.5509264092166
921.1150306,257.670785,832.5499227,953.5771096,963.3373666,1150.734301,891.1114647,1001.4023689273154
922.0551061,265.7457304,835.3404392,930.1100562,945.742158,1132.350373,895.9148336,982.8683997597476
922.9950826,269.3598807,827.6694515,933.4544228,992.2238513,1117.598632,892.3158229,1021.6085655990146
923.9349603,280.268559,824.146357,974.0802364,969.1804365,1138.713516,871.1844368,1014.2585962976272
924.8747391,259.320889,810.3777781,932.1800139,978.3469903,1109.971987,850.651098,1010.7621014732416
925.8144191,258.9641008,820.0529857,970.1344532,961.3061316,1146.700886,905.393428,995.63849345961
926.7540002,300.3436656,837.2325058,930.4764543,972.68161,1097.334046,899.0679664,998.2010063812119
927.6934825,263.9071148,831.6482509,928.0571231,897.8684864,1140.351407,894.9470054,962.1410678348434
928.6328661,268.0905562,833.4119464,911.1193539,935.4029188,1101.502503,832.4406038,1003.3969004480545
929.5721508,266.0381971,870.4075796,922.4585312,923.4224378,1024.632621,838.5986648,961.9786982075125
930.5113368,267.4533812,796.5877684,937.0488966,912.035271,1098.6754,823.525519,924.5420838099908
931.450424,291.9103414,757.6225638,901.6572717,869.969636,1101.3854,830.6001491,940.0665271746398
932.3894125,264.9840158,799.7524823,947.6058824,905.3620538,1081.057977,827.5950057,969.6878837336137
933.3283023,271.8848893,815.654668,906.2829644,932.0404803,1069.413898,849.9980224,946.3502112848482
934.2670934,262.0121745,792.7302653,919.9113573,922.7801038,1042.311205,825.2427249,961.0300562673866
935.2057858,270.3970733,792.081886,939.2237563,919.1589558,1067.256293,815.9685532,931.5800227305901
936.1443795,248.6185049,778.3671654,895.9828428,924.6695934,1083.402947,855.821392,936.144293578147
937.0828746,280.890931,787.2589358,910.5069973,911.4624087,1051.907874,824.5199776,934.3922805740815
938.021271,277.0174639,794.7535515,881.6797212,930.3965856,1077.502411,822.4552979,948.546005628364
938.9595688,271.7030027,789.2780887,900.2553715,903.1254736,1098.292419,811.2822051,961.4842171750379
939.8977679,264.2728757,772.7109083,909.6348983,916.3374712,1092.519388,836.8641064,950.8078463019375
940.8358685,264.3474544,792.0880404,870.3425215,906.6067932,1027.805807,824.5350203,929.5105437433145
941.7738705,281.7213545,769.9749181,880.3792327,881.330994,1070.731499,808.9971327,940.3401966206386
942.711774,292.8869694,800.4305125,874.8447913,909.1898431,1046.57005,839.5457103,910.14387232509
943.6495789,270.6054179,810.8634178,866.1279046,872.7977564,1045.261069,814.6747617,876.6091003451925
944.5872852,262.8759495,808.557072,888.2739664,885.4269344,1025.88051,820.8942104,896.8150622114485
945.5248931,259.8101276,763.3107764,863.8212638,879.9408702,1044.929783,754.7768671,926.4032653236682
946.4624024,282.9996192,754.6656513,865.1974891,848.9988577,1021.466639,805.1672669,932.8505967651935
947.3998133,272.8562281,746.3140735,872.7596426,871.8089241,1048.642577,800.5050317,905.0840738267699
948.3371257,282.0580181,765.7212638,850.9065713,876.4621635,1084.692915,771.4002843,895.3922318290431
949.2743396,265.9027959,757.8229684,898.3715891,883.1771437,1038.92021,806.2552634,897.4219362909745
950.2114551,276.939538,763.4805756,867.8071139,902.8987677,1038.523267,790.9848448,901.9503445958279
951.1484721,285.7655203,744.693591,865.8127519,868.6514823,1004.910538,781.5970854,948.1359316273473
952.0853908,292.324805,753.0438344,857.1076808,876.0283802,999.9589609,808.8598974,913.8697788727333
953.0222111,283.6570496,785.7300273,878.3913302,928.5040756,941.7414046,815.0412558,918.1033171426894
953.958933,269.3391689,753.2046233,891.1818817,851.4897937,1014.983394,756.0397724,863.7754399862295
954.8955565,291.6016563,778.9497532,925.2550825,925.2550825,1886.834247,861.6879394,937.3631097533741
955.8320817,280.2432492,775.9804049,930.7718025,954.0410976,1409.309914,834.6594968,942.912304289148
956.7685085,118.4820572,150.8874062,180.2547538,210.6347684,261.2681262,175.191418,183.29275522153011
957.7048371,281.3686652,810.5855409,934.5096462,921.3046186,1098.048834,811.6013123,949.7462165084772
958.6410673,295.7311867,824.4013218,938.8452399,891.2446722,1097.851392,828.4524339,992.5224758313774
959.5771992,294.2160057,743.1326854,842.7864938,828.5502355,991.7926645,768.7579504,875.0553460674132
960.5132329,269.4184671,752.2846635,827.2285329,877.5073314,1008.421939,766.5145122,882.2506142408715
961.4491683,284.7678518,737.1582519,846.6843487,840.9699437,993.3540784,818.1123235,869.5419689539876
962.3850055,283.1036618,783.5394275,827.3871327,835.9660316,1050.438503,775.9137397,868.3752049546752
963.3207445,275.6110766,739.0954477,829.6942445,870.702121,991.8184072,786.779025,898.3585957834161
964.2563853,295.6109006,751.4238377,834.3856065,821.0354368,1035.591736,771.4490922,863.9466965884664
965.1919278,280.3213252,752.2909034,852.4056624,867.6612447,1004.961486,771.3603813,884.8237748298855
966.1273722,282.1748793,740.1152559,837.9738841,915.8807532,990.9373709,768.617769,878.8274861893566
967.0627184,289.6865139,746.9367955,805.6314487,829.2986475,982.662096,757.350363,851.0724704414372
967.9979665,276.8400222,745.8507815,794.3691359,817.2013027,954.1943033,763.9262468,913.2866711967525
968.9331165,293.6443516,738.8778327,805.6151854,856.1448952,984.8526467,759.8524293,838.9838616664722
969.8681683,282.8287591,699.9297574,860.8659874,825.6314281,999.8996534,741.8303143,894.1959757986506
970.8031221,287.0627709,705.7357158,843.0680713,803.012801,929.8544905,743.8835924,911.7342491056467
971.7379777,283.1647667,721.7364592,811.3576311,840.9135495,995.3670586,752.2457943,884.7707187852452
972.6727353,275.8955998,690.2130469,821.0501355,851.3891705,986.9667333,769.8530139,839.0639375631152
973.6073948,292.7137887,749.8414912,825.8710467,833.4740023,975.0790494,738.4370579,868.6376717150624
974.5419563,288.4675456,711.6798001,799.9280953,815.1105977,957.4465577,714.5265193,862.5559177141879
975.4764198,286.5099495,733.3516257,819.6840939,863.3246822,957.246818,755.1719198,865.2220990988259
976.4107853,281.5033732,699.4643138,812.0656631,826.379394,974.287946,744.3140038,852.1441095
977.3450528,287.7456792,731.3137695,848.8975521,850.8094835,961.7015061,736.0935981,853.6773806247794
978.2792223,284.517005,744.7089394,845.9129747,834.4559141,997.7190277,731.3423687,835.4106691624802
979.2132938,299.3201777,743.0408246,807.1125559,851.1021028,944.8189636,752.6037696,889.3538827354404
980.1472674,294.7395721,776.4336947,827.9415811,835.5723791,960.526696,708.7103626,851.7878247682005
981.0811431,304.3227939,752.2479062,809.3084301,834.9856658,963.3718445,734.1787403,816.9164999178262
982.0149208,289.0284617,748.2414453,844.2673487,841.4150942,973.5695553,727.3249119,854.725615431305
982.9486007,282.2585276,691.8660206,842.0237558,814.4631589,947.5143167,722.2777138,840.1230250112827
983.8821827,285.4550108,738.3769612,828.7710479,828.7710479,941.0500188,716.492077,829.7225646140763
984.8156668,292.7975281,735.3319027,811.6309328,841.196807,951.8304007,714.3496694,801.1398162036678
985.749053,301.3384692,717.1092685,798.1655023,831.5415985,944.0667231,750.4853647,857.2888727929231
986.6823414,310.2583644,773.2445304,843.3648418,843.3648418,996.0926435,743.4674118,833.7593197117459
987.615532,315.2840873,738.5553849,806.0473913,835.9367085,976.7057505,730.8420127,871.6110547443478
988.5486248,313.8805329,770.2589763,822.2514572,845.3592265,1006.150788,725.9690852,863.6528772125905
989.4816198,297.4200418,709.1578846,867.0714573,823.4756857,949.4190258,762.4416054,837.038814622303
990.414517,314.9762333,738.4981225,822.8148372,854.7970394,988.5407938,756.9121176,877.0876651229697
991.3473165,310.2264718,745.51299,833.7336429,868.634121,967.5188089,748.4213632,849.2449665361661
992.2800182,318.6917495,774.5175246,824.7356184,845.9817351,985.0472258,754.2371405,872.05651456838
993.2126222,300.3878802,733.6396305,790.4437489,814.5132906,964.7072307,718.2351238,832.8061422354622
994.1451285,313.0472914,754.7704634,804.7043872,842.15483,960.2677651,719.2405561,853.6780431848603
995.077537,313.6980488,717.8489092,841.0186952,833.3205836,1000.754512,722.660229,873.7356696561553
996.0098479,327.86967,729.5579499,820.6328582,838.8478399,968.2700781,747.7729316,834.0544236746914
996.9420612,309.4458368,748.2266208,826.7856258,821.9954426,909.1767774,768.3453904,834.4499190120154
997.8741767,320.6806546,740.8495846,838.4060488,824.8833706,1006.473621,772.7244689,801.7016364831851
998.8061947,309.1720754,795.5642811,827.3483262,848.5376897,956.4108125,733.9224966,834.090396427353
999.738115,333.8763312,708.1642068,825.5501215,848.6424326,925.6168029,725.4834401,848.6424325965285
1000.669938,333.4814878,738.285606,814.427333,823.1017069,972.4937029,762.3810892,849.1248288129573
1001.601663,332.0580903,758.0218214,840.3102694,886.7790401,968.0993887,746.4046287,853.863660850635
1002.53329,341.0271161,735.1887688,817.3057797,843.3900068,911.0157805,740.0191812,876.2368111395308
1003.46482,309.0173163,762.8864995,822.7586045,844.003545,998.5122032,736.8131634,860.4200899491734
1004.396253,319.1994098,750.2632653,842.8407376,821.6250669,981.7069461,719.4041078,866.9494543643814
1005.327588,349.4400039,766.4512792,823.404208,834.0225506,960.4773587,725.9085163,838.8490700386374
1006.258825,316.9921177,747.6774569,849.8086559,840.1736371,963.5018775,742.8599475,859.4436746919387
1007.189965,345.8230457,725.455607,847.1698633,866.4895865,964.0541888,757.3331503,830.7480985562385
1008.121007,333.6089464,779.3878574,862.5483484,849.9775765,967.9494358,741.6755417,856.7464536523303
1009.051952,325.6134268,744.9494125,831.9084879,838.6719716,1000.995579,768.1384993,845.4354552279118
1009.9828,320.1654767,768.0102372,875.3769077,829.9153445,1004.023459,716.7450703,857.9660962543812
1010.91355,330.4296074,770.356416,835.2795353,836.2485371,1000.009838,756.790391,877.9156136824452
1011.844202,349.917322,773.2979492,832.2619179,855.4608563,969.5223038,729.7999396,862.2272133914156
1012.774758,355.8336898,747.5416208,828.9858441,877.4645484,982.1785498,769.8418248,890.0690115231799
1013.705215,326.603488,745.8258757,858.9184268,877.4422067,964.2114916,766.2995272,864.7680414627407
1014.635576,334.529938,757.5547142,863.5540259,869.3888504,970.5258084,731.298004,856.7467306999265
1015.565839,338.294321,770.6131381,837.4965426,859.7910107,982.8952479,759.9505664,871.4229071254648
1016.496005,330.8140657,753.7904078,840.1319088,829.4604873,955.5772865,746.9995032,871.1760439668396
1017.426073,329.5686686,766.7318143,843.3080638,865.6024149,988.7060058,731.8363082,856.8785384013088
1018.356044,343.1640637,744.3276875,849.6935549,835.1936649,965.692675,735.6277535,852.5935329128397
1019.285918,312.402904,781.9774554,858.6228883,857.652693,983.778089,727.6465156,877.0566000768703
1020.215694,325.6089502,767.5766544,819.4003012,878.0685805,1013.983428,767.5766544,883.9354084174964
1021.145374,342.1760861,766.2404664,832.5309902,877.3745798,1007.031046,737.9695077,835.4555721144533
1022.074956,336.840749,753.7421978,839.6609975,865.0460974,1006.616847,753.7421978,878.714997393064
1023.00444,332.755205,750.158664,857.1851919,864.9689394,1039.130289,745.2938218,883.455339711585
1023.933828,348.660907,795.9625748,821.3552459,838.9347874,997.1506612,741.2706678,893.6266944099525
1024.863118,320.0921494,768.0259804,830.4829852,852.9284713,1017.853999,755.3394013,860.7355968783769
1025.792311,329.3539965,755.0563263,839.6069046,859.2698297,1014.606939,726.5450849,882.8653399239629
1026.721407,367.235524,787.4943589,876.8484569,842.4814961,963.2568155,749.1997454,892.5590675922482
1027.650406,341.6185711,785.9201809,855.0337646,860.9577861,1020.906366,783.9455071,889.5905565211707
1028.579308,341.6863438,786.764809,849.7847687,876.3713142,1001.426547,791.6882433,921.666910164052
1029.508112,356.1379877,768.0448362,846.3169214,879.5825576,1005.796295,764.1312319,866.8633437689689
1030.436819,356.8159237,773.2640977,868.0891514,845.6048603,947.2729591,776.1968313,867.1115734786299
1031.36543,351.1528555,754.1472189,853.9176681,849.0269599,988.9012171,765.8849189,895.9777594786025
1032.293943,359.7569279,777.1922762,833.8930964,850.5123023,985.4211502,748.8418662,912.1011241752586
1033.222359,352.3772005,774.0585042,876.5504878,881.4310584,1004.421439,771.1301618,857.0282051783835
1034.150678,329.188537,732.6154385,840.0657028,866.4398586,991.4728934,784.3869295,847.8802674708004
1035.0789,330.90347,779.9170282,826.7706169,838.484014,998.5671087,745.7529531,869.7197398095907
1036.007025,355.3374676,757.5326233,847.343192,856.1290085,970.3446231,763.3898343,844.4145865044175
1036.935053,358.4032587,767.5884506,850.5973798,839.8550477,1014.662087,715.8299419,862.3162873962514
1037.862984,340.5040865,745.401496,865.4072342,832.2349163,955.1676238,740.5232139,897.6038956834109
1038.790818,349.1458724,769.8862636,839.5192887,861.095719,1009.188491,753.2135674,887.5758834620601
1039.718555,353.7677851,775.1532354,840.8109684,843.7508669,984.8659944,773.1933031,905.4887351935313
1040.646195,338.6586012,756.5985512,849.5828492,882.8614401,972.9093919,748.7682946,889.7129147051478
1041.573738,372.5880707,765.7665348,882.4454306,866.7575119,980.4949229,765.7665348,857.9330575704266
1042.501184,333.1231407,782.5437093,856.461566,852.5192803,979.6579938,765.7889951,854.4904231382728
1043.428534,354.0230189,743.4483397,855.555629,888.9911363,996.1814393,799.5019843,891.9413281595654
1044.355786,347.4441464,768.9175855,897.2350259,885.3903391,1029.500695,771.8787572,879.4679956871762
1045.282942,357.8510093,795.5530703,833.9998729,851.7445511,1012.43247,755.1346367,898.0778773559281
1046.21,374.1828525,760.2445256,895.8610621,857.2548948,998.8108416,760.2445256,933.4773277130129
1047.136962,358.5177444,784.567917,833.2309904,866.0040806,1011.000177,768.6779339,914.6671538890398
1048.063827,345.7586429,732.3706125,891.7982289,869.8769316,976.4941501,764.2561358,876.8518898534145
1048.990596,354.5823828,744.9209722,856.1625041,887.9457989,993.2279629,774.7178111,857.1557320221384
1049.917267,347.7715543,743.6498366,852.8921981,853.8944216,1006.232393,776.7232121,875.9433385514552
1050.843842,369.7449991,751.5469004,870.1064381,908.2866282,1013.784522,775.6607046,904.267660849894
1051.770319,328.9053205,753.7830142,861.751934,859.7525095,1011.708767,776.7763952,874.7481928201187
1052.696701,341.4766975,705.9855477,853.1910448,852.1896469,979.3671853,788.1001788,900.2567480278985
1053.622985,359.0082774,817.2953801,865.4305681,872.4502831,999.8079681,787.2108876,897.5206935007287
1054.549173,356.7251254,755.5357992,861.7517073,858.7455967,976.9859473,757.539873,903.8372558425506
1055.475264,357.584172,773.2632516,830.3565228,871.4236125,997.6297909,785.2828876,878.4350668909457
1056.401258,337.8780199,751.7286124,871.6853059,904.6733966,983.6448864,805.7091245,907.6723138980598
1057.327155,350.6588036,770.4474857,866.6281861,836.5717172,951.7881812,717.347724,933.7542999085623
1058.252956,344.7317297,747.7562883,862.3318486,870.3722388,981.9326528,759.8168736,857.3066047392549
1059.178661,340.8630735,756.4768211,876.0778995,860.1310891,1009.632437,767.4402533,878.0712508435323
1060.104268,330.2599683,748.7876157,853.9154134,860.8578152,995.7387632,756.7217891,893.5862804898281
1061.029779,326.8332852,764.2717371,840.9978437,839.0049578,990.4642851,737.3677777,870.8911319885922
1061.955194,339.4087526,764.165905,823.7113002,822.718877,1000.362639,764.165905,867.377923361728
1062.880511,319.929241,726.7528438,811.6723337,813.6472055,946.951056,741.5643827,835.3707959802078
1063.805733,338.1578438,719.9489577,809.1988285,845.8904421,972.8235916,807.2154981,891.5070426978349
1064.730857,332.9774276,765.05528,825.5065392,822.5335264,978.1211935,756.1362418,892.8948281008905
1065.655886,308.1506862,742.1378262,821.4048838,844.1941628,961.1130727,770.8721346,886.8002062464484
1066.580817,343.0241173,738.4409673,830.3753849,864.9743593,926.263971,740.4180516,833.3410113030169
1067.505652,330.4548512,729.1773215,834.0522144,832.0734428,977.5131528,743.0287224,855.8187015833244
1068.430391,323.8056812,750.5954323,841.6967249,811.9897817,989.2412096,772.380524,853.5795022171958
1069.355033,305.1654078,702.4749161,833.2600908,831.2784973,964.0452656,750.0331614,864.9655877607146
1070.279579,318.3751997,740.2469813,855.571744,864.4428796,944.2831,766.8603881,871.3426517613605
1071.204028,318.7676372,724.3821848,831.9539262,843.7966867,998.7394701,732.2773585,890.180832051826
1072.128381,323.0669323,723.1957017,841.7523741,831.8726514,970.1887692,718.2558403,1412.80034619229
1073.052637,314.5933078,732.0724772,854.7440815,819.1297447,962.5763788,747.9010713,1387.9698452519658
1073.976797,301.6889291,741.4054728,845.9120953,839.9966261,970.1369485,751.2645881,877.4612643657654
1074.900861,322.0257595,735.9177632,815.9302985,806.0522077,919.6502517,711.2225362,888.04036122482
1075.824828,302.4142712,724.4106562,818.2974397,839.0513603,934.9147077,713.5395549,868.6998182429933
1076.748699,306.9036128,743.0817377,836.8304297,836.8304297,963.1444569,758.8709911,880.2508765577894
1077.672473,303.3455096,742.6055657,824.3512713,827.3059353,945.4924975,694.3460529,846.0188076627645
1078.596151,300.5641799,716.42675,808.0741885,802.1614505,935.1980547,716.42675,883.9543257113363
1079.519733,313.5558631,727.3709677,793.2275282,807.9715343,978.0190714,763.739516,863.9987575198559
1080.443219,309.734444,709.6447388,781.197316,819.4240354,960.5688453,746.8912858,829.2257583001481
1081.366608,294.6879333,750.9157636,812.5946334,846.8606721,915.3927496,711.7545764,887.9799186154016
1082.289901,294.3801835,699.2751867,801.9659483,832.2841732,960.4031235,740.3514913,847.9322892796829
1083.213098,308.0482085,716.5045357,802.2901128,808.1391294,966.0625781,716.5045357,839.3338846861508
1084.136198,290.7505053,700.5330966,806.8814358,835.175948,939.5729415,699.5574238,829.3219110085907
1085.059203,292.4719963,727.2803643,789.6743901,802.3481766,931.035855,712.6567644,874.4912690813769
1085.982111,276.7361349,698.1964676,782.2929609,838.0313344,932.8843559,705.0415311,852.6993274351446
1086.904923,283.3852181,719.7396197,829.5636489,842.3110808,947.2322516,715.817333,857.0196561785776
1087.827638,269.6123143,752.7497097,791.1251851,840.3245125,968.2427639,743.8938308,858.0362704048508
1088.750258,308.0815552,740.1831614,805.1460453,816.9574787,939.0089574,718.5288668,846.4860622511327
1089.672781,260.3654859,747.5645389,822.5182394,823.5044723,965.52201,718.9637848,838.2979658137934
1090.595208,282.7257243,753.9352648,777.4957418,834.4335613,939.4740214,742.1550263,853.0856056172304
1091.51754,272.8118092,718.3390084,802.7340285,843.9502012,937.1772583,755.6298313,856.7075879164174
1092.439775,276.9976753,682.6715756,790.7203142,782.8622241,944.935332,724.9088098,871.265737517357
1093.361913,259.6694124,711.3962015,816.2438511,864.2581953,971.0656139,721.1950473,850.5398112055037
1094.283956,275.5210982,742.9229612,813.7712436,832.4673181,930.8677103,701.5947965,872.811478923304
1095.205903,255.4456112,724.9132209,809.7329991,813.678105,947.8117078,717.0230089,878.772353439051
1096.127754,278.0723684,734.6238101,848.0221163,845.0638997,940.7129058,721.8048711,831.2588884639434
1097.049509,258.532692,760.8528654,811.9695953,837.5279603,951.5575887,738.2435425,823.765763795275
1097.971167,266.2132987,733.805661,789.7988641,822.2159816,907.6792915,738.7173455,869.3681526148882
1098.89273,272.3557044,754.5912526,818.0432985,814.1385572,950.804502,725.305693,849.2812287037636
1099.814197,238.6451247,721.7797444,818.211856,827.9524733,925.3586466,735.4166086,862.0446339537136
1100.735568,274.8168601,725.3999805,803.0867254,830.2770861,975.9397328,687.5276923,838.0457605675438
1101.656842,250.2269069,727.3132275,837.3351749,854.8607949,950.278059,711.7348987,855.8344404409078
1102.578021,252.6444441,749.1541816,834.0193038,817.4364638,943.2709553,770.6143275,839.8720708225735
1103.499104,239.0956118,744.6120481,824.6358855,805.1178764,926.129533,717.2868354,903.6838225015351
1104.420091,265.2334076,722.2961431,803.5299912,831.912902,962.0828031,723.2748642,886.7212813840313
1105.340982,250.5186133,759.4152473,850.7808592,846.8511555,959.830138,745.6612843,859.6226926523233
1106.261778,240.1785901,741.1225065,872.4854904,863.6626034,953.8521148,706.8112793,847.9774710284182
1107.182477,256.678013,762.1965423,815.0996442,849.3886917,946.3777119,732.8059301,872.9011814662539
1108.103081,257.8640821,758.8851694,829.4791387,863.7956515,944.1943387,748.0999797,899.0926361176269
1109.023588,253.0517949,740.5197873,844.4868038,818.9854601,972.974343,725.8074736,868.0265056351315
1109.944,249.7848101,755.2087617,823.5092958,828.3879053,944.4988131,733.7428796,851.8052312720192
1110.864316,248.0536544,756.8566228,837.9135256,904.3215906,1001.00392,727.5589471,842.7964715826315
1111.784537,252.7765291,782.7288662,833.4793663,860.8065586,976.9471261,771.0172124,858.8546163196152
1112.704661,255.3485288,739.7310433,858.6337933,840.1161519,979.4857687,759.2232974,858.6337932968189
1113.62469,231.8963697,775.5861778,816.5090666,872.0472728,1013.328674,767.7913418,878.8677542144975
1114.544623,246.3619059,753.750117,820.2287266,870.0876837,944.3873061,772.3250226,844.6693918256417
1115.46446,237.0764828,774.9070162,830.7473448,837.604929,1001.207295,729.8428914,877.7707794107675
1116.384202,242.8439784,744.2627192,870.1089914,876.0080354,1016.601918,739.3468492,866.1762954095084
1117.303848,241.1314438,774.5732501,866.1047778,878.8995074,1007.831014,790.3206097,851.3416281517964
1118.223398,243.8523063,805.3025759,828.9011862,843.6503177,996.0580091,794.4865462,901.6635679359074
1119.142852,244.7622917,789.1136285,857.6470702,849.8146769,967.3005769,777.3650385,882.1232994012082
1120.062211,252.2660155,766.5757991,856.5311225,885.8643801,1000.264085,753.8647208,861.4199987837386
1120.981475,252.7801605,731.9888818,892.0504507,872.5307472,952.5615316,762.2444223,882.2905989124393
1121.900642,257.5529918,800.9507812,804.8530992,844.8518593,968.7504576,776.5612933,877.0459832921098
1122.819714,240.2002776,780.4057999,854.9169064,866.681818,976.4876592,778.4449813,900.9961433710116
1123.738691,257.082474,816.5569769,857.9265704,880.5813478,1006.660109,772.2324124,886.4912897374601
1124.657571,256.7050161,811.4239014,866.5023722,891.0909753,954.0377992,769.1315041,904.8605930355769
1125.576357,262.534112,813.0720632,858.1338884,909.0733429,1026.62593,792.5003604,902.216108642733
1126.495046,248.2515153,839.9339806,874.2770756,855.6336812,1011.649456,755.54809,909.6014018768444
1127.413641,248.9485723,779.0625911,857.164104,894.2623226,997.7468272,781.9913978,913.7877008200385
1128.332139,245.44568,795.7504784,879.5136867,891.2015762,1002.236527,780.1666257,931.1351987673162
1129.250542,248.8991057,813.7834042,881.8417534,887.6753262,999.4854714,772.9483947,922.6767629793213
1130.16885,251.1972936,810.2823205,884.5663451,896.2954016,993.0601178,775.095151,922.6857787201161
1131.087062,231.9552515,812.3327374,876.9278708,885.736298,1011.990422,755.5673172,942.5017182297662
1132.005179,251.6880963,813.5964043,949.1958051,889.6881544,999.9236384,806.7676575,929.6850999178322
1132.9232,251.7811341,805.8940547,919.6330226,893.3855685,1028.511351,777.7023447,954.6296281148701
1133.841126,253.2646382,842.9116529,892.7822959,919.184401,1059.995628,806.7309903,925.0515355057568
1134.758956,250.7046733,818.4483305,903.3172277,889.6601638,1043.789885,790.1586981,922.8273189822935
1135.676691,257.2559072,811.569579,874.6700845,900.8810637,1000.871096,784.3878227,917.3842728562734
1136.594331,236.9591853,857.5203305,938.1252993,912.87555,1031.355143,807.9919762,924.529280445174
1137.511875,243.8295845,819.8891206,920.9181118,920.9181118,1013.20421,793.6604402,973.3754726013399
1138.429324,255.278459,841.258558,920.5495945,924.4174499,1032.717402,803.5469675,924.4174499481331
1139.346678,240.0498673,826.6233335,877.9243132,927.2894069,950.5200392,816.9439033,939.8726660477197
1140.263936,261.2595908,847.8796386,919.7503067,935.2899107,1065.434093,805.1457279,924.606432965663
1141.181099,232.0071713,823.7229401,902.6833639,946.5502661,1034.28407,838.3452408,932.902785414605
1142.098167,243.0216108,865.7034889,939.8787597,928.1668748,1022.837944,793.480199,954.5186157638192
1143.015139,246.2509948,852.558225,973.2310232,956.552669,1033.076883,849.614986,956.5526689821623
1143.932016,255.8242553,839.3003454,946.5497447,962.2927758,1033.136416,827.493072,943.5979263666833
1144.848798,241.9290529,877.6049856,930.4963575,917.7632494,1043.13539,801.2063373,952.0446941723237
1145.765484,262.2083656,845.3284622,938.2754575,940.2322363,1081.120313,840.4365151,956.8648565156292
1146.682076,248.9760069,848.4711763,910.9592721,950.9907085,1056.43937,871.9042122,969.5418619950549
1147.598572,266.0579217,850.6085379,955.4780836,909.8404109,982.6664844,852.5505665,990.4345988944508
1148.514973,248.9802973,859.3211039,931.9807237,974.6077007,1068.580809,851.5707444,955.2318020574215
1149.431279,259.2566246,878.7537275,934.1006473,957.4046136,1087.518425,840.8847823,928.2746557455654
1150.347489,247.9790986,892.7247549,950.1003111,1007.475867,1084.300764,830.4868635,976.3569215043946
1151.263605,265.3562391,868.2612237,967.7698134,919.9666673,1061.424957,874.1146701,973.6232598201918
1152.179625,248.6601556,892.8270156,944.7127961,952.544612,1064.147989,872.2684987,970.1661978199388
1153.09555,252.1991407,916.9100541,999.0214022,950.1455997,1096.773007,853.3715109,988.2687256623657
1154.01138,253.2402109,888.7851417,930.8288833,942.5620204,1055.004585,871.1854359,989.494569178134
1154.927116,244.4786099,879.5385848,932.1355765,972.0703296,1070.446185,847.3959787,895.122878627492
1155.842755,255.5967208,904.7929546,958.2447403,1009.752825,1063.20461,852.3130195,941.723279292325
1156.7583,258.3152976,911.8724227,949.7457183,974.9945819,1059.481164,862.3458055,969.1679210774928
1157.67375,241.0168753,880.824725,953.4201694,946.6445946,1125.713357,874.0491502,978.5865900886107
1158.589105,252.6893861,889.2351678,982.7881084,990.5038149,1121.670824,885.3773145,977.9657918790327
1159.504365,249.3461175,926.8330493,982.8876029,992.5521811,1057.304855,885.2753631,970.3236512135269
1160.41953,233.8066813,954.7106152,981.0138668,976.1428943,1105.710764,862.1621372,1015.1106745146258
1161.334599,248.5534014,921.1096639,974.7192211,1049.772601,1049.772601,886.9944912,1026.3793397670888
1162.249574,240.8986095,908.75573,1017.453883,973.3870642,1099.711945,849.9999716,998.847892878101
1163.164454,253.0198658,941.1945202,1012.079463,1039.64583,1149.911297,896.8914309,1022.9091072121095
1164.079239,258.226965,955.045531,1014.181477,1069.375027,1144.280559,886.0535937,1006.2966843207474
1164.993929,246.4841955,914.2501433,1032.091193,1009.504992,1129.310059,917.1961695,1020.3070879605755
1165.908524,250.146594,939.7664197,988.8147715,1001.567343,1107.511783,928.9757823,1039.8250573073049
1166.823024,248.8721027,920.7284118,987.6189374,1042.705253,1404.701038,884.3320963,1058.4441998370728
1167.73743,263.3182226,912.7710031,1025.762031,1054.255421,2576.195447,890.1727974,1043.4475837012997
1168.65174,249.3503532,983.6033694,1032.882095,1050.622437,1157.064485,914.6131531,1038.7955424494496
1169.565956,262.2701029,932.7350276,1046.122478,1013.58521,1145.706239,905.1276483,1047.1084558932607
1170.480076,261.107159,946.5134514,1026.625875,1042.450552,1147.289032,908.9298452,1046.40672059748
1171.394102,257.9018615,960.188469,1034.583237,1071.284655,1139.727842,952.2530271,1044.502539093882
1172.308034,250.6023926,966.6092287,1027.270919,1076.993616,1156.549931,919.8698935,1096.8826946538127
1173.22187,250.9099837,960.9951549,1048.268193,1025.458194,1150.417316,906.4495062,1042.3177582702049
1174.135611,263.4328314,972.2162609,1040.808206,1053.731326,1177.992095,916.5474362,1071.6248765802516
1175.049258,247.8000433,969.3061936,1093.703806,1027.026686,1090.718263,898.6483499,1053.8965698650552
1175.96281,242.6159783,943.7266423,1049.685457,1055.627073,1191.293967,944.7169116,1078.4032669869412
1176.876268,268.790418,947.2134655,1086.071984,1080.120905,1149.550164,977.9607089,1046.3981216271159
1177.78963,244.7837075,951.3860695,1058.417002,1051.479812,1146.618419,943.4578522,1057.4259751412828
1178.702898,261.8768535,995.9256094,1076.274189,1038.579794,1152.654938,971.1266649,1047.5074138226053
1179.616071,265.569913,967.150131,1061.28872,1072.188977,1192.091811,919.5853704,1114.7990751326372
1180.52915,255.5076262,975.3034291,1075.716932,1086.653056,1159.229152,968.3440774,1058.8156493090016
1181.442134,266.3254708,993.0276848,1074.212401,1099.953896,1152.426944,957.3856144,1117.7749313555892
1182.355023,254.2290854,998.0477765,1046.708812,1092.390601,1195.671167,963.2898937,1115.2314955024276
1183.267817,258.5605803,1030.279707,1107.550685,1074.859117,1198.690813,956.9713432,1093.681535126035
1184.180517,251.0959191,987.5116186,1101.646127,1087.751491,1170.126832,978.5793527,1083.7815954628275
1185.093123,252.2944451,977.5173009,1077.445689,1072.498739,1189.246757,957.7295013,1083.382028829181
1186.005633,257.6244094,999.6622837,1090.178968,1068.295814,1222.472584,986.7313288,1072.2745690358784
1186.91805,262.0393491,1031.154843,1056.158598,1098.164906,1187.178272,996.1495865,1108.1664074634102
1187.830371,248.6245685,1006.528495,1038.609085,1142.871001,1193.99944,930.3370952,1108.7853742063933
1188.742598,251.1650385,1080.710126,1116.733797,1126.740372,1243.817302,980.6443735,1112.7311666199714
1189.654731,234.1520106,1046.146966,1118.502952,1138.601837,1297.383029,1029.062913,1127.547450022509
1190.566769,271.4837772,1032.840496,1111.981523,1083.931539,1300.317132,1010.801222,1152.0529292096774
1191.478712,238.0368734,1059.712273,1118.474514,1108.514812,1216.079592,1005.929883,1138.3939174435995
1192.390561,233.8444504,1040.856575,1061.753313,1098.571376,1207.035397,1024.935251,1114.4926998425144
1193.302316,243.3586939,1027.292847,1141.990592,1122.043158,1233.748788,982.4111207,1162.935397736315
1194.213976,244.9648212,1046.577346,1111.303823,1124.249118,1227.811482,1011.724627,1138.1902058406913
1195.125542,240.5022606,1060.804577,1115.690985,1140.639352,1225.463801,1005.918169,1111.6992460562676
1196.037013,254.385199,1023.52633,1104.33104,1112.311752,1235.015201,1001.579372,1189.1261066125583
1196.94839,237.266833,1038.790084,1128.512836,1178.358809,1203.281796,1004.894822,1129.5097551809506
1197.859672,242.8952041,1086.060113,1155.743164,1161.715997,1204.521299,1016.377063,1121.8971105991732
1198.77086,251.0906306,1059.164049,1139.871751,1137.878969,1289.33046,1021.301176,1149.835665410569
1199.681954,242.0859417,1040.369336,1210.429708,1172.416213,1191.422961,1010.358682,1118.3970362203154
1200.592954,248.5890957,1117.14128,1154.379323,1172.495127,1275.151353,1023.542957,1186.585197701691
1201.503859,253.9084977,1089.479888,1191.65024,1186.592302,1284.716303,995.4022378,1172.4300748415321
1202.414669,261.9104663,1084.046409,1182.136429,1163.934157,1278.203974,1035.507017,1207.4173618131376
1203.325386,246.8001032,1069.129955,1200.621814,1187.472628,1350.320237,1108.577513,1180.392297097849
1204.236008,241.4203591,1141.717115,1227.220159,1214.143222,1301.658103,1034.083871,1176.9242503979704
1205.146535,249.918394,1127.631794,1177.615473,1158.621675,1318.569447,1062.653011,1207.6056799287935
1206.056969,228.6906606,1091.749328,1168.310984,1217.032037,1310.496916,1060.925804,1148.4248391210908
1206.967308,235.4866755,1127.752644,1173.458919,1183.395065,1279.775688,1030.378407,1189.3567534296446
1207.877553,241.4195851,1149.475144,1200.143452,1188.221497,1270.681685,1078.936911,1210.0784143195872
1208.787704,238.5545258,1134.127975,1237.501602,1246.447397,1287.200462,1063.555594,1225.573876083681
1209.697761,245.0681888,1160.587155,1227.333369,1217.371247,1331.935644,1105.795486,1203.4242769444015
1210.607723,245.9919524,1146.962477,1213.960286,1205.960547,1363.955378,1140.962674,1233.9596312249325
1211.517592,244.3948848,1189.922636,1215.964714,1239.001936,1362.200997,1130.827151,1231.9906077833675
1212.427366,234.9864247,1240.928311,1197.930795,1268.926693,1328.923227,1116.935474,1240.9283109782007
1213.337046,244.3783309,1227.900958,1252.939721,1219.888553,1359.104078,1144.772263,1264.9583276114597
1214.246631,248.5742197,1175.985666,1273.81809,1240.874518,1351.684713,1057.189151,1236.8813583151893
1215.156123,225.9685095,1192.556275,1237.351794,1230.383602,1374.724721,1135.815283,1227.397234446873
1216.065521,242.6187193,1258.833191,1277.725633,1258.833191,1353.295398,1093.772915,1260.821869330135
1216.974824,224.8202065,1210.646864,1307.140493,1315.09873,1337.978663,1131.06449,1241.4850342382813
1217.884034,229.6531552,1255.636082,1267.566116,1292.420354,1386.866457,1142.300759,1267.5661164612436
1218.793149,232.5782112,1291.657533,1308.626759,1308.626759,1420.424011,1115.976138,1253.72632299654
1219.70217,216.1260935,1258.734378,1325.77349,1315.767653,1447.84471,1149.670747,1302.7600635995675
1220.611097,233.8462287,1271.164115,1363.103658,1359.106287,1415.069487,1161.236401,1320.1319151556145
1221.519931,252.614937,1289.035114,1338.959014,1317.990976,1413.844865,1209.156873,1319.9879318725036
1222.42867,232.0282132,1340.162956,1341.163077,1322.160767,1431.174022,1170.142282,1327.1613747982774
1223.337315,226.9942354,1298.967012,1362.965387,1346.965793,1454.963051,1201.969476,1325.9663266709963
1224.245867,236.7175648,1315.430518,1369.366166,1358.379275,1474.241037,1209.55684,1351.3876169009773
1225.154324,222.1892381,1336.137986,1366.163559,1370.166968,1460.243686,1258.071497,1343.1439528106575
1226.062687,231.4664943,1344.71011,1392.807044,1356.734343,1440.903978,1209.437483,1369.7605962809268
1226.970957,224.1605271,1310.938797,1441.03196,1438.02981,1480.059909,1265.906548,1306.9359301348538
1227.879132,229.3177639,1381.914909,1431.98429,1415.962088,1502.081423,1253.737294,1374.9051956337785
1228.787214,226.8672974,1375.1956,1425.16637,1406.177478,1500.122526,1263.261074,1376.1950153927592
1229.695202,223.0986767,1397.354658,1403.330516,1420.262112,1540.775236,1235.010532,1359.5075613860188
1230.603096,230.9385414,1398.57177,1423.457389,1456.306406,1545.894633,1278.125376,1363.7319041812395
1231.510896,222.5900083,1380.256793,1472.671395,1490.558092,1534.281129,1290.823307,1424.973535573362
1232.418602,230.6949613,1409.912553,1450.506945,1451.497053,1475.259624,1268.327234,1437.6355528002114
1233.326214,238.1556875,1407.193772,1417.07575,1454.62727,1517.871933,1293.551016,1391.3826056571922
1234.233733,220.219334,1435.393587,1495.904305,1507.808053,1516.735864,1294.532572,1484.000557211232
1235.141158,221.2840783,1455.711852,1487.465621,1537.080885,1583.719233,1321.750638,1438.842661755471
1236.048489,234.9551772,1410.722435,1470.204759,1507.876897,1520.764733,1318.524834,1412.7051794140057
1236.955726,213.0772153,1451.71299,1519.419769,1478.596564,1558.251598,1304.351178,1426.820791979852
1237.862869,217.8165464,1462.767999,1503.733497,1451.777256,1567.679639,1318.88918,1438.7881961107785
1238.769919,220.4111614,1498.795898,1495.790291,1551.89495,1616.014561,1404.62022,1464.7323547034082
1239.676875,212.6823416,1487.773172,1584.082157,1550.975944,1670.358956,1377.419127,1524.8922603245035
1240.583737,234.3037488,1492.303705,1530.516334,1559.678603,1629.064691,1340.458786,1500.3484688888982
1241.490506,216.9135909,1504.335922,1528.437432,1542.496646,1582.66583,1384.832601,1535.46703922249
1242.397181,204.8442457,1540.348396,1595.576012,1567.460135,1652.811904,1426.88075,1510.2242425738457
1243.303762,223.185385,1557.293539,1580.312659,1503.248647,1686.400779,1409.170503,1516.2594543269488
1244.21025,220.5685652,1491.083423,1552.962387,1562.942865,1659.753502,1384.292308,1531.0053351637619
1245.116643,213.3732091,1519.536311,1596.310784,1599.301997,1655.137977,1427.805773,1553.4367278555974
1246.022944,209.4687469,1537.101614,1584.980185,1553.061137,1668.767683,1434.362181,1550.0687267812355
1246.92915,203.2834979,1562.492768,1641.215299,1633.243398,1690.043198,1458.858044,1554.5208664726858
1247.835264,211.4403175,1572.401234,1583.320687,1562.474459,1697.478605,1406.624084,1533.6868098032498
1248.741283,213.4855825,1572.21158,1642.043312,1647.031293,1688.930333,1436.538499,1581.1899452157763
1249.647209,205.0413679,1575.317827,1653.333567,1686.340226,1751.353342,1475.297647,1642.331346863542
1250.553041,209.4226135,1682.361662,1652.444146,1675.380908,1676.378159,1463.963794,1652.4441457782634
1251.45878,203.5691024,1648.413219,1637.489999,1653.378319,1728.84784,1451.795257,1586.8459785500584
1252.364426,208.2721777,1689.097326,1689.097326,1647.243587,1736.930171,1521.68237,1601.4037775093225
1253.269978,201.5712386,1681.423451,1675.436186,1721.338548,1775.223928,1494.820373,1646.497741146413
1254.175436,200.9191932,1697.866648,1688.914803,1722.732885,1768.48676,1505.8993,1627.246535404464
1255.080801,198.3898652,1691.796991,1719.711143,1686.812322,1738.652889,1484.43472,1641.9502916744025
1255.986072,199.3558904,1684.557274,1744.364041,1692.531509,1780.248101,1556.969504,1645.6828750400466
1256.89125,198.5641112,1668.337658,1759.138332,1729.204044,1847.943387,1515.672788,1696.2763268097042
1257.796335,197.6503397,1684.497367,1715.287119,1808.649591,1863.276569,1571.27054,1637.8161314145793
1258.701326,199.2637588,1722.987129,1802.296087,1759.667522,1812.209707,1591.135985,1703.1598890091755
1259.606223,192.6957822,1721.415654,1794.541233,1759.95481,1796.5176,1543.542624,1656.1955431210718
1260.511028,188.8026303,1695.24888,1855.234267,1761.82665,1798.593478,1566.068133,1728.04091592616
1261.415739,192.3094449,1707.985431,1820.000726,1807.114011,1846.765443,1619.760995,1736.7327189945784
1262.320356,195.1808286,1711.282417,1756.627458,1791.129119,1869.004298,1583.133388,1705.3678460563917
1263.22488,194.8196861,1712.830946,1765.244364,2071.813413,1886.883051,1554.601759,1682.1740406075378
1264.129311,195.2336968,1767.013611,1811.610141,1768.004645,1915.66871,1620.34058,1771.9687808503734
1265.033649,190.1862493,1744.364505,1852.334824,1819.646562,1878.089211,1592.809838,1764.17557260746
1265.937893,189.75954,1766.452682,1812.153932,1833.017547,1911.504477,1656.173577,1739.6280346773879
1266.842044,184.9648207,1770.093445,1948.097225,1781.032225,1896.386629,1682.583208,1835.7261237724208
1267.746102,196.6279577,1798.450664,1826.256637,1895.771572,1872.930951,1610.76034,1801.4298751120493
1268.650066,184.1149444,1818.382542,1841.149444,1831.250791,1965.87247,1706.527764,1831.2507906416713
1269.553937,178.3875449,1824.283678,1923.825899,1858.778507,1990.844424,1675.463129,1774.019783788725
1270.457715,179.2638206,1793.617789,1863.168234,1844.556143,1946.43285,1698.598169,1741.699852371561
1271.3614,174.6998923,1830.423029,1848.08931,1902.069614,1970.771819,1709.70344,1839.2561696091896
1272.264992,180.5125731,1824.746663,1879.685272,1892.438878,1916.965043,1731.547237,1916.9650428477914
1273.16849,187.0800862,1774.812126,1918.795229,1863.944523,1964.830643,1702.330836,1813.0117251219733
1274.071895,177.5166831,1845.781202,1910.511043,1856.569509,1992.894476,1687.879622,1852.64648844936
1274.975207,177.7345001,1853.937769,1974.718672,1916.783117,1996.32176,1748.868202,1886.3424013376043
1275.878426,170.9188733,1896.806577,1948.868073,1910.55867,2032.362925,1751.427305,1847.6919580570452
1276.781552,182.843589,1890.035602,1949.679767,1915.457705,2023.012758,1716.969745,1895.9022412581319
1277.684584,170.6136913,2001.278988,1897.341912,1959.115835,2043.442142,1787.521605,1911.0694501781027
1278.587524,188.3477435,1985.499129,1995.308907,2009.042597,2099.292557,1744.178583,1886.420368237784
1279.49037,174.9139037,1992.455026,2024.701723,2014.929997,2057.925593,1799.952014,1995.3865435814484
1280.393123,171.5839944,2063.882478,2051.208661,2015.137025,2068.757024,1809.431214,1969.3162996189444
1281.295784,173.8591701,2049.194038,2011.101299,2038.449932,2056.031197,1814.77718,1929.0553984198218
1282.198351,172.0829633,2078.606642,2064.99556,2052.356698,2094.162164,1786.940602,1917.2180997570156
1283.100825,175.1541574,2173.857709,2083.361394,2045.411326,2087.253709,1888.745664,1976.3227421791487
1284.003206,165.125133,2220.884185,2182.778385,2090.933637,2120.245791,1779.247735,2012.7678934929193
1284.905494,179.8685285,2241.513781,2148.646878,2151.579517,2114.432756,1930.654042,2029.3862233693308
1285.80769,176.9175146,2257.897562,2241.281,2147.446296,2261.807341,1983.235564,2033.0852503241058
1286.709792,183.2168646,2357.325006,2275.024383,2198.602375,2212.319146,2006.567587,2083.9693635369053
1287.611801,171.862539,2383.616238,2252.76635,2238.118974,2179.529472,1939.312514,2041.8441428794013
1288.513717,176.4263081,2426.841882,2394.497059,2237.673674,2314.125074,1985.776112,2129.8575966274907
1289.415541,168.3756751,2489.414778,2321.039103,2223.146269,2327.891602,2047.918095,2112.5273660275557
1290.317271,168.197842,2555.238146,2505.36553,2285.339283,2376.283465,2117.141441,2183.638262194486
1291.218909,170.2773539,2709.75858,2457.278365,2397.583431,2368.225266,2195.012096,2195.0120961436205
1292.120453,175.0570502,2696.269762,2593.582666,2481.115846,2514.366906,2183.812252,2254.22626116607
1293.021905,178.9308353,2731.612589,2642.147171,2501.141893,2529.342949,2210.379286,2255.1119946413514
1293.923264,177.8620002,2791.364287,2672.78962,2478.404921,2506.590702,2267.497521,2281.1044504179754
1294.82453,173.4633831,2948.877513,2696.478545,2592.205613,2583.434992,2276.463275,2306.673189823781
1295.725703,172.2980316,3002.074179,2815.174619,2671.106208,2693.495218,2378.102211,2391.7303037078577
1296.626784,176.3378243,3097.115709,2896.421832,2656.75827,2639.221912,2414.171981,2436.5795499791375
1297.527771,170.5284326,3205.934532,3037.354996,2731.378266,2756.713918,2417.60595,2482.8939780790984
1298.428666,169.9154051,3262.571083,3043.829412,2932.505526,2814.345963,2544.824975,2564.3554818176744
1299.329468,178.2882896,3422.550609,3160.476566,2939.321146,2890.608499,2602.229626,2630.4829615098115
1300.230178,172.4967668,3485.993982,3157.567934,3037.6973,2964.605449,2715.1186,2686.8564179925006
1301.130794,171.997816,3787.860993,3315.844259,3172.186992,3079.347262,2792.032729,2788.123687442775
1302.031318,175.6302353,3882.403923,3496.993129,3295.994082,3096.946482,2774.957718,2876.4329646398783
1302.931749,176.9998053,3988.330777,3508.87526,3351.325983,3177.243757,2941.892368,2980.7934238704593
1303.832088,177.3882789,4261.217338,3734.900466,3543.866935,3380.123908,3008.778116,2991.2342198374145
1304.732333,184.0993984,4383.31901,3805.694972,3602.114155,3478.407152,3110.208355,3123.8453479086666
1305.632486,178.247686,4563.722004,3985.385762,3763.544892,3569.797407,3284.988604,3254.9577442542545
1306.532547,183.143655,4756.889959,4157.070264,3847.954783,3719.075915,3377.013956,3338.2533938462175
1307.432514,164.7137377,4999.54639,4317.437735,3998.668208,3857.208174,3535.531934,3418.294508512237
1308.33239,170.3173775,5227.582235,4494.056257,4188.259147,4012.135496,3694.725837,3609.5671486591227
1309.232172,179.8505759,5533.789495,4614.230905,4338.653409,4087.249379,3802.002497,3758.490261280581
1310.131862,168.9043695,5925.24294,4920.553156,4549.740115,4315.797856,4042.056291,3876.064066118923
1311.031459,175.2575121,6294.665642,5281.09303,4841.975597,4602.456997,4259.731196,4098.1048237622745
1311.930964,178.1530783,6810.704566,5661.957941,5109.001939,4786.768775,4474.270753,4389.575027117355
1312.830376,170.309376,7221.117544,5893.677607,5323.384497,5027.532781,4722.922297,4465.025241415589
1313.729696,184.0229497,7540.072607,6225.622966,5653.107122,5290.903221,5003.671633,4712.54537926139
1314.628923,192.5263012,8056.933999,6646.046812,6024.711931,5479.220744,5301.279769,5038.743903504867
1315.528058,182.2128781,8945.970235,7098.507043,6445.658763,5949.68895,5622.29041,5420.58952345112
1316.4271,182.3096758,9635.948511,7655.046065,6931.688319,6323.00924,6125.997171,5689.826172759672
1317.326049,174.9690576,10406.26026,8346.708282,7380.957283,6701.608149,6421.071168,6116.097168222288
1318.224906,196.0236064,11343.8861,8921.034328,8077.152702,7244.052375,7076.452192,6575.611877124085
1319.123671,183.3087,12658.1029,9835.933132,8683.146869,7918.543735,7762.682327,7019.644922999969
1320.022343,193.4982772,13767.84442,10761.25444,9517.757898,8419.63062,8369.537157,7870.566980284484
1320.920923,201.1359346,15325.57707,11562.86336,10305.02791,9189.459335,9162.96826,8550.730098254931
1321.819411,196.4889704,17433.4839,12992.83317,11477.90321,10433.56433,10304.86405,9482.557712090069
1322.717805,208.9117567,19675.15157,14760.79813,13189.03279,11642.8887,11690.18948,10590.446456835867
1323.616108,205.162092,22891.35496,16865.70486,14801.26131,13027.79284,13403.59456,12104.563427511854
1324.514318,227.3441598,26399.36063,18953.83939,16906.76202,14931.21967,15214.41994,13709.244810328724
1325.412436,258.3683993,30726.34001,22537.52422,20087.41181,17239.50957,17836.19433,16066.614534459868
1326.310462,278.1137452,38128.02348,27265.91904,24214.50203,21214.00726,21916.14654,19487.547639634166
1327.208395,310.5584502,47132.84266,34223.73592,30311.08886,26074.25383,27032.21469,24412.425383601985
1328.106236,401.6811783,61030.19028,44021.13728,39195.11342,33399.98496,36043.08612,31597.29443324577
1329.003984,561.9530259,63936.79089,61768.97905,55496.76376,47379.6645,51324.06742,45262.584522212455
1329.901641,870.3546523,64305.17716,64305.17716,64305.17716,64305.17716,64305.17716,64305.17715660926
1330.799205,1595.509383,64266.56877,64266.56877,64266.56877,64266.56877,64266.56877,64266.56877043017
1331.696676,2586.308726,64421.79489,64421.79489,64421.79489,64421.79489,64421.79489,64421.79489168647
1332.594056,3008.838682,64250.32357,64250.32357,64250.32357,64250.32357,64250.32357,64250.323568233754
1333.491343,2154.335966,64174.73068,64174.73068,64174.73068,64174.73068,64174.73068,64174.7306819138
1334.388538,1178.706444,64211.57672,64211.57672,64211.57672,64211.57672,64211.57672,64211.57672436015
1335.285641,659.8314028,64252.67605,64252.67605,64252.67605,64252.67605,64252.67605,64252.676048750225
1336.182652,441.3112943,64127.1301,64127.1301,64127.1301,64127.1301,64127.1301,64127.13009814894
1337.07957,327.5386802,64267.2078,64267.2078,64267.2078,64267.2078,64267.2078,64267.20780454085
1337.976397,277.2132566,64422.59138,64422.59138,64422.59138,64422.59138,64422.59138,64422.59138203136
1338.873131,239.0115536,64459.35049,64459.35049,64459.35049,64459.35049,64459.35049,64459.35048556704
1339.769773,213.012118,64330.64127,64330.64127,64330.64127,64330.64127,64330.64127,64330.64127004243
1340.666323,209.2928434,64394.39667,64394.39667,64394.39667,64394.39667,64394.39667,64394.396673814284
1341.562781,203.6479112,64473.74812,64473.74812,64473.74812,64473.74812,64473.74812,64473.748120542805
1342.459146,203.3151256,64680.85803,64680.85803,64680.85803,64680.85803,64680.85803,64680.85802653341
1343.35542,196.7453183,64468.52216,64468.52216,64468.52216,64468.52216,64468.52216,64468.52216183598
1344.251602,183.1663387,64536.59143,64536.59143,64536.59143,64536.59143,64536.59143,64536.59143309423
1345.147691,186.7958019,64770.70306,64770.70306,64770.70306,64770.70306,64770.70306,64770.7030567107
1346.043689,180.5364569,64652.76886,64652.76886,64652.76886,64652.76886,64652.76886,64652.768861571545
1346.939594,192.2410715,55466.9713,64607.78779,64607.78779,64607.78779,64607.78779,64607.78778649911
1347.835408,176.2057801,43922.48995,64511.9877,64511.9877,64511.9877,64511.9877,64511.98769907336
1348.731129,178.663385,36033.73961,64688.97754,64688.97754,64688.97754,64688.97754,64688.97754160848
1349.626759,180.4526526,30323.93428,64622.75731,64622.75731,64622.75731,64622.75731,64622.75731265545
1350.522296,175.2445528,25769.80994,64520.51554,64520.51554,64520.51554,64520.51554,64520.515536829
1351.417742,170.8897986,22668.43357,64363.58017,64363.58017,64363.58017,64363.58017,64363.580171892594
1352.313096,172.9704206,21214.08078,64774.95151,64774.95151,64774.95151,64774.95151,64774.95150764888
1353.208358,179.5068156,18675.61293,50217.5248,64637.24812,64637.24812,64637.24812,64637.248117069495
1354.103527,166.0708174,15723.66361,38498.94961,64399.11845,64399.11845,64399.11845,64399.118454586314
1354.998605,172.1295246,13460.52883,31034.46149,64460.04798,64460.04798,64460.04798,64460.04797680029
1355.893591,162.7756525,12082.88601,26217.73176,64651.52961,64651.52961,64651.52961,64651.52961073861
1356.788486,159.6295803,10865.65051,22683.16629,48146.05508,64576.07743,64576.07743,64576.077433425395
1357.683288,169.2300094,9769.09746,19531.30765,34962.72316,64479.58526,64479.58526,64479.58525830588
1358.577999,178.0673352,9120.785994,17153.49203,27192.16103,64473.16472,64473.16472,64473.16472096512
1359.472617,164.5550995,8355.85176,15445.51608,22476.0588,59435.92244,64575.55956,64575.559559233116
1360.367144,167.5777785,7720.406832,13916.84163,19313.83185,41742.63888,64601.23362,64601.23361941423
1361.26158,170.3403898,7331.529146,12144.38363,16410.77038,31547.43404,64527.49967,64527.49967183909
1362.155923,160.4821925,6763.881364,10582.96372,14175.59882,24584.2966,44759.7634,64522.70236009322
1363.050175,162.3849793,6402.888939,9372.073681,12549.89852,20618.95576,31095.2473,64496.36130487352
1363.944334,165.318559,6160.084399,8731.378415,11300.70435,17823.89916,23583.47967,64488.99858072227
1364.838403,182.0003464,5736.454163,7993.258459,9991.327127,15278.19124,18752.92218,64472.39299671818
1365.732379,162.9284114,5521.899053,7326.871032,8794.208232,13164.81194,15420.2908,41975.658866867736
1366.626264,159.2896778,5191.663571,6833.72383,7938.918878,11800.21866,13134.51553,29210.973746146607
1367.520057,174.0530746,4975.346696,6590.282326,7226.169411,10701.29728,11657.60025,22219.457278775684
1368.413758,161.7771051,4735.926107,6088.343248,6587.484804,9613.900404,10156.44557,17495.6020490094
1369.307368,172.659056,4480.3063,5704.61597,6081.326638,8357.286921,8954.726496,14333.644701162486
1370.200886,168.2409314,4276.861573,5513.579998,5734.949645,7387.843006,7898.468991,12199.927191112945
1371.094312,164.099427,4160.460921,5146.040114,5469.325811,6887.262776,7223.32268,10865.936906210422
1371.987647,168.9965782,4020.546499,4934.307067,5017.822818,6358.004984,6414.009664,9505.074982981016
1372.88089,164.7680615,3759.079726,4577.000223,4726.968758,5831.013433,5795.494569,8325.226962360459
1373.774042,171.2220565,3714.429932,4422.081784,4453.752916,5500.879712,5376.174631,7570.390233858739
1374.667102,168.2542769,3576.88798,4260.792129,4211.305577,5186.190652,4978.347134,6846.95933832784
1375.56007,164.0643869,3521.915506,4096.638025,4199.053975,4938.835211,4618.661074,6321.947708856922
1376.452947,179.3174785,3372.357441,3900.402833,3904.365651,4635.505425,4374.950194,5729.242973327471
1377.345732,162.5861025,3253.704807,3768.230339,3705.773482,4339.264455,4023.014658,5233.4880185231395
1378.238426,170.7827552,3196.219123,3726.440002,3593.388321,4177.227042,3848.569531,4804.754375330041
1379.131028,160.6923637,3152.347727,3578.87684,3439.014968,4024.252589,3710.803287,4589.651646129498
1380.023539,170.9809943,3080.622887,3429.503181,3343.51852,3814.951666,3459.153065,4349.637896729982
1380.915958,158.8274454,2893.421723,3279.145519,3111.43952,3648.098715,3299.862142,4045.660581314601
1381.808286,167.3196739,2731.247618,3112.145934,3050.139231,3526.508185,3125.925201,3921.185768804805
1382.700523,161.411395,2743.993714,3125.869453,3020.55836,3271.533395,3003.826691,3746.9096377172255
1383.592667,158.8612928,2691.761533,3019.35128,2875.290728,3244.322551,2899.958631,3489.0281453626326
1384.484721,164.4582848,2621.484755,2919.873139,2721.93233,3204.474602,2727.841011,3279.3178935924475
1385.376683,164.7658746,2667.825897,2886.855982,2657.959677,4034.297372,2679.665361,3240.066658843723
1386.268554,168.5744933,2514.815979,2827.319572,2624.241527,2961.390514,2616.355001,3104.3337974368383
1387.160333,159.8509698,2517.159407,2730.294033,2545.774704,2861.529706,2508.278798,3050.98270741758
1388.052021,171.9408702,2454.333108,2703.892999,2471.035935,2751.053924,2409.137222,2833.585541246801
1388.943618,155.4676948,2377.278169,2554.393265,2380.230087,2729.540414,2335.951314,2700.021231847271
1389.835123,159.3587997,2335.295002,2547.773402,2428.74615,2667.78435,2313.653684,2706.1485053167835
1390.726537,160.9149226,2269.591454,2511.457442,2360.4146,2583.523634,2190.614805,2653.6154101788084
1391.61786,164.3030111,2221.534126,2461.593615,2279.581297,2555.0594,2110.359034,2568.8333048866234
1392.509091,165.0642601,2191.031548,2323.672471,2156.643161,2375.746315,2045.617795,2440.5929890440507
1393.400231,163.0576687,2192.438051,2398.715825,2152.164771,2382.017148,2059.830911,2413.4499514012687
1394.29128,166.687793,2133.406487,2310.943781,2195.54454,2378.013426,2033.788338,2333.6291020684102
1395.182237,169.7751905,2056.929476,2335.635569,2074.593946,2300.306627,2000.991985,2163.8976591669075
1396.073104,165.7687036,2045.134598,2269.756096,2001.975882,2180.496025,1873.480615,2190.304823691623
1396.963879,167.6046984,2000.474792,2195.523535,2028.898981,2227.868301,1881.877315,2182.781657069273
1397.854562,156.5630052,2031.380375,2159.387864,2021.533645,2243.085068,1860.047275,2102.2768302221143
1398.745155,165.6353144,1992.524226,2152.278997,1963.121507,2162.079903,1770.043656,2050.349572300305
1399.635657,164.2588345,1957.335813,2054.710811,1922.910309,2044.874952,1781.273948,2061.5959114608595
1400.526067,166.7560363,1986.271604,2086.917259,1905.360391,2093.824313,1719.856634,1955.6832181857335
1401.416386,163.3060959,1910.186455,2040.831332,1937.899004,2035.882662,1727.085681,1993.324103663417
1402.306614,164.5427729,1918.351969,1983.38085,1859.234805,2032.645153,1674.001025,1967.6162725339746
1403.196751,164.7869428,1873.834756,1972.509572,1816.603363,1972.509572,1638.001946,1887.6492306246885
1404.086796,159.6987706,1794.146682,1957.788632,1834.564272,1937.08694,1591.072937,1857.2375546335281
1404.976751,165.57048,1808.463278,1963.192834,1797.622354,1969.106066,1589.673716,1871.537747016432
1405.866615,164.5889154,1842.016065,1932.687803,1706.008458,1860.74175,1569.015289,1789.7812593014503
1406.756387,172.4989474,1757.517847,1857.074382,1688.518268,1922.131128,1507.147946,1773.2891788735417
1407.646069,166.6093353,1769.608029,1875.094413,1659.192375,1861.292456,1565.536239,1760.7353423886648
1408.535659,162.5167492,1701.008642,1829.052141,1669.490242,1826.097291,1536.521992,1758.1357413891521
1409.425158,163.7324522,1726.095129,1782.316513,1716.231728,1838.537897,1516.004693,1732.9995095631496
1410.314566,167.8660779,1716.183785,1776.418083,1692.485044,1783.330216,1455.49764,1686.560358991538
1411.203884,171.2501263,1719.430459,1749.127013,1560.058954,1805.550465,1434.343544,1685.7743649337942
1412.09311,164.8830152,1675.648474,1800.800642,1594.200237,1767.029422,1442.229747,1616.0522029610013
1412.982245,166.1503589,1674.437449,1807.755701,1608.773236,1790.842192,1436.653403,1694.3356958948107
1413.87129,164.2537045,1642.537045,1781.903825,1607.69535,1754.030469,1420.545675,1620.6365513803767
1414.760243,166.05808,1592.964336,1748.084459,1585.009458,1690.411593,1419.945738,1610.8628121177135
1415.649106,166.1471218,1651.522289,1696.292472,1585.859355,1705.246508,1407.773517,1596.8031770295
1416.537877,167.0463684,1587.934823,1771.884693,1594.895088,1702.28204,1382.109834,1577.9915868855192
1417.426558,158.4883721,1585.874273,1696.816134,1513.563954,1678.986192,1347.151163,1574.978197913909
1418.315148,161.0977675,1583.304439,1642.60423,1496.331411,1666.324147,1347.093602,1512.1446886864235
1419.203647,169.1002924,1581.236068,1580.247177,1549.591568,1624.747254,1301.380028,1552.5582402937152
1420.092055,162.9205577,1562.062559,1627.230782,1523.554064,1630.192974,1298.427475,1536.390228916891
1420.980372,158.3605729,1480.327095,1625.900789,1543.277881,1563.933608,1365.245188,1527.5401846132208
1421.868598,162.0154201,1517.412715,1584.58984,1483.824152,1606.323616,1290.195967,1479.872556634132
1422.756734,158.9220785,1592.182066,1606.988471,1469.782453,1590.207879,1260.518598,1553.6854134421617
1423.644778,163.1655846,1481.345732,1639.566905,1488.267908,1605.944906,1304.335795,1469.4791439933751
1424.532732,167.5072566,1506.579973,1588.362927,1438.591733,1618.908368,1268.128466,1485.887899887288
1425.420595,160.7007107,1382.22329,1553.768834,1473.911426,1524.192016,1275.746746,1440.391032286163
1426.308368,153.8725912,1450.939626,1534.780461,1440.089636,1536.753187,1242.817083,1405.5669392091138
1427.196049,158.0446393,1455.98624,1584.397509,1431.291765,1568.593045,1257.442662,1459.9373559111602
1428.08364,163.7119675,1475.380141,1545.401524,1444.807424,1468.476624,1208.115423,1430.014173843881
1428.97114,164.4660711,1423.72135,1529.732613,1484.157678,1559.455397,1258.26452,1411.832236897293
1429.85855,166.6937698,1475.438307,1502.228378,1439.718214,1499.251703,1217.459854,1419.8737174831797
1430.745868,170.5636016,1460.698751,1559.863635,1401.19982,1520.197681,1231.627867,1445.8240179946645
1431.633096,150.6980026,1420.725248,1507.97146,1376.110708,1523.834408,1241.275653,1432.6224590225609
1432.520234,166.0493363,1481.594971,1513.223416,1380.779303,1476.653027,1202.869299,1402.523858591585
1433.40728,161.5324703,1402.57462,1496.145258,1416.363977,1437.048013,1158.306007,1355.2968239810064
1434.294237,164.1184533,1409.256659,1466.255882,1379.774302,1446.600977,1161.604861,1323.7578237566277
1435.181102,169.7406319,1399.373349,1510.888997,1371.741153,1449.70342,1152.657315,1386.5441155141266
1436.067877,173.7026053,1388.633896,1501.145811,1425.150921,1440.942067,1139.923348,1346.1951913487815
1436.954561,168.1831144,1388.00535,1450.332034,1385.037413,1497.819031,1178.271113,1357.3366646135553
1437.841155,167.5271079,1425.467344,1497.831124,1373.920542,1481.97057,1146.916354,1341.2081477655115
1438.727658,176.8041756,1367.749157,1496.875802,1390.59464,1462.110936,1198.891236,1338.9439818453368
1439.61407,168.4945108,1304.600774,1452.402976,1271.098941,1403.135575,1133.150219,1345.9853902843174
1440.500392,180.6966447,1269.81358,1375.466809,1325.108728,1393.24025,1169.097417,1348.8066487473077
1441.386624,173.5320739,1356.705305,1438.541453,1313.322286,1405.018212,1160.495744,1334.0278179528455
1442.272765,184.7450668,1344.588428,1443.382581,1321.865772,1411.768452,1155.891595,1329.7693045110327
1443.158815,169.1673304,1343.445816,1422.588427,1336.520838,1380.049274,1103.050137,1354.3279254597735
1444.044775,181.3628787,1338.91393,1456.849353,1339.904983,1367.654495,1117.908892,1295.307554303859
1444.930644,180.9724506,1326.142384,1386.466534,1349.876476,1397.34466,1117.48016,1326.142384048951
1445.816423,175.8786568,1308.656446,1378.212977,1315.612099,1382.187636,1126.815801,1299.713463582518
1446.702112,173.8275466,1297.250147,1360.821364,1307.18315,1367.774466,1137.328805,1292.2836461079291
1447.58771,178.3559648,1366.404864,1358.477932,1287.135546,1400.094324,1089.953118,1306.9528754741266
1448.473218,181.751403,1315.959612,1411.30461,1315.959612,1385.482007,1128.249147,1305.03466427974
1449.358635,176.9924066,1325.45437,1356.278891,1323.465692,1408.978877,1066.926136,1259.8279725127925
1450.243962,172.5297726,1287.032442,1385.195933,1358.424072,1426.84105,1105.578715,1305.871899489981
1451.129198,179.0608685,1300.911835,1364.226175,1277.168957,1390.936913,1057.54734,1276.1796708567265
1452.014344,172.6483057,1289.901135,1341.49718,1231.359468,1359.35735,1080.540258,1267.0798070636267
1452.8994,173.764227,1261.031819,1399.050262,1330.53751,1356.353909,1054.500623,1258.053003735876
1453.784366,176.3316259,1319.515313,1327.44033,1288.805873,1356.168516,1104.54923,1251.1620422998203
